timesteps,reward
18,17.0
19,17.0
20,17.0
21,17.0
22,17.0
23,17.0
24,17.0
25,17.0
26,17.0
27,17.0
28,17.0
29,17.0
30,17.0
31,17.0
32,17.0
33,17.0
34,17.0
35,17.0
36,17.0
37,17.0
38,20.0
39,20.0
40,20.0
41,20.0
42,20.0
43,20.0
44,20.0
45,20.0
46,20.0
47,20.0
48,20.0
49,20.0
50,20.0
51,20.0
52,20.0
53,20.0
54,20.0
55,20.0
56,20.0
57,20.0
58,20.0
59,20.0
60,20.0
61,20.0
62,20.0
63,20.0
64,20.0
65,20.0
66,20.0
67,20.0
68,20.0
69,20.0
70,20.0
71,20.0
72,20.0
73,20.0
74,20.0
75,20.0
76,20.0
77,20.0
78,20.0
79,20.0
80,20.0
81,20.0
82,20.0
83,20.0
84,20.0
85,20.0
86,20.0
87,20.0
88,20.0
89,20.0
90,20.0
91,20.0
92,20.0
93,20.0
94,20.0
95,20.0
96,20.0
97,20.0
98,20.0
99,20.0
100,20.0
101,20.0
102,20.0
103,20.0
104,20.0
105,20.0
106,20.0
107,20.0
108,20.0
109,20.0
110,20.0
111,20.0
112,20.0
113,20.0
114,20.0
115,20.0
116,20.0
117,20.0
118,20.0
119,20.0
120,20.0
121,20.0
122,44.0
123,44.0
124,44.0
125,44.0
126,44.0
127,44.0
128,44.0
129,44.0
130,44.0
131,44.0
132,44.0
133,44.0
134,44.0
135,44.0
136,44.0
137,44.0
138,44.0
139,44.0
140,44.0
141,44.0
142,44.0
143,44.0
144,44.0
145,44.0
146,44.0
147,25.0
148,25.0
149,25.0
150,25.0
151,25.0
152,25.0
153,25.0
154,25.0
155,25.0
156,25.0
157,25.0
158,25.0
159,25.0
160,25.0
161,25.0
162,25.0
163,25.0
164,25.0
165,25.0
166,25.0
167,25.0
168,25.0
169,25.0
170,25.0
171,25.0
172,25.0
173,25.0
174,25.0
175,25.0
176,25.0
177,25.0
178,25.0
179,25.0
180,25.0
181,25.0
182,25.0
183,25.0
184,25.0
185,25.0
186,25.0
187,25.0
188,25.0
189,25.0
190,25.0
191,25.0
192,25.0
193,25.0
194,25.0
195,25.0
196,25.0
197,25.0
198,25.0
199,25.0
200,25.0
201,25.0
202,25.0
203,25.0
204,25.0
205,25.0
206,25.0
207,25.0
208,25.0
209,25.0
210,25.0
211,25.0
212,25.0
213,25.0
214,25.0
215,25.0
216,25.0
217,25.0
218,25.0
219,47.0
220,47.0
221,47.0
222,47.0
223,47.0
224,47.0
225,47.0
226,47.0
227,47.0
228,47.0
229,47.0
230,47.0
231,12.0
232,12.0
233,12.0
234,12.0
235,12.0
236,12.0
237,12.0
238,12.0
239,12.0
240,12.0
241,12.0
242,12.0
243,12.0
244,12.0
245,14.0
246,14.0
247,14.0
248,14.0
249,14.0
250,14.0
251,14.0
252,14.0
253,14.0
254,14.0
255,14.0
256,14.0
257,14.0
258,14.0
259,14.0
260,14.0
261,14.0
262,14.0
263,14.0
264,14.0
265,14.0
266,14.0
267,14.0
268,14.0
269,14.0
270,14.0
271,14.0
272,14.0
273,14.0
274,14.0
275,14.0
276,14.0
277,14.0
278,14.0
279,14.0
280,14.0
281,14.0
282,14.0
283,14.0
284,14.0
285,40.0
286,40.0
287,40.0
288,40.0
289,40.0
290,40.0
291,40.0
292,40.0
293,40.0
294,40.0
295,40.0
296,40.0
297,40.0
298,40.0
299,40.0
300,40.0
301,16.0
302,16.0
303,16.0
304,16.0
305,16.0
306,16.0
307,16.0
308,16.0
309,16.0
310,16.0
311,16.0
312,16.0
313,16.0
314,16.0
315,16.0
316,16.0
317,16.0
318,16.0
319,16.0
320,16.0
321,16.0
322,16.0
323,16.0
324,16.0
325,16.0
326,16.0
327,16.0
328,16.0
329,16.0
330,16.0
331,16.0
332,31.0
333,31.0
334,31.0
335,31.0
336,31.0
337,31.0
338,31.0
339,31.0
340,31.0
341,31.0
342,10.0
343,10.0
344,10.0
345,10.0
346,10.0
347,10.0
348,10.0
349,10.0
350,10.0
351,10.0
352,10.0
353,10.0
354,10.0
355,10.0
356,10.0
357,10.0
358,10.0
359,10.0
360,10.0
361,10.0
362,10.0
363,10.0
364,10.0
365,10.0
366,10.0
367,10.0
368,10.0
369,10.0
370,10.0
371,29.0
372,29.0
373,29.0
374,29.0
375,29.0
376,29.0
377,29.0
378,29.0
379,29.0
380,29.0
381,29.0
382,29.0
383,29.0
384,29.0
385,29.0
386,29.0
387,29.0
388,29.0
389,29.0
390,29.0
391,29.0
392,29.0
393,29.0
394,29.0
395,29.0
396,29.0
397,29.0
398,29.0
399,29.0
400,29.0
401,29.0
402,29.0
403,29.0
404,29.0
405,29.0
406,29.0
407,29.0
408,29.0
409,9.0
410,9.0
411,9.0
412,9.0
413,9.0
414,9.0
415,9.0
416,9.0
417,9.0
418,9.0
419,9.0
420,9.0
421,9.0
422,9.0
423,9.0
424,9.0
425,9.0
426,9.0
427,9.0
428,9.0
429,9.0
430,9.0
431,9.0
432,9.0
433,9.0
434,9.0
435,9.0
436,9.0
437,9.0
438,9.0
439,9.0
440,9.0
441,9.0
442,9.0
443,9.0
444,9.0
445,9.0
446,9.0
447,9.0
448,9.0
449,9.0
450,9.0
451,9.0
452,9.0
453,9.0
454,45.0
455,45.0
456,45.0
457,45.0
458,45.0
459,45.0
460,45.0
461,45.0
462,45.0
463,45.0
464,45.0
465,11.0
466,11.0
467,11.0
468,11.0
469,11.0
470,11.0
471,11.0
472,11.0
473,11.0
474,11.0
475,11.0
476,11.0
477,11.0
478,11.0
479,11.0
480,11.0
481,11.0
482,11.0
483,11.0
484,11.0
485,11.0
486,11.0
487,11.0
488,11.0
489,11.0
490,11.0
491,11.0
492,27.0
493,27.0
494,27.0
495,27.0
496,27.0
497,27.0
498,27.0
499,27.0
500,27.0
501,27.0
502,27.0
503,27.0
504,27.0
505,27.0
506,27.0
507,27.0
508,27.0
509,27.0
510,27.0
511,27.0
512,27.0
513,27.0
514,27.0
515,27.0
516,27.0
517,27.0
518,27.0
519,27.0
520,27.0
521,27.0
522,27.0
523,27.0
524,27.0
525,27.0
526,27.0
527,27.0
528,27.0
529,37.0
530,37.0
531,37.0
532,37.0
533,37.0
534,37.0
535,37.0
536,37.0
537,37.0
538,37.0
539,37.0
540,37.0
541,37.0
542,37.0
543,37.0
544,37.0
545,37.0
546,37.0
547,18.0
548,18.0
549,18.0
550,18.0
551,18.0
552,18.0
553,18.0
554,18.0
555,18.0
556,18.0
557,18.0
558,18.0
559,18.0
560,13.0
561,13.0
562,13.0
563,13.0
564,13.0
565,13.0
566,13.0
567,13.0
568,13.0
569,13.0
570,13.0
571,13.0
572,13.0
573,13.0
574,13.0
575,13.0
576,13.0
577,13.0
578,18.0
579,18.0
580,18.0
581,18.0
582,18.0
583,18.0
584,18.0
585,18.0
586,18.0
587,18.0
588,18.0
589,18.0
590,18.0
591,18.0
592,18.0
593,18.0
594,18.0
595,18.0
596,18.0
597,18.0
598,18.0
599,18.0
600,18.0
601,18.0
602,18.0
603,18.0
604,18.0
605,18.0
606,18.0
607,18.0
608,18.0
609,18.0
610,18.0
611,18.0
612,18.0
613,35.0
614,35.0
615,35.0
616,35.0
617,35.0
618,35.0
619,35.0
620,35.0
621,35.0
622,35.0
623,35.0
624,35.0
625,35.0
626,35.0
627,35.0
628,35.0
629,35.0
630,35.0
631,35.0
632,35.0
633,35.0
634,35.0
635,35.0
636,35.0
637,35.0
638,35.0
639,35.0
640,35.0
641,35.0
642,35.0
643,35.0
644,35.0
645,35.0
646,35.0
647,35.0
648,35.0
649,36.0
650,36.0
651,36.0
652,36.0
653,36.0
654,36.0
655,36.0
656,36.0
657,36.0
658,36.0
659,36.0
660,36.0
661,36.0
662,36.0
663,36.0
664,36.0
665,36.0
666,36.0
667,18.0
668,18.0
669,18.0
670,18.0
671,18.0
672,18.0
673,18.0
674,18.0
675,18.0
676,18.0
677,18.0
678,18.0
679,18.0
680,18.0
681,14.0
682,14.0
683,14.0
684,14.0
685,14.0
686,14.0
687,14.0
688,14.0
689,14.0
690,14.0
691,14.0
692,14.0
693,14.0
694,14.0
695,14.0
696,14.0
697,14.0
698,14.0
699,14.0
700,14.0
701,14.0
702,14.0
703,14.0
704,14.0
705,14.0
706,14.0
707,14.0
708,14.0
709,14.0
710,14.0
711,14.0
712,14.0
713,14.0
714,14.0
715,14.0
716,14.0
717,14.0
718,37.0
719,37.0
720,37.0
721,37.0
722,37.0
723,37.0
724,37.0
725,37.0
726,37.0
727,37.0
728,37.0
729,37.0
730,37.0
731,37.0
732,37.0
733,37.0
734,37.0
735,37.0
736,37.0
737,37.0
738,37.0
739,37.0
740,37.0
741,37.0
742,37.0
743,37.0
744,37.0
745,37.0
746,37.0
747,37.0
748,37.0
749,37.0
750,37.0
751,37.0
752,37.0
753,37.0
754,37.0
755,37.0
756,37.0
757,37.0
758,37.0
759,37.0
760,37.0
761,37.0
762,37.0
763,37.0
764,37.0
765,37.0
766,37.0
767,37.0
768,37.0
769,37.0
770,37.0
771,37.0
772,37.0
773,55.0
774,55.0
775,55.0
776,55.0
777,55.0
778,55.0
779,55.0
780,55.0
781,55.0
782,55.0
783,55.0
784,55.0
785,55.0
786,55.0
787,55.0
788,55.0
789,55.0
790,55.0
791,55.0
792,19.0
793,19.0
794,19.0
795,19.0
796,19.0
797,19.0
798,19.0
799,19.0
800,19.0
801,19.0
802,19.0
803,19.0
804,19.0
805,19.0
806,14.0
807,14.0
808,14.0
809,14.0
810,14.0
811,14.0
812,14.0
813,14.0
814,14.0
815,14.0
816,14.0
817,14.0
818,14.0
819,14.0
820,14.0
821,14.0
822,14.0
823,14.0
824,14.0
825,14.0
826,14.0
827,14.0
828,14.0
829,14.0
830,14.0
831,14.0
832,14.0
833,14.0
834,14.0
835,14.0
836,14.0
837,14.0
838,32.0
839,32.0
840,32.0
841,32.0
842,32.0
843,32.0
844,32.0
845,32.0
846,32.0
847,32.0
848,32.0
849,32.0
850,32.0
851,32.0
852,32.0
853,32.0
854,32.0
855,32.0
856,32.0
857,32.0
858,32.0
859,32.0
860,32.0
861,32.0
862,32.0
863,32.0
864,32.0
865,32.0
866,32.0
867,32.0
868,32.0
869,32.0
870,32.0
871,32.0
872,32.0
873,32.0
874,32.0
875,32.0
876,32.0
877,32.0
878,32.0
879,32.0
880,32.0
881,32.0
882,32.0
883,32.0
884,32.0
885,32.0
886,48.0
887,48.0
888,48.0
889,48.0
890,48.0
891,48.0
892,48.0
893,48.0
894,48.0
895,48.0
896,48.0
897,48.0
898,48.0
899,48.0
900,48.0
901,48.0
902,48.0
903,48.0
904,48.0
905,48.0
906,48.0
907,48.0
908,48.0
909,48.0
910,48.0
911,48.0
912,48.0
913,48.0
914,48.0
915,48.0
916,48.0
917,48.0
918,48.0
919,48.0
920,48.0
921,48.0
922,48.0
923,48.0
924,48.0
925,48.0
926,48.0
927,48.0
928,48.0
929,48.0
930,48.0
931,48.0
932,48.0
933,48.0
934,48.0
935,48.0
936,48.0
937,48.0
938,48.0
939,48.0
940,48.0
941,48.0
942,48.0
943,57.0
944,57.0
945,57.0
946,57.0
947,57.0
948,57.0
949,57.0
950,57.0
951,57.0
952,57.0
953,57.0
954,57.0
955,57.0
956,57.0
957,14.0
958,14.0
959,14.0
960,14.0
961,14.0
962,14.0
963,14.0
964,14.0
965,14.0
966,14.0
967,14.0
968,14.0
969,14.0
970,14.0
971,14.0
972,14.0
973,14.0
974,14.0
975,14.0
976,14.0
977,14.0
978,14.0
979,14.0
980,14.0
981,14.0
982,14.0
983,14.0
984,14.0
985,14.0
986,14.0
987,14.0
988,14.0
989,14.0
990,14.0
991,14.0
992,14.0
993,14.0
994,14.0
995,14.0
996,14.0
997,14.0
998,14.0
999,14.0
1000,14.0
1001,14.0
1002,14.0
1003,14.0
1004,14.0
1005,14.0
1006,14.0
1007,14.0
1008,14.0
1009,14.0
1010,14.0
1011,14.0
1012,14.0
1013,14.0
1014,14.0
1015,14.0
1016,14.0
1017,14.0
1018,14.0
1019,14.0
1020,14.0
1021,14.0
1022,14.0
1023,66.0
1024,66.0
1025,66.0
1026,66.0
1027,66.0
1028,66.0
1029,66.0
1030,66.0
1031,66.0
1032,66.0
1033,66.0
1034,66.0
1035,66.0
1036,66.0
1037,66.0
1038,66.0
1039,66.0
1040,66.0
1041,66.0
1042,66.0
1043,66.0
1044,21.0
1045,21.0
1046,21.0
1047,21.0
1048,21.0
1049,21.0
1050,21.0
1051,21.0
1052,21.0
1053,21.0
1054,21.0
1055,21.0
1056,21.0
1057,21.0
1058,21.0
1059,21.0
1060,21.0
1061,21.0
1062,21.0
1063,21.0
1064,21.0
1065,21.0
1066,21.0
1067,21.0
1068,21.0
1069,21.0
1070,21.0
1071,21.0
1072,21.0
1073,21.0
1074,21.0
1075,21.0
1076,21.0
1077,21.0
1078,21.0
1079,21.0
1080,21.0
1081,21.0
1082,21.0
1083,21.0
1084,21.0
1085,21.0
1086,21.0
1087,43.0
1088,43.0
1089,43.0
1090,43.0
1091,43.0
1092,43.0
1093,43.0
1094,43.0
1095,43.0
1096,43.0
1097,43.0
1098,43.0
1099,43.0
1100,43.0
1101,43.0
1102,43.0
1103,43.0
1104,43.0
1105,43.0
1106,43.0
1107,43.0
1108,43.0
1109,43.0
1110,43.0
1111,43.0
1112,43.0
1113,43.0
1114,43.0
1115,43.0
1116,43.0
1117,43.0
1118,43.0
1119,43.0
1120,43.0
1121,43.0
1122,43.0
1123,43.0
1124,43.0
1125,43.0
1126,43.0
1127,43.0
1128,43.0
1129,43.0
1130,43.0
1131,43.0
1132,43.0
1133,43.0
1134,43.0
1135,43.0
1136,43.0
1137,43.0
1138,51.0
1139,51.0
1140,51.0
1141,51.0
1142,51.0
1143,51.0
1144,51.0
1145,51.0
1146,51.0
1147,51.0
1148,51.0
1149,51.0
1150,51.0
1151,51.0
1152,51.0
1153,51.0
1154,51.0
1155,51.0
1156,51.0
1157,51.0
1158,20.0
1159,20.0
1160,20.0
1161,20.0
1162,20.0
1163,20.0
1164,20.0
1165,20.0
1166,20.0
1167,9.0
1168,9.0
1169,9.0
1170,9.0
1171,9.0
1172,9.0
1173,9.0
1174,9.0
1175,9.0
1176,9.0
1177,9.0
1178,9.0
1179,9.0
1180,9.0
1181,9.0
1182,9.0
1183,9.0
1184,9.0
1185,9.0
1186,9.0
1187,9.0
1188,9.0
1189,9.0
1190,9.0
1191,9.0
1192,9.0
1193,9.0
1194,9.0
1195,9.0
1196,9.0
1197,9.0
1198,9.0
1199,9.0
1200,9.0
1201,9.0
1202,9.0
1203,9.0
1204,9.0
1205,9.0
1206,9.0
1207,9.0
1208,41.0
1209,41.0
1210,41.0
1211,41.0
1212,41.0
1213,41.0
1214,41.0
1215,41.0
1216,41.0
1217,41.0
1218,41.0
1219,41.0
1220,41.0
1221,41.0
1222,41.0
1223,41.0
1224,41.0
1225,41.0
1226,41.0
1227,41.0
1228,41.0
1229,41.0
1230,41.0
1231,41.0
1232,41.0
1233,41.0
1234,41.0
1235,41.0
1236,28.0
1237,28.0
1238,28.0
1239,28.0
1240,28.0
1241,28.0
1242,28.0
1243,28.0
1244,28.0
1245,28.0
1246,28.0
1247,28.0
1248,28.0
1249,28.0
1250,28.0
1251,28.0
1252,28.0
1253,28.0
1254,28.0
1255,28.0
1256,28.0
1257,28.0
1258,28.0
1259,28.0
1260,28.0
1261,28.0
1262,28.0
1263,28.0
1264,28.0
1265,28.0
1266,30.0
1267,30.0
1268,30.0
1269,30.0
1270,30.0
1271,30.0
1272,30.0
1273,30.0
1274,30.0
1275,30.0
1276,30.0
1277,30.0
1278,30.0
1279,30.0
1280,14.0
1281,14.0
1282,14.0
1283,14.0
1284,14.0
1285,14.0
1286,14.0
1287,14.0
1288,14.0
1289,14.0
1290,14.0
1291,14.0
1292,14.0
1293,14.0
1294,14.0
1295,14.0
1296,14.0
1297,14.0
1298,14.0
1299,14.0
1300,14.0
1301,14.0
1302,14.0
1303,14.0
1304,14.0
1305,14.0
1306,14.0
1307,14.0
1308,14.0
1309,14.0
1310,14.0
1311,14.0
1312,14.0
1313,14.0
1314,14.0
1315,14.0
1316,14.0
1317,14.0
1318,14.0
1319,14.0
1320,14.0
1321,14.0
1322,14.0
1323,14.0
1324,14.0
1325,14.0
1326,14.0
1327,19.0
1328,19.0
1329,19.0
1330,19.0
1331,19.0
1332,19.0
1333,19.0
1334,19.0
1335,19.0
1336,19.0
1337,19.0
1338,19.0
1339,19.0
1340,19.0
1341,19.0
1342,19.0
1343,19.0
1344,19.0
1345,19.0
1346,19.0
1347,19.0
1348,19.0
1349,19.0
1350,19.0
1351,19.0
1352,19.0
1353,19.0
1354,19.0
1355,19.0
1356,19.0
1357,19.0
1358,19.0
1359,19.0
1360,19.0
1361,19.0
1362,19.0
1363,19.0
1364,19.0
1365,19.0
1366,19.0
1367,19.0
1368,19.0
1369,19.0
1370,19.0
1371,19.0
1372,45.0
1373,45.0
1374,45.0
1375,45.0
1376,45.0
1377,45.0
1378,45.0
1379,45.0
1380,45.0
1381,45.0
1382,45.0
1383,45.0
1384,45.0
1385,13.0
1386,13.0
1387,13.0
1388,13.0
1389,13.0
1390,13.0
1391,13.0
1392,13.0
1393,13.0
1394,13.0
1395,13.0
1396,13.0
1397,13.0
1398,13.0
1399,13.0
1400,13.0
1401,16.0
1402,16.0
1403,16.0
1404,16.0
1405,16.0
1406,16.0
1407,16.0
1408,16.0
1409,16.0
1410,16.0
1411,10.0
1412,10.0
1413,10.0
1414,10.0
1415,10.0
1416,10.0
1417,10.0
1418,10.0
1419,10.0
1420,10.0
1421,10.0
1422,10.0
1423,10.0
1424,13.0
1425,13.0
1426,13.0
1427,13.0
1428,13.0
1429,13.0
1430,13.0
1431,13.0
1432,13.0
1433,13.0
1434,13.0
1435,13.0
1436,13.0
1437,13.0
1438,13.0
1439,13.0
1440,13.0
1441,13.0
1442,13.0
1443,13.0
1444,13.0
1445,13.0
1446,13.0
1447,23.0
1448,23.0
1449,23.0
1450,23.0
1451,23.0
1452,23.0
1453,23.0
1454,23.0
1455,23.0
1456,23.0
1457,23.0
1458,23.0
1459,23.0
1460,13.0
1461,13.0
1462,13.0
1463,13.0
1464,13.0
1465,13.0
1466,13.0
1467,13.0
1468,13.0
1469,13.0
1470,13.0
1471,13.0
1472,13.0
1473,13.0
1474,13.0
1475,13.0
1476,13.0
1477,13.0
1478,13.0
1479,13.0
1480,13.0
1481,13.0
1482,13.0
1483,13.0
1484,13.0
1485,25.0
1486,25.0
1487,25.0
1488,25.0
1489,25.0
1490,25.0
1491,25.0
1492,25.0
1493,25.0
1494,25.0
1495,25.0
1496,25.0
1497,25.0
1498,25.0
1499,25.0
1500,25.0
1501,25.0
1502,25.0
1503,25.0
1504,25.0
1505,25.0
1506,25.0
1507,25.0
1508,25.0
1509,25.0
1510,25.0
1511,25.0
1512,25.0
1513,25.0
1514,25.0
1515,25.0
1516,25.0
1517,25.0
1518,25.0
1519,25.0
1520,25.0
1521,36.0
1522,36.0
1523,36.0
1524,36.0
1525,36.0
1526,36.0
1527,36.0
1528,36.0
1529,36.0
1530,36.0
1531,36.0
1532,11.0
1533,11.0
1534,11.0
1535,11.0
1536,11.0
1537,11.0
1538,11.0
1539,11.0
1540,11.0
1541,11.0
1542,11.0
1543,11.0
1544,11.0
1545,13.0
1546,13.0
1547,13.0
1548,13.0
1549,13.0
1550,13.0
1551,13.0
1552,13.0
1553,13.0
1554,13.0
1555,13.0
1556,13.0
1557,13.0
1558,13.0
1559,13.0
1560,15.0
1561,15.0
1562,15.0
1563,15.0
1564,15.0
1565,15.0
1566,15.0
1567,15.0
1568,15.0
1569,15.0
1570,15.0
1571,15.0
1572,15.0
1573,15.0
1574,15.0
1575,15.0
1576,15.0
1577,17.0
1578,17.0
1579,17.0
1580,17.0
1581,17.0
1582,17.0
1583,17.0
1584,17.0
1585,17.0
1586,17.0
1587,17.0
1588,17.0
1589,17.0
1590,17.0
1591,17.0
1592,17.0
1593,17.0
1594,17.0
1595,17.0
1596,17.0
1597,17.0
1598,17.0
1599,17.0
1600,17.0
1601,17.0
1602,17.0
1603,17.0
1604,17.0
1605,17.0
1606,17.0
1607,17.0
1608,17.0
1609,17.0
1610,33.0
1611,33.0
1612,33.0
1613,33.0
1614,33.0
1615,33.0
1616,33.0
1617,33.0
1618,33.0
1619,33.0
1620,33.0
1621,33.0
1622,33.0
1623,33.0
1624,33.0
1625,33.0
1626,33.0
1627,33.0
1628,33.0
1629,33.0
1630,33.0
1631,21.0
1632,21.0
1633,21.0
1634,21.0
1635,21.0
1636,21.0
1637,21.0
1638,21.0
1639,21.0
1640,21.0
1641,21.0
1642,21.0
1643,21.0
1644,21.0
1645,14.0
1646,14.0
1647,14.0
1648,14.0
1649,14.0
1650,14.0
1651,14.0
1652,14.0
1653,14.0
1654,14.0
1655,14.0
1656,14.0
1657,12.0
1658,12.0
1659,12.0
1660,12.0
1661,12.0
1662,12.0
1663,12.0
1664,12.0
1665,12.0
1666,12.0
1667,10.0
1668,10.0
1669,10.0
1670,10.0
1671,10.0
1672,10.0
1673,10.0
1674,10.0
1675,10.0
1676,10.0
1677,10.0
1678,10.0
1679,10.0
1680,10.0
1681,10.0
1682,10.0
1683,10.0
1684,17.0
1685,17.0
1686,17.0
1687,17.0
1688,17.0
1689,17.0
1690,17.0
1691,17.0
1692,17.0
1693,17.0
1694,17.0
1695,17.0
1696,17.0
1697,17.0
1698,17.0
1699,17.0
1700,17.0
1701,17.0
1702,17.0
1703,17.0
1704,17.0
1705,17.0
1706,17.0
1707,17.0
1708,17.0
1709,17.0
1710,17.0
1711,17.0
1712,17.0
1713,17.0
1714,17.0
1715,17.0
1716,17.0
1717,17.0
1718,34.0
1719,34.0
1720,34.0
1721,34.0
1722,34.0
1723,34.0
1724,34.0
1725,34.0
1726,34.0
1727,34.0
1728,34.0
1729,11.0
1730,11.0
1731,11.0
1732,11.0
1733,11.0
1734,11.0
1735,11.0
1736,11.0
1737,11.0
1738,11.0
1739,11.0
1740,11.0
1741,11.0
1742,11.0
1743,11.0
1744,11.0
1745,11.0
1746,11.0
1747,11.0
1748,11.0
1749,11.0
1750,11.0
1751,11.0
1752,11.0
1753,24.0
1754,24.0
1755,24.0
1756,24.0
1757,24.0
1758,24.0
1759,24.0
1760,24.0
1761,24.0
1762,24.0
1763,24.0
1764,24.0
1765,24.0
1766,24.0
1767,24.0
1768,24.0
1769,24.0
1770,24.0
1771,24.0
1772,24.0
1773,24.0
1774,24.0
1775,24.0
1776,24.0
1777,24.0
1778,24.0
1779,24.0
1780,24.0
1781,24.0
1782,24.0
1783,24.0
1784,24.0
1785,24.0
1786,24.0
1787,24.0
1788,24.0
1789,24.0
1790,24.0
1791,24.0
1792,24.0
1793,24.0
1794,24.0
1795,24.0
1796,24.0
1797,24.0
1798,24.0
1799,24.0
1800,24.0
1801,24.0
1802,24.0
1803,24.0
1804,24.0
1805,24.0
1806,24.0
1807,24.0
1808,24.0
1809,24.0
1810,24.0
1811,24.0
1812,59.0
1813,59.0
1814,59.0
1815,59.0
1816,59.0
1817,59.0
1818,59.0
1819,59.0
1820,59.0
1821,59.0
1822,59.0
1823,59.0
1824,59.0
1825,59.0
1826,59.0
1827,59.0
1828,59.0
1829,59.0
1830,59.0
1831,59.0
1832,59.0
1833,59.0
1834,59.0
1835,59.0
1836,59.0
1837,59.0
1838,59.0
1839,59.0
1840,59.0
1841,59.0
1842,59.0
1843,59.0
1844,59.0
1845,59.0
1846,59.0
1847,59.0
1848,59.0
1849,59.0
1850,59.0
1851,59.0
1852,59.0
1853,41.0
1854,41.0
1855,41.0
1856,41.0
1857,41.0
1858,41.0
1859,41.0
1860,41.0
1861,41.0
1862,41.0
1863,41.0
1864,11.0
1865,11.0
1866,11.0
1867,11.0
1868,11.0
1869,11.0
1870,11.0
1871,11.0
1872,11.0
1873,11.0
1874,11.0
1875,11.0
1876,11.0
1877,11.0
1878,11.0
1879,11.0
1880,11.0
1881,11.0
1882,11.0
1883,11.0
1884,11.0
1885,11.0
1886,11.0
1887,11.0
1888,11.0
1889,11.0
1890,11.0
1891,11.0
1892,28.0
1893,28.0
1894,28.0
1895,28.0
1896,28.0
1897,28.0
1898,28.0
1899,28.0
1900,28.0
1901,28.0
1902,28.0
1903,28.0
1904,28.0
1905,28.0
1906,28.0
1907,28.0
1908,28.0
1909,28.0
1910,28.0
1911,28.0
1912,28.0
1913,28.0
1914,28.0
1915,28.0
1916,28.0
1917,28.0
1918,28.0
1919,28.0
1920,28.0
1921,29.0
1922,29.0
1923,29.0
1924,29.0
1925,29.0
1926,29.0
1927,29.0
1928,29.0
1929,29.0
1930,29.0
1931,29.0
1932,29.0
1933,12.0
1934,12.0
1935,12.0
1936,12.0
1937,12.0
1938,12.0
1939,12.0
1940,12.0
1941,12.0
1942,12.0
1943,12.0
1944,11.0
1945,11.0
1946,11.0
1947,11.0
1948,11.0
1949,11.0
1950,11.0
1951,11.0
1952,11.0
1953,11.0
1954,11.0
1955,11.0
1956,11.0
1957,11.0
1958,11.0
1959,15.0
1960,15.0
1961,15.0
1962,15.0
1963,15.0
1964,15.0
1965,15.0
1966,15.0
1967,15.0
1968,15.0
1969,15.0
1970,15.0
1971,15.0
1972,15.0
1973,15.0
1974,15.0
1975,15.0
1976,15.0
1977,15.0
1978,15.0
1979,15.0
1980,15.0
1981,15.0
1982,15.0
1983,15.0
1984,15.0
1985,15.0
1986,15.0
1987,15.0
1988,15.0
1989,15.0
1990,15.0
1991,15.0
1992,15.0
1993,15.0
1994,15.0
1995,15.0
1996,15.0
1997,15.0
1998,15.0
1999,15.0
2000,15.0
2001,15.0
2002,15.0
2003,15.0
2004,30.0
2005,30.0
2006,30.0
2007,30.0
2008,30.0
2009,30.0
2010,30.0
2011,30.0
2012,30.0
2013,30.0
2014,10.0
2015,10.0
2016,10.0
2017,10.0
2018,10.0
2019,10.0
2020,10.0
2021,10.0
2022,10.0
2023,10.0
2024,10.0
2025,11.0
2026,11.0
2027,11.0
2028,11.0
2029,11.0
2030,11.0
2031,11.0
2032,11.0
2033,11.0
2034,11.0
2035,11.0
2036,11.0
2037,11.0
2038,11.0
2039,11.0
2040,11.0
2041,11.0
2042,11.0
2043,11.0
2044,11.0
2045,11.0
2046,21.0
2047,21.0
2048,21.0
2049,21.0
2050,21.0
2051,21.0
2052,21.0
2053,21.0
2054,21.0
2055,21.0
2056,21.0
2057,21.0
2058,21.0
2059,21.0
2060,21.0
2061,21.0
2062,21.0
2063,21.0
2064,21.0
2065,21.0
2066,21.0
2067,21.0
2068,21.0
2069,21.0
2070,21.0
2071,21.0
2072,21.0
2073,21.0
2074,21.0
2075,21.0
2076,21.0
2077,21.0
2078,21.0
2079,21.0
2080,21.0
2081,21.0
2082,21.0
2083,21.0
2084,21.0
2085,21.0
2086,21.0
2087,21.0
2088,21.0
2089,21.0
2090,21.0
2091,21.0
2092,21.0
2093,21.0
2094,21.0
2095,21.0
2096,21.0
2097,21.0
2098,21.0
2099,21.0
2100,21.0
2101,21.0
2102,21.0
2103,21.0
2104,21.0
2105,21.0
2106,21.0
2107,21.0
2108,21.0
2109,21.0
2110,21.0
2111,21.0
2112,21.0
2113,21.0
2114,21.0
2115,21.0
2116,21.0
2117,21.0
2118,21.0
2119,21.0
2120,21.0
2121,21.0
2122,21.0
2123,21.0
2124,21.0
2125,21.0
2126,21.0
2127,21.0
2128,21.0
2129,21.0
2130,21.0
2131,21.0
2132,21.0
2133,21.0
2134,21.0
2135,21.0
2136,21.0
2137,21.0
2138,21.0
2139,21.0
2140,21.0
2141,21.0
2142,21.0
2143,21.0
2144,21.0
2145,21.0
2146,21.0
2147,21.0
2148,21.0
2149,21.0
2150,21.0
2151,21.0
2152,21.0
2153,21.0
2154,21.0
2155,21.0
2156,21.0
2157,21.0
2158,21.0
2159,21.0
2160,21.0
2161,21.0
2162,21.0
2163,21.0
2164,21.0
2165,21.0
2166,21.0
2167,21.0
2168,21.0
2169,21.0
2170,21.0
2171,21.0
2172,21.0
2173,127.0
2174,127.0
2175,127.0
2176,127.0
2177,127.0
2178,127.0
2179,127.0
2180,127.0
2181,127.0
2182,127.0
2183,127.0
2184,127.0
2185,127.0
2186,127.0
2187,127.0
2188,127.0
2189,127.0
2190,127.0
2191,127.0
2192,127.0
2193,20.0
2194,20.0
2195,20.0
2196,20.0
2197,20.0
2198,20.0
2199,20.0
2200,20.0
2201,20.0
2202,20.0
2203,20.0
2204,20.0
2205,20.0
2206,20.0
2207,20.0
2208,20.0
2209,20.0
2210,20.0
2211,20.0
2212,20.0
2213,20.0
2214,20.0
2215,20.0
2216,20.0
2217,20.0
2218,20.0
2219,20.0
2220,20.0
2221,20.0
2222,20.0
2223,20.0
2224,20.0
2225,20.0
2226,20.0
2227,20.0
2228,20.0
2229,20.0
2230,20.0
2231,20.0
2232,20.0
2233,20.0
2234,20.0
2235,20.0
2236,43.0
2237,43.0
2238,43.0
2239,43.0
2240,43.0
2241,43.0
2242,43.0
2243,43.0
2244,43.0
2245,43.0
2246,43.0
2247,43.0
2248,43.0
2249,43.0
2250,43.0
2251,43.0
2252,43.0
2253,43.0
2254,43.0
2255,19.0
2256,19.0
2257,19.0
2258,19.0
2259,19.0
2260,19.0
2261,19.0
2262,19.0
2263,19.0
2264,19.0
2265,19.0
2266,19.0
2267,19.0
2268,19.0
2269,19.0
2270,19.0
2271,19.0
2272,19.0
2273,19.0
2274,19.0
2275,19.0
2276,19.0
2277,19.0
2278,23.0
2279,23.0
2280,23.0
2281,23.0
2282,23.0
2283,23.0
2284,23.0
2285,23.0
2286,23.0
2287,23.0
2288,23.0
2289,23.0
2290,23.0
2291,23.0
2292,23.0
2293,23.0
2294,23.0
2295,23.0
2296,23.0
2297,23.0
2298,23.0
2299,23.0
2300,23.0
2301,23.0
2302,23.0
2303,23.0
2304,23.0
2305,23.0
2306,23.0
2307,23.0
2308,23.0
2309,23.0
2310,23.0
2311,23.0
2312,23.0
2313,23.0
2314,23.0
2315,23.0
2316,23.0
2317,23.0
2318,23.0
2319,23.0
2320,23.0
2321,23.0
2322,23.0
2323,23.0
2324,23.0
2325,23.0
2326,23.0
2327,23.0
2328,23.0
2329,23.0
2330,23.0
2331,23.0
2332,23.0
2333,23.0
2334,23.0
2335,23.0
2336,23.0
2337,23.0
2338,23.0
2339,23.0
2340,23.0
2341,23.0
2342,23.0
2343,23.0
2344,23.0
2345,23.0
2346,23.0
2347,23.0
2348,23.0
2349,23.0
2350,23.0
2351,23.0
2352,23.0
2353,23.0
2354,23.0
2355,23.0
2356,23.0
2357,23.0
2358,23.0
2359,23.0
2360,23.0
2361,23.0
2362,23.0
2363,23.0
2364,23.0
2365,23.0
2366,23.0
2367,23.0
2368,23.0
2369,23.0
2370,23.0
2371,23.0
2372,23.0
2373,23.0
2374,23.0
2375,23.0
2376,23.0
2377,23.0
2378,23.0
2379,23.0
2380,23.0
2381,23.0
2382,23.0
2383,23.0
2384,23.0
2385,23.0
2386,23.0
2387,23.0
2388,23.0
2389,23.0
2390,23.0
2391,23.0
2392,23.0
2393,23.0
2394,23.0
2395,23.0
2396,23.0
2397,23.0
2398,23.0
2399,23.0
2400,23.0
2401,23.0
2402,23.0
2403,23.0
2404,23.0
2405,23.0
2406,23.0
2407,23.0
2408,23.0
2409,23.0
2410,23.0
2411,23.0
2412,23.0
2413,23.0
2414,23.0
2415,23.0
2416,23.0
2417,23.0
2418,23.0
2419,23.0
2420,23.0
2421,23.0
2422,144.0
2423,144.0
2424,144.0
2425,144.0
2426,144.0
2427,144.0
2428,144.0
2429,144.0
2430,144.0
2431,144.0
2432,144.0
2433,144.0
2434,144.0
2435,144.0
2436,14.0
2437,14.0
2438,14.0
2439,14.0
2440,14.0
2441,14.0
2442,14.0
2443,14.0
2444,14.0
2445,14.0
2446,14.0
2447,14.0
2448,14.0
2449,14.0
2450,14.0
2451,14.0
2452,14.0
2453,14.0
2454,14.0
2455,14.0
2456,14.0
2457,14.0
2458,14.0
2459,14.0
2460,14.0
2461,14.0
2462,26.0
2463,26.0
2464,26.0
2465,26.0
2466,26.0
2467,26.0
2468,26.0
2469,26.0
2470,26.0
2471,26.0
2472,26.0
2473,26.0
2474,26.0
2475,26.0
2476,26.0
2477,26.0
2478,26.0
2479,26.0
2480,26.0
2481,26.0
2482,26.0
2483,26.0
2484,26.0
2485,26.0
2486,26.0
2487,26.0
2488,26.0
2489,26.0
2490,26.0
2491,26.0
2492,26.0
2493,26.0
2494,26.0
2495,26.0
2496,26.0
2497,26.0
2498,26.0
2499,26.0
2500,26.0
2501,26.0
2502,26.0
2503,41.0
2504,41.0
2505,41.0
2506,41.0
2507,41.0
2508,41.0
2509,41.0
2510,41.0
2511,41.0
2512,41.0
2513,41.0
2514,41.0
2515,41.0
2516,41.0
2517,41.0
2518,41.0
2519,41.0
2520,41.0
2521,41.0
2522,41.0
2523,41.0
2524,41.0
2525,41.0
2526,41.0
2527,41.0
2528,41.0
2529,41.0
2530,41.0
2531,41.0
2532,41.0
2533,41.0
2534,31.0
2535,31.0
2536,31.0
2537,31.0
2538,31.0
2539,31.0
2540,31.0
2541,31.0
2542,31.0
2543,31.0
2544,31.0
2545,31.0
2546,31.0
2547,31.0
2548,31.0
2549,31.0
2550,31.0
2551,31.0
2552,31.0
2553,31.0
2554,31.0
2555,31.0
2556,31.0
2557,31.0
2558,31.0
2559,31.0
2560,31.0
2561,31.0
2562,31.0
2563,31.0
2564,31.0
2565,31.0
2566,31.0
2567,31.0
2568,31.0
2569,31.0
2570,31.0
2571,31.0
2572,31.0
2573,31.0
2574,31.0
2575,41.0
2576,41.0
2577,41.0
2578,41.0
2579,41.0
2580,41.0
2581,41.0
2582,41.0
2583,41.0
2584,41.0
2585,41.0
2586,41.0
2587,41.0
2588,41.0
2589,14.0
2590,14.0
2591,14.0
2592,14.0
2593,14.0
2594,14.0
2595,14.0
2596,14.0
2597,14.0
2598,14.0
2599,14.0
2600,14.0
2601,14.0
2602,14.0
2603,14.0
2604,14.0
2605,14.0
2606,14.0
2607,14.0
2608,14.0
2609,14.0
2610,14.0
2611,14.0
2612,14.0
2613,14.0
2614,14.0
2615,14.0
2616,14.0
2617,14.0
2618,14.0
2619,14.0
2620,14.0
2621,14.0
2622,14.0
2623,14.0
2624,14.0
2625,14.0
2626,14.0
2627,14.0
2628,14.0
2629,14.0
2630,14.0
2631,14.0
2632,14.0
2633,14.0
2634,14.0
2635,14.0
2636,14.0
2637,14.0
2638,14.0
2639,14.0
2640,14.0
2641,14.0
2642,14.0
2643,14.0
2644,14.0
2645,14.0
2646,14.0
2647,14.0
2648,14.0
2649,14.0
2650,14.0
2651,14.0
2652,14.0
2653,14.0
2654,14.0
2655,14.0
2656,14.0
2657,14.0
2658,14.0
2659,14.0
2660,14.0
2661,14.0
2662,14.0
2663,14.0
2664,14.0
2665,76.0
2666,76.0
2667,76.0
2668,76.0
2669,76.0
2670,76.0
2671,76.0
2672,76.0
2673,76.0
2674,76.0
2675,76.0
2676,76.0
2677,76.0
2678,76.0
2679,76.0
2680,76.0
2681,76.0
2682,76.0
2683,76.0
2684,76.0
2685,76.0
2686,76.0
2687,76.0
2688,76.0
2689,76.0
2690,76.0
2691,76.0
2692,76.0
2693,76.0
2694,76.0
2695,76.0
2696,76.0
2697,76.0
2698,76.0
2699,76.0
2700,76.0
2701,76.0
2702,76.0
2703,76.0
2704,76.0
2705,76.0
2706,76.0
2707,76.0
2708,76.0
2709,76.0
2710,76.0
2711,76.0
2712,76.0
2713,76.0
2714,76.0
2715,76.0
2716,76.0
2717,76.0
2718,76.0
2719,76.0
2720,76.0
2721,76.0
2722,76.0
2723,76.0
2724,59.0
2725,59.0
2726,59.0
2727,59.0
2728,59.0
2729,59.0
2730,59.0
2731,59.0
2732,59.0
2733,59.0
2734,59.0
2735,59.0
2736,59.0
2737,59.0
2738,59.0
2739,59.0
2740,59.0
2741,59.0
2742,59.0
2743,59.0
2744,59.0
2745,59.0
2746,59.0
2747,59.0
2748,59.0
2749,25.0
2750,25.0
2751,25.0
2752,25.0
2753,25.0
2754,25.0
2755,25.0
2756,25.0
2757,25.0
2758,25.0
2759,25.0
2760,25.0
2761,25.0
2762,25.0
2763,25.0
2764,25.0
2765,25.0
2766,25.0
2767,25.0
2768,25.0
2769,25.0
2770,25.0
2771,25.0
2772,25.0
2773,25.0
2774,25.0
2775,25.0
2776,25.0
2777,25.0
2778,25.0
2779,25.0
2780,25.0
2781,25.0
2782,25.0
2783,25.0
2784,25.0
2785,25.0
2786,25.0
2787,25.0
2788,25.0
2789,25.0
2790,41.0
2791,41.0
2792,41.0
2793,41.0
2794,41.0
2795,41.0
2796,41.0
2797,41.0
2798,41.0
2799,41.0
2800,41.0
2801,41.0
2802,41.0
2803,41.0
2804,41.0
2805,41.0
2806,41.0
2807,41.0
2808,41.0
2809,41.0
2810,41.0
2811,41.0
2812,41.0
2813,41.0
2814,41.0
2815,41.0
2816,41.0
2817,41.0
2818,41.0
2819,41.0
2820,30.0
2821,30.0
2822,30.0
2823,30.0
2824,30.0
2825,30.0
2826,30.0
2827,30.0
2828,30.0
2829,30.0
2830,30.0
2831,30.0
2832,30.0
2833,30.0
2834,30.0
2835,30.0
2836,16.0
2837,16.0
2838,16.0
2839,16.0
2840,16.0
2841,16.0
2842,16.0
2843,16.0
2844,16.0
2845,16.0
2846,16.0
2847,16.0
2848,16.0
2849,16.0
2850,16.0
2851,16.0
2852,16.0
2853,16.0
2854,16.0
2855,16.0
2856,20.0
2857,20.0
2858,20.0
2859,20.0
2860,20.0
2861,20.0
2862,20.0
2863,20.0
2864,20.0
2865,20.0
2866,20.0
2867,20.0
2868,20.0
2869,20.0
2870,20.0
2871,20.0
2872,20.0
2873,20.0
2874,20.0
2875,20.0
2876,20.0
2877,20.0
2878,20.0
2879,20.0
2880,20.0
2881,20.0
2882,20.0
2883,20.0
2884,20.0
2885,20.0
2886,20.0
2887,20.0
2888,20.0
2889,20.0
2890,20.0
2891,20.0
2892,20.0
2893,20.0
2894,20.0
2895,20.0
2896,20.0
2897,20.0
2898,20.0
2899,20.0
2900,20.0
2901,20.0
2902,20.0
2903,20.0
2904,20.0
2905,20.0
2906,20.0
2907,20.0
2908,20.0
2909,20.0
2910,20.0
2911,20.0
2912,20.0
2913,20.0
2914,20.0
2915,20.0
2916,60.0
2917,60.0
2918,60.0
2919,60.0
2920,60.0
2921,60.0
2922,60.0
2923,60.0
2924,60.0
2925,60.0
2926,60.0
2927,60.0
2928,60.0
2929,60.0
2930,60.0
2931,60.0
2932,60.0
2933,60.0
2934,60.0
2935,60.0
2936,60.0
2937,60.0
2938,60.0
2939,60.0
2940,60.0
2941,60.0
2942,60.0
2943,60.0
2944,60.0
2945,60.0
2946,60.0
2947,60.0
2948,60.0
2949,60.0
2950,60.0
2951,60.0
2952,60.0
2953,60.0
2954,60.0
2955,60.0
2956,60.0
2957,60.0
2958,60.0
2959,60.0
2960,60.0
2961,60.0
2962,60.0
2963,47.0
2964,47.0
2965,47.0
2966,47.0
2967,47.0
2968,47.0
2969,47.0
2970,47.0
2971,47.0
2972,47.0
2973,47.0
2974,47.0
2975,47.0
2976,47.0
2977,47.0
2978,47.0
2979,47.0
2980,47.0
2981,47.0
2982,47.0
2983,47.0
2984,47.0
2985,47.0
2986,47.0
2987,47.0
2988,47.0
2989,47.0
2990,47.0
2991,47.0
2992,47.0
2993,47.0
2994,47.0
2995,47.0
2996,33.0
2997,33.0
2998,33.0
2999,33.0
3000,33.0
3001,33.0
3002,33.0
3003,33.0
3004,33.0
3005,33.0
3006,33.0
3007,33.0
3008,33.0
3009,33.0
3010,33.0
3011,33.0
3012,33.0
3013,33.0
3014,33.0
3015,33.0
3016,33.0
3017,33.0
3018,33.0
3019,23.0
3020,23.0
3021,23.0
3022,23.0
3023,23.0
3024,23.0
3025,23.0
3026,23.0
3027,23.0
3028,23.0
3029,23.0
3030,23.0
3031,23.0
3032,23.0
3033,23.0
3034,23.0
3035,23.0
3036,17.0
3037,17.0
3038,17.0
3039,17.0
3040,17.0
3041,17.0
3042,17.0
3043,17.0
3044,17.0
3045,17.0
3046,17.0
3047,17.0
3048,17.0
3049,17.0
3050,17.0
3051,17.0
3052,17.0
3053,17.0
3054,17.0
3055,17.0
3056,17.0
3057,17.0
3058,17.0
3059,17.0
3060,17.0
3061,17.0
3062,17.0
3063,17.0
3064,17.0
3065,29.0
3066,29.0
3067,29.0
3068,29.0
3069,29.0
3070,29.0
3071,29.0
3072,29.0
3073,29.0
3074,29.0
3075,29.0
3076,29.0
3077,29.0
3078,29.0
3079,29.0
3080,29.0
3081,29.0
3082,17.0
3083,17.0
3084,17.0
3085,17.0
3086,17.0
3087,17.0
3088,17.0
3089,17.0
3090,17.0
3091,17.0
3092,17.0
3093,17.0
3094,17.0
3095,17.0
3096,17.0
3097,17.0
3098,17.0
3099,17.0
3100,17.0
3101,17.0
3102,17.0
3103,17.0
3104,17.0
3105,17.0
3106,17.0
3107,17.0
3108,17.0
3109,17.0
3110,17.0
3111,17.0
3112,17.0
3113,17.0
3114,17.0
3115,17.0
3116,17.0
3117,35.0
3118,35.0
3119,35.0
3120,35.0
3121,35.0
3122,35.0
3123,35.0
3124,35.0
3125,35.0
3126,35.0
3127,35.0
3128,35.0
3129,35.0
3130,35.0
3131,35.0
3132,35.0
3133,35.0
3134,35.0
3135,35.0
3136,35.0
3137,35.0
3138,35.0
3139,35.0
3140,35.0
3141,35.0
3142,35.0
3143,35.0
3144,35.0
3145,35.0
3146,35.0
3147,35.0
3148,35.0
3149,35.0
3150,35.0
3151,35.0
3152,35.0
3153,35.0
3154,35.0
3155,35.0
3156,35.0
3157,35.0
3158,35.0
3159,35.0
3160,35.0
3161,35.0
3162,35.0
3163,35.0
3164,47.0
3165,47.0
3166,47.0
3167,47.0
3168,47.0
3169,47.0
3170,47.0
3171,47.0
3172,47.0
3173,47.0
3174,47.0
3175,47.0
3176,47.0
3177,47.0
3178,47.0
3179,47.0
3180,47.0
3181,47.0
3182,47.0
3183,47.0
3184,47.0
3185,47.0
3186,47.0
3187,47.0
3188,47.0
3189,47.0
3190,47.0
3191,47.0
3192,47.0
3193,47.0
3194,47.0
3195,31.0
3196,31.0
3197,31.0
3198,31.0
3199,31.0
3200,31.0
3201,31.0
3202,31.0
3203,31.0
3204,31.0
3205,31.0
3206,31.0
3207,31.0
3208,31.0
3209,31.0
3210,31.0
3211,31.0
3212,31.0
3213,31.0
3214,31.0
3215,31.0
3216,31.0
3217,31.0
3218,31.0
3219,31.0
3220,31.0
3221,31.0
3222,31.0
3223,31.0
3224,31.0
3225,31.0
3226,31.0
3227,31.0
3228,31.0
3229,31.0
3230,31.0
3231,31.0
3232,31.0
3233,31.0
3234,39.0
3235,39.0
3236,39.0
3237,39.0
3238,39.0
3239,39.0
3240,39.0
3241,39.0
3242,39.0
3243,39.0
3244,39.0
3245,39.0
3246,39.0
3247,39.0
3248,39.0
3249,39.0
3250,39.0
3251,39.0
3252,39.0
3253,39.0
3254,39.0
3255,39.0
3256,39.0
3257,39.0
3258,39.0
3259,39.0
3260,39.0
3261,39.0
3262,39.0
3263,39.0
3264,39.0
3265,39.0
3266,39.0
3267,39.0
3268,39.0
3269,39.0
3270,39.0
3271,39.0
3272,39.0
3273,39.0
3274,39.0
3275,39.0
3276,39.0
3277,39.0
3278,39.0
3279,39.0
3280,39.0
3281,39.0
3282,39.0
3283,39.0
3284,39.0
3285,39.0
3286,39.0
3287,39.0
3288,39.0
3289,39.0
3290,39.0
3291,39.0
3292,39.0
3293,39.0
3294,39.0
3295,39.0
3296,39.0
3297,39.0
3298,39.0
3299,39.0
3300,39.0
3301,39.0
3302,39.0
3303,39.0
3304,39.0
3305,39.0
3306,39.0
3307,39.0
3308,39.0
3309,39.0
3310,39.0
3311,39.0
3312,39.0
3313,39.0
3314,80.0
3315,80.0
3316,80.0
3317,80.0
3318,80.0
3319,80.0
3320,80.0
3321,80.0
3322,80.0
3323,80.0
3324,80.0
3325,80.0
3326,80.0
3327,80.0
3328,80.0
3329,80.0
3330,80.0
3331,80.0
3332,80.0
3333,80.0
3334,80.0
3335,80.0
3336,80.0
3337,80.0
3338,24.0
3339,24.0
3340,24.0
3341,24.0
3342,24.0
3343,24.0
3344,24.0
3345,24.0
3346,24.0
3347,24.0
3348,24.0
3349,24.0
3350,24.0
3351,24.0
3352,24.0
3353,24.0
3354,16.0
3355,16.0
3356,16.0
3357,16.0
3358,16.0
3359,16.0
3360,16.0
3361,16.0
3362,16.0
3363,16.0
3364,16.0
3365,16.0
3366,16.0
3367,16.0
3368,16.0
3369,16.0
3370,16.0
3371,16.0
3372,16.0
3373,16.0
3374,16.0
3375,16.0
3376,16.0
3377,16.0
3378,16.0
3379,16.0
3380,16.0
3381,16.0
3382,16.0
3383,16.0
3384,16.0
3385,16.0
3386,16.0
3387,16.0
3388,16.0
3389,16.0
3390,16.0
3391,16.0
3392,16.0
3393,16.0
3394,16.0
3395,16.0
3396,16.0
3397,16.0
3398,16.0
3399,16.0
3400,16.0
3401,16.0
3402,16.0
3403,16.0
3404,16.0
3405,16.0
3406,16.0
3407,16.0
3408,16.0
3409,16.0
3410,16.0
3411,16.0
3412,16.0
3413,16.0
3414,16.0
3415,16.0
3416,16.0
3417,16.0
3418,16.0
3419,16.0
3420,16.0
3421,16.0
3422,16.0
3423,16.0
3424,16.0
3425,16.0
3426,16.0
3427,16.0
3428,74.0
3429,74.0
3430,74.0
3431,74.0
3432,74.0
3433,74.0
3434,74.0
3435,74.0
3436,74.0
3437,74.0
3438,74.0
3439,74.0
3440,74.0
3441,74.0
3442,74.0
3443,74.0
3444,74.0
3445,74.0
3446,74.0
3447,74.0
3448,74.0
3449,74.0
3450,74.0
3451,74.0
3452,74.0
3453,74.0
3454,74.0
3455,74.0
3456,74.0
3457,74.0
3458,74.0
3459,74.0
3460,74.0
3461,74.0
3462,74.0
3463,74.0
3464,74.0
3465,74.0
3466,74.0
3467,74.0
3468,74.0
3469,74.0
3470,74.0
3471,74.0
3472,74.0
3473,74.0
3474,74.0
3475,74.0
3476,74.0
3477,74.0
3478,50.0
3479,50.0
3480,50.0
3481,50.0
3482,50.0
3483,50.0
3484,50.0
3485,50.0
3486,50.0
3487,50.0
3488,50.0
3489,50.0
3490,50.0
3491,50.0
3492,50.0
3493,50.0
3494,50.0
3495,50.0
3496,50.0
3497,50.0
3498,50.0
3499,50.0
3500,50.0
3501,50.0
3502,50.0
3503,50.0
3504,50.0
3505,50.0
3506,50.0
3507,50.0
3508,50.0
3509,50.0
3510,32.0
3511,32.0
3512,32.0
3513,32.0
3514,32.0
3515,32.0
3516,32.0
3517,32.0
3518,32.0
3519,32.0
3520,32.0
3521,32.0
3522,32.0
3523,32.0
3524,32.0
3525,32.0
3526,32.0
3527,32.0
3528,32.0
3529,32.0
3530,32.0
3531,32.0
3532,32.0
3533,32.0
3534,32.0
3535,32.0
3536,32.0
3537,32.0
3538,32.0
3539,32.0
3540,32.0
3541,31.0
3542,31.0
3543,31.0
3544,31.0
3545,31.0
3546,31.0
3547,31.0
3548,31.0
3549,31.0
3550,31.0
3551,31.0
3552,31.0
3553,31.0
3554,31.0
3555,31.0
3556,31.0
3557,31.0
3558,31.0
3559,31.0
3560,31.0
3561,31.0
3562,31.0
3563,31.0
3564,31.0
3565,31.0
3566,31.0
3567,31.0
3568,31.0
3569,31.0
3570,31.0
3571,31.0
3572,31.0
3573,31.0
3574,31.0
3575,31.0
3576,31.0
3577,31.0
3578,31.0
3579,31.0
3580,31.0
3581,31.0
3582,31.0
3583,31.0
3584,31.0
3585,31.0
3586,31.0
3587,31.0
3588,31.0
3589,31.0
3590,31.0
3591,31.0
3592,31.0
3593,31.0
3594,31.0
3595,31.0
3596,31.0
3597,31.0
3598,31.0
3599,31.0
3600,31.0
3601,31.0
3602,31.0
3603,31.0
3604,31.0
3605,31.0
3606,31.0
3607,31.0
3608,31.0
3609,31.0
3610,31.0
3611,31.0
3612,31.0
3613,31.0
3614,31.0
3615,31.0
3616,31.0
3617,31.0
3618,31.0
3619,31.0
3620,31.0
3621,31.0
3622,31.0
3623,31.0
3624,31.0
3625,31.0
3626,31.0
3627,31.0
3628,31.0
3629,31.0
3630,31.0
3631,90.0
3632,90.0
3633,90.0
3634,90.0
3635,90.0
3636,90.0
3637,90.0
3638,90.0
3639,90.0
3640,90.0
3641,90.0
3642,90.0
3643,90.0
3644,90.0
3645,90.0
3646,90.0
3647,90.0
3648,90.0
3649,90.0
3650,90.0
3651,90.0
3652,90.0
3653,90.0
3654,90.0
3655,90.0
3656,90.0
3657,90.0
3658,27.0
3659,27.0
3660,27.0
3661,27.0
3662,27.0
3663,27.0
3664,27.0
3665,27.0
3666,27.0
3667,27.0
3668,27.0
3669,27.0
3670,27.0
3671,27.0
3672,27.0
3673,27.0
3674,27.0
3675,27.0
3676,27.0
3677,27.0
3678,27.0
3679,27.0
3680,27.0
3681,23.0
3682,23.0
3683,23.0
3684,23.0
3685,23.0
3686,23.0
3687,23.0
3688,23.0
3689,23.0
3690,23.0
3691,23.0
3692,23.0
3693,23.0
3694,23.0
3695,23.0
3696,23.0
3697,23.0
3698,23.0
3699,23.0
3700,23.0
3701,20.0
3702,20.0
3703,20.0
3704,20.0
3705,20.0
3706,20.0
3707,20.0
3708,20.0
3709,20.0
3710,20.0
3711,20.0
3712,20.0
3713,20.0
3714,20.0
3715,20.0
3716,20.0
3717,20.0
3718,20.0
3719,20.0
3720,20.0
3721,20.0
3722,20.0
3723,20.0
3724,20.0
3725,20.0
3726,20.0
3727,20.0
3728,20.0
3729,20.0
3730,20.0
3731,30.0
3732,30.0
3733,30.0
3734,30.0
3735,30.0
3736,30.0
3737,30.0
3738,30.0
3739,30.0
3740,30.0
3741,30.0
3742,30.0
3743,30.0
3744,30.0
3745,30.0
3746,30.0
3747,30.0
3748,30.0
3749,30.0
3750,30.0
3751,30.0
3752,30.0
3753,30.0
3754,30.0
3755,30.0
3756,30.0
3757,30.0
3758,30.0
3759,30.0
3760,30.0
3761,30.0
3762,30.0
3763,30.0
3764,33.0
3765,33.0
3766,33.0
3767,33.0
3768,33.0
3769,33.0
3770,33.0
3771,33.0
3772,33.0
3773,33.0
3774,33.0
3775,33.0
3776,33.0
3777,33.0
3778,33.0
3779,33.0
3780,33.0
3781,33.0
3782,33.0
3783,33.0
3784,33.0
3785,33.0
3786,33.0
3787,33.0
3788,33.0
3789,25.0
3790,25.0
3791,25.0
3792,25.0
3793,25.0
3794,25.0
3795,25.0
3796,25.0
3797,25.0
3798,25.0
3799,25.0
3800,25.0
3801,25.0
3802,25.0
3803,25.0
3804,25.0
3805,25.0
3806,25.0
3807,25.0
3808,25.0
3809,25.0
3810,25.0
3811,25.0
3812,25.0
3813,25.0
3814,25.0
3815,26.0
3816,26.0
3817,26.0
3818,26.0
3819,26.0
3820,26.0
3821,26.0
3822,26.0
3823,26.0
3824,26.0
3825,26.0
3826,26.0
3827,26.0
3828,26.0
3829,26.0
3830,26.0
3831,26.0
3832,26.0
3833,26.0
3834,26.0
3835,26.0
3836,26.0
3837,26.0
3838,26.0
3839,26.0
3840,26.0
3841,26.0
3842,26.0
3843,26.0
3844,26.0
3845,26.0
3846,26.0
3847,26.0
3848,26.0
3849,26.0
3850,26.0
3851,26.0
3852,26.0
3853,26.0
3854,26.0
3855,26.0
3856,26.0
3857,26.0
3858,26.0
3859,26.0
3860,26.0
3861,26.0
3862,26.0
3863,26.0
3864,26.0
3865,26.0
3866,26.0
3867,26.0
3868,26.0
3869,26.0
3870,26.0
3871,26.0
3872,26.0
3873,26.0
3874,26.0
3875,26.0
3876,26.0
3877,26.0
3878,26.0
3879,26.0
3880,26.0
3881,26.0
3882,26.0
3883,26.0
3884,69.0
3885,69.0
3886,69.0
3887,69.0
3888,69.0
3889,69.0
3890,69.0
3891,69.0
3892,69.0
3893,69.0
3894,69.0
3895,69.0
3896,69.0
3897,69.0
3898,69.0
3899,69.0
3900,69.0
3901,69.0
3902,69.0
3903,69.0
3904,69.0
3905,69.0
3906,22.0
3907,22.0
3908,22.0
3909,22.0
3910,22.0
3911,22.0
3912,22.0
3913,22.0
3914,22.0
3915,22.0
3916,22.0
3917,22.0
3918,22.0
3919,22.0
3920,22.0
3921,22.0
3922,22.0
3923,22.0
3924,22.0
3925,22.0
3926,22.0
3927,22.0
3928,22.0
3929,22.0
3930,24.0
3931,24.0
3932,24.0
3933,24.0
3934,24.0
3935,24.0
3936,24.0
3937,24.0
3938,24.0
3939,24.0
3940,24.0
3941,24.0
3942,24.0
3943,24.0
3944,24.0
3945,24.0
3946,24.0
3947,24.0
3948,24.0
3949,24.0
3950,24.0
3951,24.0
3952,24.0
3953,24.0
3954,24.0
3955,24.0
3956,24.0
3957,24.0
3958,28.0
3959,28.0
3960,28.0
3961,28.0
3962,28.0
3963,28.0
3964,28.0
3965,28.0
3966,28.0
3967,28.0
3968,28.0
3969,28.0
3970,28.0
3971,28.0
3972,28.0
3973,28.0
3974,28.0
3975,28.0
3976,28.0
3977,28.0
3978,28.0
3979,28.0
3980,28.0
3981,28.0
3982,28.0
3983,28.0
3984,28.0
3985,28.0
3986,28.0
3987,28.0
3988,28.0
3989,28.0
3990,32.0
3991,32.0
3992,32.0
3993,32.0
3994,32.0
3995,32.0
3996,32.0
3997,32.0
3998,32.0
3999,32.0
4000,32.0
4001,32.0
4002,32.0
4003,32.0
4004,32.0
4005,32.0
4006,32.0
4007,32.0
4008,32.0
4009,32.0
4010,32.0
4011,32.0
4012,32.0
4013,32.0
4014,32.0
4015,32.0
4016,32.0
4017,32.0
4018,32.0
4019,32.0
4020,32.0
4021,32.0
4022,32.0
4023,32.0
4024,32.0
4025,32.0
4026,32.0
4027,32.0
4028,32.0
4029,32.0
4030,32.0
4031,32.0
4032,32.0
4033,32.0
4034,12.0
4035,12.0
4036,12.0
4037,12.0
4038,12.0
4039,12.0
4040,12.0
4041,12.0
4042,12.0
4043,12.0
4044,12.0
4045,12.0
4046,12.0
4047,12.0
4048,12.0
4049,12.0
4050,12.0
4051,12.0
4052,12.0
4053,12.0
4054,12.0
4055,12.0
4056,12.0
4057,12.0
4058,12.0
4059,12.0
4060,12.0
4061,12.0
4062,12.0
4063,12.0
4064,12.0
4065,12.0
4066,12.0
4067,12.0
4068,12.0
4069,12.0
4070,12.0
4071,12.0
4072,12.0
4073,12.0
4074,40.0
4075,40.0
4076,40.0
4077,40.0
4078,40.0
4079,40.0
4080,40.0
4081,40.0
4082,40.0
4083,40.0
4084,40.0
4085,40.0
4086,40.0
4087,40.0
4088,40.0
4089,40.0
4090,40.0
4091,40.0
4092,40.0
4093,40.0
4094,40.0
4095,40.0
4096,40.0
4097,40.0
4098,40.0
4099,40.0
4100,40.0
4101,40.0
4102,40.0
4103,40.0
4104,40.0
4105,40.0
4106,40.0
4107,40.0
4108,40.0
4109,40.0
4110,40.0
4111,40.0
4112,40.0
4113,40.0
4114,40.0
4115,41.0
4116,41.0
4117,41.0
4118,41.0
4119,41.0
4120,41.0
4121,41.0
4122,41.0
4123,41.0
4124,41.0
4125,41.0
4126,41.0
4127,41.0
4128,41.0
4129,41.0
4130,41.0
4131,41.0
4132,41.0
4133,41.0
4134,41.0
4135,41.0
4136,41.0
4137,41.0
4138,41.0
4139,41.0
4140,41.0
4141,41.0
4142,41.0
4143,41.0
4144,41.0
4145,41.0
4146,41.0
4147,41.0
4148,41.0
4149,41.0
4150,41.0
4151,41.0
4152,41.0
4153,41.0
4154,41.0
4155,41.0
4156,41.0
4157,41.0
4158,41.0
4159,41.0
4160,41.0
4161,41.0
4162,41.0
4163,41.0
4164,41.0
4165,41.0
4166,41.0
4167,41.0
4168,41.0
4169,41.0
4170,41.0
4171,41.0
4172,41.0
4173,41.0
4174,41.0
4175,41.0
4176,41.0
4177,41.0
4178,41.0
4179,41.0
4180,41.0
4181,41.0
4182,41.0
4183,41.0
4184,41.0
4185,41.0
4186,41.0
4187,41.0
4188,41.0
4189,41.0
4190,41.0
4191,41.0
4192,41.0
4193,41.0
4194,41.0
4195,41.0
4196,41.0
4197,41.0
4198,41.0
4199,41.0
4200,41.0
4201,41.0
4202,41.0
4203,41.0
4204,41.0
4205,41.0
4206,41.0
4207,41.0
4208,41.0
4209,41.0
4210,41.0
4211,41.0
4212,41.0
4213,41.0
4214,41.0
4215,41.0
4216,41.0
4217,41.0
4218,41.0
4219,41.0
4220,41.0
4221,41.0
4222,41.0
4223,41.0
4224,41.0
4225,41.0
4226,41.0
4227,41.0
4228,41.0
4229,41.0
4230,41.0
4231,41.0
4232,41.0
4233,41.0
4234,41.0
4235,41.0
4236,41.0
4237,41.0
4238,41.0
4239,41.0
4240,41.0
4241,41.0
4242,41.0
4243,41.0
4244,41.0
4245,41.0
4246,41.0
4247,41.0
4248,41.0
4249,41.0
4250,41.0
4251,41.0
4252,41.0
4253,41.0
4254,41.0
4255,41.0
4256,41.0
4257,41.0
4258,41.0
4259,41.0
4260,41.0
4261,41.0
4262,41.0
4263,41.0
4264,41.0
4265,41.0
4266,41.0
4267,41.0
4268,41.0
4269,41.0
4270,41.0
4271,41.0
4272,41.0
4273,41.0
4274,41.0
4275,41.0
4276,41.0
4277,41.0
4278,41.0
4279,41.0
4280,41.0
4281,41.0
4282,41.0
4283,41.0
4284,41.0
4285,41.0
4286,41.0
4287,41.0
4288,41.0
4289,41.0
4290,175.0
4291,175.0
4292,175.0
4293,175.0
4294,175.0
4295,175.0
4296,175.0
4297,175.0
4298,175.0
4299,175.0
4300,175.0
4301,175.0
4302,175.0
4303,175.0
4304,175.0
4305,175.0
4306,175.0
4307,175.0
4308,175.0
4309,175.0
4310,175.0
4311,175.0
4312,175.0
4313,175.0
4314,175.0
4315,175.0
4316,175.0
4317,175.0
4318,175.0
4319,175.0
4320,175.0
4321,175.0
4322,175.0
4323,175.0
4324,175.0
4325,175.0
4326,175.0
4327,175.0
4328,175.0
4329,175.0
4330,175.0
4331,175.0
4332,175.0
4333,175.0
4334,175.0
4335,175.0
4336,175.0
4337,175.0
4338,175.0
4339,175.0
4340,175.0
4341,51.0
4342,51.0
4343,51.0
4344,51.0
4345,51.0
4346,51.0
4347,51.0
4348,51.0
4349,51.0
4350,51.0
4351,51.0
4352,51.0
4353,51.0
4354,51.0
4355,51.0
4356,51.0
4357,51.0
4358,51.0
4359,51.0
4360,51.0
4361,51.0
4362,51.0
4363,51.0
4364,51.0
4365,51.0
4366,51.0
4367,51.0
4368,51.0
4369,51.0
4370,51.0
4371,51.0
4372,51.0
4373,51.0
4374,51.0
4375,51.0
4376,51.0
4377,51.0
4378,51.0
4379,51.0
4380,51.0
4381,51.0
4382,51.0
4383,51.0
4384,51.0
4385,51.0
4386,51.0
4387,51.0
4388,51.0
4389,51.0
4390,51.0
4391,51.0
4392,51.0
4393,51.0
4394,51.0
4395,51.0
4396,51.0
4397,51.0
4398,51.0
4399,51.0
4400,51.0
4401,51.0
4402,51.0
4403,51.0
4404,51.0
4405,51.0
4406,51.0
4407,51.0
4408,51.0
4409,51.0
4410,51.0
4411,51.0
4412,51.0
4413,51.0
4414,51.0
4415,51.0
4416,51.0
4417,51.0
4418,51.0
4419,51.0
4420,51.0
4421,51.0
4422,51.0
4423,51.0
4424,51.0
4425,51.0
4426,51.0
4427,51.0
4428,51.0
4429,51.0
4430,51.0
4431,51.0
4432,51.0
4433,51.0
4434,51.0
4435,51.0
4436,51.0
4437,51.0
4438,51.0
4439,51.0
4440,51.0
4441,51.0
4442,51.0
4443,51.0
4444,51.0
4445,51.0
4446,51.0
4447,51.0
4448,51.0
4449,51.0
4450,51.0
4451,51.0
4452,51.0
4453,51.0
4454,51.0
4455,51.0
4456,51.0
4457,51.0
4458,51.0
4459,51.0
4460,51.0
4461,51.0
4462,51.0
4463,51.0
4464,51.0
4465,51.0
4466,51.0
4467,51.0
4468,51.0
4469,51.0
4470,51.0
4471,51.0
4472,51.0
4473,51.0
4474,51.0
4475,51.0
4476,51.0
4477,51.0
4478,51.0
4479,51.0
4480,51.0
4481,51.0
4482,51.0
4483,51.0
4484,51.0
4485,51.0
4486,51.0
4487,51.0
4488,51.0
4489,51.0
4490,51.0
4491,51.0
4492,51.0
4493,51.0
4494,51.0
4495,51.0
4496,51.0
4497,51.0
4498,51.0
4499,51.0
4500,159.0
4501,159.0
4502,159.0
4503,159.0
4504,159.0
4505,159.0
4506,159.0
4507,159.0
4508,159.0
4509,159.0
4510,159.0
4511,159.0
4512,159.0
4513,159.0
4514,159.0
4515,159.0
4516,159.0
4517,159.0
4518,159.0
4519,159.0
4520,159.0
4521,159.0
4522,159.0
4523,159.0
4524,159.0
4525,159.0
4526,159.0
4527,159.0
4528,159.0
4529,159.0
4530,159.0
4531,159.0
4532,159.0
4533,159.0
4534,159.0
4535,159.0
4536,159.0
4537,159.0
4538,159.0
4539,159.0
4540,159.0
4541,159.0
4542,159.0
4543,159.0
4544,159.0
4545,159.0
4546,159.0
4547,159.0
4548,159.0
4549,159.0
4550,159.0
4551,159.0
4552,159.0
4553,159.0
4554,159.0
4555,159.0
4556,159.0
4557,159.0
4558,159.0
4559,159.0
4560,159.0
4561,159.0
4562,159.0
4563,159.0
4564,159.0
4565,159.0
4566,159.0
4567,159.0
4568,159.0
4569,159.0
4570,159.0
4571,159.0
4572,159.0
4573,159.0
4574,159.0
4575,159.0
4576,159.0
4577,159.0
4578,159.0
4579,159.0
4580,159.0
4581,159.0
4582,159.0
4583,159.0
4584,159.0
4585,159.0
4586,159.0
4587,159.0
4588,159.0
4589,159.0
4590,159.0
4591,159.0
4592,159.0
4593,159.0
4594,159.0
4595,159.0
4596,159.0
4597,159.0
4598,159.0
4599,159.0
4600,159.0
4601,159.0
4602,159.0
4603,159.0
4604,159.0
4605,159.0
4606,159.0
4607,159.0
4608,159.0
4609,159.0
4610,159.0
4611,159.0
4612,159.0
4613,159.0
4614,159.0
4615,159.0
4616,159.0
4617,159.0
4618,159.0
4619,159.0
4620,159.0
4621,159.0
4622,159.0
4623,159.0
4624,159.0
4625,159.0
4626,159.0
4627,159.0
4628,159.0
4629,159.0
4630,159.0
4631,159.0
4632,159.0
4633,159.0
4634,159.0
4635,135.0
4636,135.0
4637,135.0
4638,135.0
4639,135.0
4640,135.0
4641,135.0
4642,135.0
4643,135.0
4644,135.0
4645,135.0
4646,135.0
4647,135.0
4648,135.0
4649,135.0
4650,135.0
4651,135.0
4652,135.0
4653,135.0
4654,135.0
4655,135.0
4656,135.0
4657,135.0
4658,135.0
4659,135.0
4660,135.0
4661,135.0
4662,135.0
4663,135.0
4664,135.0
4665,135.0
4666,135.0
4667,135.0
4668,135.0
4669,135.0
4670,135.0
4671,135.0
4672,135.0
4673,135.0
4674,135.0
4675,135.0
4676,135.0
4677,135.0
4678,135.0
4679,135.0
4680,135.0
4681,135.0
4682,135.0
4683,135.0
4684,135.0
4685,135.0
4686,135.0
4687,135.0
4688,135.0
4689,135.0
4690,135.0
4691,135.0
4692,135.0
4693,135.0
4694,135.0
4695,135.0
4696,135.0
4697,135.0
4698,135.0
4699,135.0
4700,135.0
4701,135.0
4702,135.0
4703,135.0
4704,135.0
4705,135.0
4706,135.0
4707,135.0
4708,135.0
4709,135.0
4710,135.0
4711,135.0
4712,135.0
4713,135.0
4714,135.0
4715,135.0
4716,135.0
4717,135.0
4718,135.0
4719,135.0
4720,135.0
4721,135.0
4722,135.0
4723,135.0
4724,135.0
4725,135.0
4726,135.0
4727,135.0
4728,135.0
4729,135.0
4730,135.0
4731,135.0
4732,135.0
4733,135.0
4734,135.0
4735,135.0
4736,135.0
4737,135.0
4738,135.0
4739,135.0
4740,135.0
4741,135.0
4742,135.0
4743,135.0
4744,135.0
4745,135.0
4746,135.0
4747,135.0
4748,135.0
4749,135.0
4750,135.0
4751,135.0
4752,135.0
4753,135.0
4754,135.0
4755,135.0
4756,135.0
4757,135.0
4758,135.0
4759,135.0
4760,135.0
4761,135.0
4762,135.0
4763,135.0
4764,135.0
4765,135.0
4766,135.0
4767,135.0
4768,135.0
4769,134.0
4770,134.0
4771,134.0
4772,134.0
4773,134.0
4774,134.0
4775,134.0
4776,134.0
4777,134.0
4778,134.0
4779,134.0
4780,134.0
4781,134.0
4782,134.0
4783,134.0
4784,15.0
4785,15.0
4786,15.0
4787,15.0
4788,15.0
4789,15.0
4790,15.0
4791,15.0
4792,15.0
4793,15.0
4794,15.0
4795,15.0
4796,15.0
4797,15.0
4798,15.0
4799,15.0
4800,15.0
4801,15.0
4802,15.0
4803,15.0
4804,15.0
4805,15.0
4806,15.0
4807,15.0
4808,15.0
4809,15.0
4810,15.0
4811,15.0
4812,15.0
4813,15.0
4814,15.0
4815,15.0
4816,15.0
4817,15.0
4818,15.0
4819,15.0
4820,15.0
4821,15.0
4822,15.0
4823,15.0
4824,15.0
4825,15.0
4826,15.0
4827,15.0
4828,15.0
4829,15.0
4830,15.0
4831,15.0
4832,15.0
4833,15.0
4834,15.0
4835,15.0
4836,15.0
4837,15.0
4838,15.0
4839,15.0
4840,15.0
4841,15.0
4842,15.0
4843,15.0
4844,15.0
4845,15.0
4846,15.0
4847,15.0
4848,15.0
4849,15.0
4850,15.0
4851,15.0
4852,15.0
4853,15.0
4854,15.0
4855,15.0
4856,15.0
4857,15.0
4858,15.0
4859,15.0
4860,15.0
4861,15.0
4862,15.0
4863,15.0
4864,15.0
4865,15.0
4866,15.0
4867,15.0
4868,15.0
4869,15.0
4870,86.0
4871,86.0
4872,86.0
4873,86.0
4874,86.0
4875,86.0
4876,86.0
4877,86.0
4878,86.0
4879,86.0
4880,86.0
4881,86.0
4882,86.0
4883,86.0
4884,86.0
4885,86.0
4886,86.0
4887,86.0
4888,86.0
4889,86.0
4890,86.0
4891,86.0
4892,86.0
4893,86.0
4894,86.0
4895,86.0
4896,86.0
4897,86.0
4898,86.0
4899,86.0
4900,86.0
4901,86.0
4902,86.0
4903,86.0
4904,86.0
4905,86.0
4906,86.0
4907,86.0
4908,86.0
4909,86.0
4910,86.0
4911,86.0
4912,86.0
4913,86.0
4914,86.0
4915,86.0
4916,86.0
4917,86.0
4918,86.0
4919,86.0
4920,86.0
4921,86.0
4922,86.0
4923,86.0
4924,86.0
4925,86.0
4926,56.0
4927,56.0
4928,56.0
4929,56.0
4930,56.0
4931,56.0
4932,56.0
4933,56.0
4934,56.0
4935,56.0
4936,56.0
4937,56.0
4938,56.0
4939,56.0
4940,56.0
4941,56.0
4942,56.0
4943,56.0
4944,56.0
4945,56.0
4946,56.0
4947,56.0
4948,56.0
4949,56.0
4950,56.0
4951,56.0
4952,56.0
4953,56.0
4954,56.0
4955,56.0
4956,56.0
4957,56.0
4958,32.0
4959,32.0
4960,32.0
4961,32.0
4962,32.0
4963,32.0
4964,32.0
4965,32.0
4966,32.0
4967,32.0
4968,32.0
4969,32.0
4970,32.0
4971,32.0
4972,32.0
4973,32.0
4974,32.0
4975,32.0
4976,32.0
4977,32.0
4978,32.0
4979,32.0
4980,32.0
4981,32.0
4982,32.0
4983,32.0
4984,32.0
4985,32.0
4986,32.0
4987,32.0
4988,32.0
4989,32.0
4990,32.0
4991,32.0
4992,32.0
4993,32.0
4994,32.0
4995,32.0
4996,32.0
4997,32.0
4998,32.0
4999,32.0
5000,32.0
5001,32.0
5002,32.0
5003,32.0
5004,32.0
5005,32.0
5006,32.0
5007,32.0
5008,32.0
5009,32.0
5010,32.0
5011,32.0
5012,32.0
5013,32.0
5014,32.0
5015,32.0
5016,32.0
5017,32.0
5018,32.0
5019,32.0
5020,32.0
5021,32.0
5022,32.0
5023,32.0
5024,32.0
5025,32.0
5026,32.0
5027,32.0
5028,32.0
5029,32.0
5030,32.0
5031,32.0
5032,32.0
5033,32.0
5034,32.0
5035,32.0
5036,32.0
5037,32.0
5038,32.0
5039,32.0
5040,32.0
5041,32.0
5042,32.0
5043,32.0
5044,32.0
5045,32.0
5046,32.0
5047,32.0
5048,32.0
5049,32.0
5050,32.0
5051,32.0
5052,32.0
5053,32.0
5054,32.0
5055,32.0
5056,32.0
5057,99.0
5058,99.0
5059,99.0
5060,99.0
5061,99.0
5062,99.0
5063,99.0
5064,99.0
5065,99.0
5066,99.0
5067,99.0
5068,99.0
5069,99.0
5070,99.0
5071,99.0
5072,99.0
5073,99.0
5074,99.0
5075,99.0
5076,99.0
5077,99.0
5078,99.0
5079,99.0
5080,99.0
5081,99.0
5082,99.0
5083,99.0
5084,99.0
5085,99.0
5086,99.0
5087,99.0
5088,99.0
5089,99.0
5090,99.0
5091,34.0
5092,34.0
5093,34.0
5094,34.0
5095,34.0
5096,34.0
5097,34.0
5098,34.0
5099,34.0
5100,34.0
5101,34.0
5102,34.0
5103,34.0
5104,34.0
5105,34.0
5106,34.0
5107,34.0
5108,34.0
5109,34.0
5110,34.0
5111,34.0
5112,34.0
5113,34.0
5114,34.0
5115,34.0
5116,34.0
5117,34.0
5118,34.0
5119,34.0
5120,34.0
5121,34.0
5122,34.0
5123,34.0
5124,34.0
5125,34.0
5126,34.0
5127,34.0
5128,34.0
5129,34.0
5130,34.0
5131,34.0
5132,34.0
5133,34.0
5134,34.0
5135,34.0
5136,34.0
5137,34.0
5138,34.0
5139,34.0
5140,34.0
5141,34.0
5142,34.0
5143,34.0
5144,34.0
5145,34.0
5146,34.0
5147,34.0
5148,34.0
5149,34.0
5150,34.0
5151,34.0
5152,34.0
5153,34.0
5154,34.0
5155,34.0
5156,34.0
5157,34.0
5158,34.0
5159,34.0
5160,34.0
5161,34.0
5162,34.0
5163,34.0
5164,34.0
5165,34.0
5166,34.0
5167,34.0
5168,34.0
5169,34.0
5170,34.0
5171,34.0
5172,34.0
5173,82.0
5174,82.0
5175,82.0
5176,82.0
5177,82.0
5178,82.0
5179,82.0
5180,82.0
5181,82.0
5182,82.0
5183,82.0
5184,82.0
5185,82.0
5186,82.0
5187,82.0
5188,82.0
5189,82.0
5190,82.0
5191,82.0
5192,82.0
5193,82.0
5194,82.0
5195,82.0
5196,82.0
5197,82.0
5198,82.0
5199,82.0
5200,82.0
5201,82.0
5202,82.0
5203,82.0
5204,82.0
5205,82.0
5206,82.0
5207,82.0
5208,82.0
5209,82.0
5210,82.0
5211,82.0
5212,82.0
5213,82.0
5214,82.0
5215,82.0
5216,82.0
5217,82.0
5218,82.0
5219,82.0
5220,82.0
5221,82.0
5222,82.0
5223,82.0
5224,82.0
5225,82.0
5226,82.0
5227,82.0
5228,82.0
5229,82.0
5230,82.0
5231,82.0
5232,82.0
5233,82.0
5234,82.0
5235,82.0
5236,82.0
5237,82.0
5238,82.0
5239,82.0
5240,82.0
5241,82.0
5242,82.0
5243,82.0
5244,82.0
5245,82.0
5246,82.0
5247,82.0
5248,82.0
5249,82.0
5250,82.0
5251,82.0
5252,82.0
5253,82.0
5254,82.0
5255,82.0
5256,82.0
5257,82.0
5258,82.0
5259,82.0
5260,82.0
5261,82.0
5262,82.0
5263,82.0
5264,82.0
5265,82.0
5266,82.0
5267,82.0
5268,82.0
5269,82.0
5270,82.0
5271,82.0
5272,82.0
5273,82.0
5274,82.0
5275,82.0
5276,82.0
5277,82.0
5278,82.0
5279,82.0
5280,82.0
5281,82.0
5282,82.0
5283,82.0
5284,82.0
5285,82.0
5286,82.0
5287,82.0
5288,82.0
5289,82.0
5290,82.0
5291,118.0
5292,118.0
5293,118.0
5294,118.0
5295,118.0
5296,118.0
5297,118.0
5298,118.0
5299,118.0
5300,118.0
5301,118.0
5302,118.0
5303,118.0
5304,118.0
5305,118.0
5306,118.0
5307,118.0
5308,118.0
5309,118.0
5310,118.0
5311,118.0
5312,118.0
5313,118.0
5314,118.0
5315,118.0
5316,118.0
5317,118.0
5318,118.0
5319,118.0
5320,118.0
5321,118.0
5322,118.0
5323,118.0
5324,33.0
5325,33.0
5326,33.0
5327,33.0
5328,33.0
5329,33.0
5330,33.0
5331,33.0
5332,33.0
5333,33.0
5334,33.0
5335,33.0
5336,33.0
5337,33.0
5338,33.0
5339,33.0
5340,33.0
5341,33.0
5342,33.0
5343,33.0
5344,33.0
5345,33.0
5346,33.0
5347,33.0
5348,33.0
5349,33.0
5350,33.0
5351,33.0
5352,33.0
5353,33.0
5354,33.0
5355,33.0
5356,33.0
5357,33.0
5358,33.0
5359,33.0
5360,33.0
5361,33.0
5362,33.0
5363,33.0
5364,33.0
5365,33.0
5366,33.0
5367,33.0
5368,33.0
5369,33.0
5370,33.0
5371,33.0
5372,33.0
5373,33.0
5374,33.0
5375,33.0
5376,33.0
5377,33.0
5378,33.0
5379,33.0
5380,33.0
5381,33.0
5382,33.0
5383,33.0
5384,33.0
5385,33.0
5386,33.0
5387,33.0
5388,33.0
5389,33.0
5390,33.0
5391,33.0
5392,33.0
5393,33.0
5394,33.0
5395,33.0
5396,33.0
5397,33.0
5398,33.0
5399,33.0
5400,33.0
5401,33.0
5402,33.0
5403,33.0
5404,33.0
5405,81.0
5406,81.0
5407,81.0
5408,81.0
5409,81.0
5410,81.0
5411,81.0
5412,81.0
5413,81.0
5414,81.0
5415,81.0
5416,81.0
5417,81.0
5418,81.0
5419,81.0
5420,81.0
5421,81.0
5422,81.0
5423,81.0
5424,81.0
5425,81.0
5426,81.0
5427,81.0
5428,81.0
5429,81.0
5430,81.0
5431,81.0
5432,81.0
5433,81.0
5434,81.0
5435,81.0
5436,81.0
5437,81.0
5438,81.0
5439,81.0
5440,81.0
5441,81.0
5442,81.0
5443,81.0
5444,81.0
5445,81.0
5446,81.0
5447,81.0
5448,81.0
5449,81.0
5450,81.0
5451,81.0
5452,81.0
5453,81.0
5454,81.0
5455,81.0
5456,81.0
5457,81.0
5458,81.0
5459,81.0
5460,81.0
5461,81.0
5462,81.0
5463,81.0
5464,81.0
5465,81.0
5466,81.0
5467,81.0
5468,81.0
5469,81.0
5470,81.0
5471,81.0
5472,81.0
5473,81.0
5474,81.0
5475,81.0
5476,81.0
5477,81.0
5478,81.0
5479,81.0
5480,81.0
5481,81.0
5482,81.0
5483,81.0
5484,81.0
5485,81.0
5486,81.0
5487,81.0
5488,81.0
5489,81.0
5490,81.0
5491,81.0
5492,81.0
5493,81.0
5494,81.0
5495,81.0
5496,81.0
5497,81.0
5498,81.0
5499,81.0
5500,81.0
5501,81.0
5502,81.0
5503,81.0
5504,81.0
5505,81.0
5506,81.0
5507,81.0
5508,81.0
5509,81.0
5510,81.0
5511,81.0
5512,81.0
5513,81.0
5514,81.0
5515,81.0
5516,81.0
5517,81.0
5518,81.0
5519,81.0
5520,81.0
5521,81.0
5522,81.0
5523,81.0
5524,81.0
5525,81.0
5526,81.0
5527,81.0
5528,81.0
5529,81.0
5530,81.0
5531,81.0
5532,81.0
5533,81.0
5534,81.0
5535,81.0
5536,81.0
5537,81.0
5538,81.0
5539,81.0
5540,81.0
5541,81.0
5542,81.0
5543,81.0
5544,81.0
5545,140.0
5546,140.0
5547,140.0
5548,140.0
5549,140.0
5550,140.0
5551,140.0
5552,140.0
5553,140.0
5554,140.0
5555,140.0
5556,140.0
5557,140.0
5558,140.0
5559,140.0
5560,140.0
5561,140.0
5562,140.0
5563,140.0
5564,140.0
5565,140.0
5566,140.0
5567,140.0
5568,140.0
5569,140.0
5570,140.0
5571,140.0
5572,140.0
5573,140.0
5574,140.0
5575,140.0
5576,140.0
5577,140.0
5578,140.0
5579,140.0
5580,140.0
5581,140.0
5582,140.0
5583,140.0
5584,140.0
5585,140.0
5586,140.0
5587,140.0
5588,140.0
5589,140.0
5590,140.0
5591,140.0
5592,140.0
5593,140.0
5594,140.0
5595,140.0
5596,140.0
5597,140.0
5598,140.0
5599,140.0
5600,140.0
5601,140.0
5602,140.0
5603,140.0
5604,140.0
5605,140.0
5606,140.0
5607,140.0
5608,140.0
5609,140.0
5610,140.0
5611,140.0
5612,140.0
5613,140.0
5614,140.0
5615,140.0
5616,140.0
5617,140.0
5618,140.0
5619,140.0
5620,140.0
5621,140.0
5622,140.0
5623,140.0
5624,140.0
5625,140.0
5626,140.0
5627,140.0
5628,140.0
5629,140.0
5630,140.0
5631,140.0
5632,140.0
5633,140.0
5634,140.0
5635,140.0
5636,140.0
5637,140.0
5638,140.0
5639,140.0
5640,140.0
5641,140.0
5642,140.0
5643,140.0
5644,140.0
5645,140.0
5646,140.0
5647,140.0
5648,140.0
5649,140.0
5650,140.0
5651,140.0
5652,140.0
5653,140.0
5654,140.0
5655,140.0
5656,140.0
5657,140.0
5658,140.0
5659,140.0
5660,140.0
5661,140.0
5662,140.0
5663,140.0
5664,140.0
5665,140.0
5666,140.0
5667,140.0
5668,140.0
5669,140.0
5670,140.0
5671,140.0
5672,140.0
5673,140.0
5674,140.0
5675,140.0
5676,140.0
5677,140.0
5678,140.0
5679,140.0
5680,140.0
5681,140.0
5682,140.0
5683,140.0
5684,140.0
5685,140.0
5686,140.0
5687,140.0
5688,140.0
5689,140.0
5690,140.0
5691,140.0
5692,140.0
5693,140.0
5694,140.0
5695,140.0
5696,140.0
5697,140.0
5698,140.0
5699,140.0
5700,140.0
5701,140.0
5702,140.0
5703,140.0
5704,159.0
5705,159.0
5706,159.0
5707,159.0
5708,159.0
5709,159.0
5710,159.0
5711,159.0
5712,159.0
5713,159.0
5714,159.0
5715,159.0
5716,159.0
5717,159.0
5718,159.0
5719,159.0
5720,159.0
5721,159.0
5722,159.0
5723,159.0
5724,159.0
5725,159.0
5726,159.0
5727,159.0
5728,159.0
5729,159.0
5730,159.0
5731,159.0
5732,159.0
5733,159.0
5734,159.0
5735,159.0
5736,159.0
5737,159.0
5738,159.0
5739,159.0
5740,159.0
5741,159.0
5742,159.0
5743,159.0
5744,159.0
5745,159.0
5746,159.0
5747,159.0
5748,159.0
5749,159.0
5750,159.0
5751,159.0
5752,159.0
5753,159.0
5754,159.0
5755,159.0
5756,159.0
5757,159.0
5758,159.0
5759,159.0
5760,159.0
5761,159.0
5762,159.0
5763,159.0
5764,159.0
5765,159.0
5766,159.0
5767,159.0
5768,159.0
5769,159.0
5770,159.0
5771,159.0
5772,159.0
5773,159.0
5774,159.0
5775,159.0
5776,159.0
5777,159.0
5778,159.0
5779,159.0
5780,159.0
5781,159.0
5782,159.0
5783,159.0
5784,159.0
5785,159.0
5786,159.0
5787,159.0
5788,159.0
5789,159.0
5790,159.0
5791,159.0
5792,159.0
5793,159.0
5794,159.0
5795,159.0
5796,159.0
5797,159.0
5798,159.0
5799,159.0
5800,159.0
5801,159.0
5802,159.0
5803,159.0
5804,159.0
5805,159.0
5806,159.0
5807,159.0
5808,159.0
5809,159.0
5810,159.0
5811,159.0
5812,159.0
5813,159.0
5814,159.0
5815,159.0
5816,159.0
5817,159.0
5818,159.0
5819,159.0
5820,159.0
5821,159.0
5822,159.0
5823,159.0
5824,159.0
5825,159.0
5826,159.0
5827,159.0
5828,159.0
5829,159.0
5830,159.0
5831,159.0
5832,159.0
5833,159.0
5834,159.0
5835,159.0
5836,159.0
5837,159.0
5838,159.0
5839,159.0
5840,159.0
5841,159.0
5842,159.0
5843,159.0
5844,159.0
5845,159.0
5846,159.0
5847,159.0
5848,159.0
5849,159.0
5850,159.0
5851,159.0
5852,159.0
5853,159.0
5854,159.0
5855,159.0
5856,159.0
5857,159.0
5858,159.0
5859,159.0
5860,159.0
5861,159.0
5862,159.0
5863,159.0
5864,159.0
5865,159.0
5866,159.0
5867,159.0
5868,159.0
5869,159.0
5870,159.0
5871,159.0
5872,159.0
5873,159.0
5874,170.0
5875,170.0
5876,170.0
5877,170.0
5878,170.0
5879,170.0
5880,170.0
5881,170.0
5882,170.0
5883,170.0
5884,170.0
5885,170.0
5886,170.0
5887,170.0
5888,170.0
5889,170.0
5890,170.0
5891,170.0
5892,170.0
5893,170.0
5894,170.0
5895,170.0
5896,170.0
5897,170.0
5898,170.0
5899,170.0
5900,170.0
5901,170.0
5902,170.0
5903,170.0
5904,170.0
5905,170.0
5906,170.0
5907,170.0
5908,170.0
5909,170.0
5910,170.0
5911,170.0
5912,170.0
5913,170.0
5914,170.0
5915,170.0
5916,170.0
5917,170.0
5918,170.0
5919,170.0
5920,170.0
5921,170.0
5922,170.0
5923,170.0
5924,170.0
5925,170.0
5926,170.0
5927,170.0
5928,170.0
5929,170.0
5930,170.0
5931,170.0
5932,170.0
5933,170.0
5934,170.0
5935,170.0
5936,170.0
5937,170.0
5938,170.0
5939,170.0
5940,170.0
5941,170.0
5942,170.0
5943,170.0
5944,170.0
5945,170.0
5946,170.0
5947,170.0
5948,170.0
5949,170.0
5950,170.0
5951,170.0
5952,170.0
5953,79.0
5954,79.0
5955,79.0
5956,79.0
5957,79.0
5958,79.0
5959,79.0
5960,79.0
5961,79.0
5962,79.0
5963,79.0
5964,79.0
5965,79.0
5966,79.0
5967,79.0
5968,79.0
5969,79.0
5970,79.0
5971,79.0
5972,79.0
5973,79.0
5974,79.0
5975,79.0
5976,79.0
5977,79.0
5978,79.0
5979,79.0
5980,79.0
5981,79.0
5982,79.0
5983,79.0
5984,79.0
5985,79.0
5986,79.0
5987,79.0
5988,79.0
5989,79.0
5990,79.0
5991,79.0
5992,79.0
5993,79.0
5994,79.0
5995,79.0
5996,79.0
5997,79.0
5998,79.0
5999,79.0
6000,79.0
6001,79.0
6002,79.0
6003,79.0
6004,79.0
6005,79.0
6006,79.0
6007,79.0
6008,79.0
6009,79.0
6010,79.0
6011,79.0
6012,79.0
6013,79.0
6014,79.0
6015,79.0
6016,79.0
6017,79.0
6018,79.0
6019,79.0
6020,79.0
6021,79.0
6022,79.0
6023,79.0
6024,79.0
6025,79.0
6026,79.0
6027,79.0
6028,79.0
6029,79.0
6030,79.0
6031,79.0
6032,79.0
6033,79.0
6034,79.0
6035,79.0
6036,79.0
6037,79.0
6038,79.0
6039,79.0
6040,79.0
6041,79.0
6042,79.0
6043,79.0
6044,79.0
6045,79.0
6046,79.0
6047,79.0
6048,79.0
6049,79.0
6050,79.0
6051,79.0
6052,79.0
6053,79.0
6054,79.0
6055,79.0
6056,79.0
6057,79.0
6058,79.0
6059,79.0
6060,79.0
6061,79.0
6062,79.0
6063,79.0
6064,79.0
6065,79.0
6066,79.0
6067,79.0
6068,79.0
6069,79.0
6070,79.0
6071,79.0
6072,79.0
6073,79.0
6074,79.0
6075,79.0
6076,79.0
6077,79.0
6078,79.0
6079,79.0
6080,79.0
6081,79.0
6082,79.0
6083,79.0
6084,79.0
6085,79.0
6086,79.0
6087,79.0
6088,79.0
6089,79.0
6090,79.0
6091,79.0
6092,79.0
6093,79.0
6094,79.0
6095,79.0
6096,79.0
6097,79.0
6098,79.0
6099,79.0
6100,79.0
6101,79.0
6102,79.0
6103,150.0
6104,150.0
6105,150.0
6106,150.0
6107,150.0
6108,150.0
6109,150.0
6110,150.0
6111,150.0
6112,150.0
6113,150.0
6114,150.0
6115,150.0
6116,150.0
6117,150.0
6118,150.0
6119,150.0
6120,150.0
6121,150.0
6122,150.0
6123,150.0
6124,150.0
6125,150.0
6126,150.0
6127,150.0
6128,150.0
6129,150.0
6130,150.0
6131,150.0
6132,150.0
6133,150.0
6134,150.0
6135,150.0
6136,150.0
6137,150.0
6138,150.0
6139,150.0
6140,150.0
6141,150.0
6142,150.0
6143,150.0
6144,150.0
6145,150.0
6146,150.0
6147,150.0
6148,150.0
6149,150.0
6150,150.0
6151,150.0
6152,150.0
6153,150.0
6154,150.0
6155,150.0
6156,150.0
6157,150.0
6158,150.0
6159,150.0
6160,150.0
6161,150.0
6162,150.0
6163,150.0
6164,150.0
6165,150.0
6166,150.0
6167,150.0
6168,150.0
6169,150.0
6170,150.0
6171,150.0
6172,150.0
6173,150.0
6174,150.0
6175,150.0
6176,150.0
6177,150.0
6178,150.0
6179,150.0
6180,150.0
6181,150.0
6182,150.0
6183,150.0
6184,150.0
6185,150.0
6186,150.0
6187,150.0
6188,150.0
6189,150.0
6190,150.0
6191,150.0
6192,150.0
6193,150.0
6194,150.0
6195,150.0
6196,150.0
6197,150.0
6198,150.0
6199,150.0
6200,150.0
6201,150.0
6202,150.0
6203,150.0
6204,150.0
6205,150.0
6206,150.0
6207,150.0
6208,150.0
6209,150.0
6210,150.0
6211,150.0
6212,150.0
6213,150.0
6214,150.0
6215,150.0
6216,150.0
6217,150.0
6218,150.0
6219,150.0
6220,150.0
6221,150.0
6222,150.0
6223,150.0
6224,150.0
6225,150.0
6226,150.0
6227,150.0
6228,150.0
6229,150.0
6230,150.0
6231,150.0
6232,150.0
6233,150.0
6234,150.0
6235,150.0
6236,150.0
6237,150.0
6238,150.0
6239,150.0
6240,150.0
6241,150.0
6242,150.0
6243,150.0
6244,150.0
6245,150.0
6246,150.0
6247,150.0
6248,150.0
6249,150.0
6250,150.0
6251,150.0
6252,150.0
6253,150.0
6254,150.0
6255,150.0
6256,150.0
6257,150.0
6258,150.0
6259,150.0
6260,150.0
6261,150.0
6262,150.0
6263,150.0
6264,150.0
6265,150.0
6266,150.0
6267,150.0
6268,150.0
6269,150.0
6270,150.0
6271,150.0
6272,150.0
6273,150.0
6274,150.0
6275,150.0
6276,150.0
6277,150.0
6278,150.0
6279,150.0
6280,150.0
6281,150.0
6282,150.0
6283,150.0
6284,150.0
6285,150.0
6286,150.0
6287,150.0
6288,150.0
6289,150.0
6290,150.0
6291,150.0
6292,150.0
6293,150.0
6294,150.0
6295,150.0
6296,150.0
6297,150.0
6298,150.0
6299,150.0
6300,150.0
6301,150.0
6302,150.0
6303,150.0
6304,150.0
6305,150.0
6306,150.0
6307,150.0
6308,150.0
6309,150.0
6310,150.0
6311,150.0
6312,150.0
6313,150.0
6314,150.0
6315,150.0
6316,150.0
6317,150.0
6318,150.0
6319,150.0
6320,150.0
6321,150.0
6322,150.0
6323,150.0
6324,150.0
6325,150.0
6326,150.0
6327,150.0
6328,150.0
6329,150.0
6330,150.0
6331,150.0
6332,150.0
6333,150.0
6334,150.0
6335,150.0
6336,150.0
6337,150.0
6338,150.0
6339,150.0
6340,150.0
6341,150.0
6342,150.0
6343,150.0
6344,150.0
6345,150.0
6346,150.0
6347,150.0
6348,150.0
6349,150.0
6350,150.0
6351,150.0
6352,150.0
6353,150.0
6354,150.0
6355,150.0
6356,150.0
6357,150.0
6358,150.0
6359,150.0
6360,150.0
6361,150.0
6362,150.0
6363,150.0
6364,150.0
6365,150.0
6366,150.0
6367,150.0
6368,150.0
6369,150.0
6370,150.0
6371,150.0
6372,150.0
6373,150.0
6374,150.0
6375,150.0
6376,150.0
6377,150.0
6378,150.0
6379,150.0
6380,150.0
6381,150.0
6382,150.0
6383,150.0
6384,150.0
6385,150.0
6386,150.0
6387,150.0
6388,150.0
6389,150.0
6390,150.0
6391,150.0
6392,150.0
6393,150.0
6394,150.0
6395,150.0
6396,150.0
6397,150.0
6398,150.0
6399,150.0
6400,150.0
6401,150.0
6402,150.0
6403,150.0
6404,150.0
6405,150.0
6406,150.0
6407,150.0
6408,150.0
6409,150.0
6410,150.0
6411,308.0
6412,308.0
6413,308.0
6414,308.0
6415,308.0
6416,308.0
6417,308.0
6418,308.0
6419,308.0
6420,308.0
6421,308.0
6422,308.0
6423,308.0
6424,308.0
6425,308.0
6426,308.0
6427,308.0
6428,308.0
6429,308.0
6430,308.0
6431,308.0
6432,308.0
6433,308.0
6434,308.0
6435,308.0
6436,308.0
6437,308.0
6438,308.0
6439,308.0
6440,308.0
6441,308.0
6442,308.0
6443,308.0
6444,308.0
6445,308.0
6446,308.0
6447,308.0
6448,308.0
6449,308.0
6450,308.0
6451,308.0
6452,308.0
6453,308.0
6454,308.0
6455,308.0
6456,308.0
6457,308.0
6458,308.0
6459,308.0
6460,308.0
6461,308.0
6462,308.0
6463,308.0
6464,308.0
6465,308.0
6466,308.0
6467,308.0
6468,308.0
6469,308.0
6470,308.0
6471,308.0
6472,308.0
6473,308.0
6474,308.0
6475,308.0
6476,308.0
6477,308.0
6478,308.0
6479,308.0
6480,308.0
6481,308.0
6482,308.0
6483,308.0
6484,308.0
6485,308.0
6486,308.0
6487,308.0
6488,308.0
6489,308.0
6490,308.0
6491,308.0
6492,308.0
6493,308.0
6494,308.0
6495,308.0
6496,308.0
6497,308.0
6498,308.0
6499,308.0
6500,308.0
6501,308.0
6502,308.0
6503,308.0
6504,308.0
6505,308.0
6506,308.0
6507,308.0
6508,308.0
6509,308.0
6510,308.0
6511,308.0
6512,308.0
6513,308.0
6514,308.0
6515,308.0
6516,308.0
6517,308.0
6518,308.0
6519,308.0
6520,308.0
6521,308.0
6522,308.0
6523,308.0
6524,308.0
6525,308.0
6526,308.0
6527,308.0
6528,308.0
6529,308.0
6530,308.0
6531,308.0
6532,308.0
6533,308.0
6534,308.0
6535,308.0
6536,308.0
6537,308.0
6538,308.0
6539,308.0
6540,308.0
6541,308.0
6542,308.0
6543,308.0
6544,308.0
6545,308.0
6546,308.0
6547,308.0
6548,308.0
6549,308.0
6550,308.0
6551,308.0
6552,308.0
6553,308.0
6554,308.0
6555,308.0
6556,308.0
6557,308.0
6558,308.0
6559,308.0
6560,308.0
6561,308.0
6562,308.0
6563,308.0
6564,308.0
6565,308.0
6566,308.0
6567,308.0
6568,308.0
6569,308.0
6570,308.0
6571,308.0
6572,308.0
6573,308.0
6574,308.0
6575,308.0
6576,308.0
6577,308.0
6578,308.0
6579,308.0
6580,308.0
6581,308.0
6582,308.0
6583,308.0
6584,308.0
6585,308.0
6586,308.0
6587,308.0
6588,308.0
6589,308.0
6590,308.0
6591,308.0
6592,308.0
6593,308.0
6594,308.0
6595,308.0
6596,308.0
6597,308.0
6598,308.0
6599,308.0
6600,308.0
6601,308.0
6602,308.0
6603,308.0
6604,308.0
6605,308.0
6606,308.0
6607,308.0
6608,308.0
6609,308.0
6610,308.0
6611,308.0
6612,308.0
6613,308.0
6614,308.0
6615,308.0
6616,308.0
6617,308.0
6618,308.0
6619,308.0
6620,308.0
6621,308.0
6622,308.0
6623,308.0
6624,308.0
6625,308.0
6626,308.0
6627,308.0
6628,308.0
6629,308.0
6630,308.0
6631,308.0
6632,308.0
6633,308.0
6634,308.0
6635,308.0
6636,308.0
6637,308.0
6638,308.0
6639,308.0
6640,308.0
6641,308.0
6642,308.0
6643,308.0
6644,308.0
6645,308.0
6646,308.0
6647,308.0
6648,308.0
6649,308.0
6650,308.0
6651,308.0
6652,308.0
6653,308.0
6654,308.0
6655,308.0
6656,308.0
6657,308.0
6658,308.0
6659,308.0
6660,308.0
6661,250.0
6662,250.0
6663,250.0
6664,250.0
6665,250.0
6666,250.0
6667,250.0
6668,250.0
6669,250.0
6670,250.0
6671,250.0
6672,250.0
6673,250.0
6674,250.0
6675,250.0
6676,250.0
6677,250.0
6678,250.0
6679,250.0
6680,250.0
6681,250.0
6682,250.0
6683,250.0
6684,250.0
6685,250.0
6686,250.0
6687,250.0
6688,250.0
6689,250.0
6690,250.0
6691,250.0
6692,250.0
6693,250.0
6694,250.0
6695,250.0
6696,250.0
6697,250.0
6698,250.0
6699,250.0
6700,250.0
6701,250.0
6702,250.0
6703,250.0
6704,250.0
6705,250.0
6706,250.0
6707,250.0
6708,250.0
6709,250.0
6710,250.0
6711,250.0
6712,250.0
6713,250.0
6714,250.0
6715,250.0
6716,250.0
6717,250.0
6718,250.0
6719,250.0
6720,250.0
6721,250.0
6722,250.0
6723,250.0
6724,250.0
6725,250.0
6726,250.0
6727,250.0
6728,250.0
6729,250.0
6730,250.0
6731,250.0
6732,250.0
6733,250.0
6734,250.0
6735,250.0
6736,250.0
6737,250.0
6738,250.0
6739,250.0
6740,250.0
6741,250.0
6742,250.0
6743,250.0
6744,250.0
6745,250.0
6746,250.0
6747,250.0
6748,250.0
6749,250.0
6750,250.0
6751,250.0
6752,250.0
6753,250.0
6754,250.0
6755,250.0
6756,250.0
6757,250.0
6758,250.0
6759,250.0
6760,250.0
6761,250.0
6762,250.0
6763,250.0
6764,250.0
6765,250.0
6766,250.0
6767,250.0
6768,250.0
6769,250.0
6770,250.0
6771,250.0
6772,250.0
6773,250.0
6774,250.0
6775,250.0
6776,250.0
6777,250.0
6778,250.0
6779,250.0
6780,250.0
6781,250.0
6782,250.0
6783,250.0
6784,250.0
6785,250.0
6786,250.0
6787,250.0
6788,250.0
6789,250.0
6790,250.0
6791,250.0
6792,250.0
6793,250.0
6794,250.0
6795,250.0
6796,250.0
6797,250.0
6798,250.0
6799,250.0
6800,250.0
6801,250.0
6802,250.0
6803,250.0
6804,250.0
6805,250.0
6806,250.0
6807,250.0
6808,250.0
6809,250.0
6810,250.0
6811,250.0
6812,250.0
6813,250.0
6814,250.0
6815,250.0
6816,250.0
6817,250.0
6818,250.0
6819,250.0
6820,250.0
6821,160.0
6822,160.0
6823,160.0
6824,160.0
6825,160.0
6826,160.0
6827,160.0
6828,160.0
6829,160.0
6830,160.0
6831,160.0
6832,160.0
6833,160.0
6834,160.0
6835,160.0
6836,160.0
6837,160.0
6838,160.0
6839,160.0
6840,160.0
6841,160.0
6842,160.0
6843,160.0
6844,160.0
6845,160.0
6846,160.0
6847,160.0
6848,160.0
6849,160.0
6850,160.0
6851,160.0
6852,160.0
6853,160.0
6854,160.0
6855,160.0
6856,160.0
6857,160.0
6858,160.0
6859,160.0
6860,160.0
6861,160.0
6862,160.0
6863,160.0
6864,160.0
6865,160.0
6866,160.0
6867,160.0
6868,160.0
6869,160.0
6870,160.0
6871,160.0
6872,160.0
6873,160.0
6874,160.0
6875,160.0
6876,160.0
6877,160.0
6878,160.0
6879,160.0
6880,160.0
6881,160.0
6882,160.0
6883,160.0
6884,160.0
6885,160.0
6886,160.0
6887,160.0
6888,160.0
6889,160.0
6890,160.0
6891,160.0
6892,160.0
6893,160.0
6894,160.0
6895,160.0
6896,160.0
6897,160.0
6898,160.0
6899,160.0
6900,160.0
6901,160.0
6902,160.0
6903,160.0
6904,160.0
6905,160.0
6906,160.0
6907,160.0
6908,160.0
6909,160.0
6910,160.0
6911,160.0
6912,160.0
6913,160.0
6914,160.0
6915,160.0
6916,160.0
6917,160.0
6918,160.0
6919,160.0
6920,160.0
6921,160.0
6922,160.0
6923,160.0
6924,160.0
6925,160.0
6926,160.0
6927,160.0
6928,160.0
6929,160.0
6930,160.0
6931,160.0
6932,160.0
6933,160.0
6934,160.0
6935,160.0
6936,160.0
6937,160.0
6938,160.0
6939,160.0
6940,160.0
6941,160.0
6942,160.0
6943,160.0
6944,160.0
6945,160.0
6946,160.0
6947,160.0
6948,160.0
6949,160.0
6950,160.0
6951,160.0
6952,160.0
6953,160.0
6954,160.0
6955,160.0
6956,160.0
6957,160.0
6958,160.0
6959,160.0
6960,160.0
6961,140.0
6962,140.0
6963,140.0
6964,140.0
6965,140.0
6966,140.0
6967,140.0
6968,140.0
6969,140.0
6970,140.0
6971,140.0
6972,140.0
6973,140.0
6974,140.0
6975,140.0
6976,140.0
6977,140.0
6978,140.0
6979,140.0
6980,140.0
6981,140.0
6982,140.0
6983,140.0
6984,140.0
6985,140.0
6986,140.0
6987,140.0
6988,140.0
6989,140.0
6990,140.0
6991,140.0
6992,140.0
6993,140.0
6994,140.0
6995,140.0
6996,140.0
6997,140.0
6998,140.0
6999,140.0
7000,140.0
7001,140.0
7002,140.0
7003,140.0
7004,140.0
7005,140.0
7006,140.0
7007,140.0
7008,140.0
7009,140.0
7010,140.0
7011,140.0
7012,140.0
7013,140.0
7014,140.0
7015,140.0
7016,140.0
7017,140.0
7018,140.0
7019,140.0
7020,140.0
7021,140.0
7022,140.0
7023,140.0
7024,140.0
7025,140.0
7026,140.0
7027,140.0
7028,140.0
7029,140.0
7030,140.0
7031,140.0
7032,140.0
7033,140.0
7034,140.0
7035,140.0
7036,140.0
7037,140.0
7038,140.0
7039,140.0
7040,140.0
7041,140.0
7042,140.0
7043,140.0
7044,140.0
7045,140.0
7046,140.0
7047,140.0
7048,140.0
7049,140.0
7050,140.0
7051,140.0
7052,140.0
7053,140.0
7054,140.0
7055,140.0
7056,140.0
7057,140.0
7058,140.0
7059,140.0
7060,140.0
7061,140.0
7062,140.0
7063,140.0
7064,140.0
7065,140.0
7066,140.0
7067,140.0
7068,140.0
7069,140.0
7070,140.0
7071,140.0
7072,140.0
7073,140.0
7074,140.0
7075,140.0
7076,140.0
7077,140.0
7078,140.0
7079,140.0
7080,140.0
7081,140.0
7082,140.0
7083,140.0
7084,140.0
7085,124.0
7086,124.0
7087,124.0
7088,124.0
7089,124.0
7090,124.0
7091,124.0
7092,124.0
7093,124.0
7094,124.0
7095,124.0
7096,124.0
7097,124.0
7098,124.0
7099,124.0
7100,124.0
7101,124.0
7102,124.0
7103,124.0
7104,124.0
7105,124.0
7106,124.0
7107,124.0
7108,124.0
7109,124.0
7110,124.0
7111,124.0
7112,124.0
7113,124.0
7114,124.0
7115,124.0
7116,124.0
7117,124.0
7118,124.0
7119,124.0
7120,124.0
7121,124.0
7122,124.0
7123,124.0
7124,124.0
7125,124.0
7126,124.0
7127,124.0
7128,124.0
7129,124.0
7130,124.0
7131,124.0
7132,124.0
7133,124.0
7134,124.0
7135,124.0
7136,124.0
7137,124.0
7138,124.0
7139,124.0
7140,124.0
7141,124.0
7142,124.0
7143,124.0
7144,124.0
7145,124.0
7146,124.0
7147,124.0
7148,124.0
7149,124.0
7150,124.0
7151,124.0
7152,124.0
7153,124.0
7154,124.0
7155,124.0
7156,124.0
7157,124.0
7158,124.0
7159,124.0
7160,124.0
7161,124.0
7162,124.0
7163,124.0
7164,124.0
7165,124.0
7166,124.0
7167,124.0
7168,124.0
7169,124.0
7170,124.0
7171,124.0
7172,124.0
7173,124.0
7174,124.0
7175,124.0
7176,124.0
7177,124.0
7178,124.0
7179,124.0
7180,124.0
7181,124.0
7182,124.0
7183,124.0
7184,124.0
7185,124.0
7186,124.0
7187,124.0
7188,124.0
7189,124.0
7190,124.0
7191,124.0
7192,124.0
7193,124.0
7194,124.0
7195,124.0
7196,124.0
7197,124.0
7198,124.0
7199,124.0
7200,124.0
7201,124.0
7202,124.0
7203,124.0
7204,124.0
7205,124.0
7206,124.0
7207,124.0
7208,124.0
7209,124.0
7210,124.0
7211,124.0
7212,124.0
7213,124.0
7214,124.0
7215,124.0
7216,124.0
7217,124.0
7218,124.0
7219,124.0
7220,124.0
7221,124.0
7222,124.0
7223,124.0
7224,124.0
7225,124.0
7226,124.0
7227,124.0
7228,124.0
7229,124.0
7230,124.0
7231,124.0
7232,124.0
7233,124.0
7234,124.0
7235,124.0
7236,124.0
7237,124.0
7238,124.0
7239,124.0
7240,124.0
7241,124.0
7242,124.0
7243,124.0
7244,124.0
7245,124.0
7246,124.0
7247,124.0
7248,124.0
7249,124.0
7250,124.0
7251,124.0
7252,124.0
7253,124.0
7254,124.0
7255,124.0
7256,124.0
7257,124.0
7258,124.0
7259,124.0
7260,124.0
7261,124.0
7262,124.0
7263,124.0
7264,124.0
7265,180.0
7266,180.0
7267,180.0
7268,180.0
7269,180.0
7270,180.0
7271,180.0
7272,180.0
7273,180.0
7274,180.0
7275,180.0
7276,180.0
7277,180.0
7278,180.0
7279,180.0
7280,180.0
7281,180.0
7282,180.0
7283,180.0
7284,180.0
7285,180.0
7286,180.0
7287,180.0
7288,180.0
7289,180.0
7290,180.0
7291,180.0
7292,180.0
7293,180.0
7294,180.0
7295,180.0
7296,180.0
7297,180.0
7298,180.0
7299,180.0
7300,180.0
7301,180.0
7302,180.0
7303,180.0
7304,180.0
7305,180.0
7306,180.0
7307,180.0
7308,180.0
7309,180.0
7310,180.0
7311,180.0
7312,180.0
7313,180.0
7314,180.0
7315,180.0
7316,180.0
7317,180.0
7318,180.0
7319,180.0
7320,180.0
7321,180.0
7322,180.0
7323,180.0
7324,180.0
7325,180.0
7326,180.0
7327,180.0
7328,180.0
7329,180.0
7330,180.0
7331,180.0
7332,180.0
7333,180.0
7334,180.0
7335,180.0
7336,180.0
7337,180.0
7338,180.0
7339,180.0
7340,180.0
7341,180.0
7342,180.0
7343,180.0
7344,180.0
7345,180.0
7346,180.0
7347,180.0
7348,180.0
7349,180.0
7350,180.0
7351,180.0
7352,180.0
7353,180.0
7354,180.0
7355,180.0
7356,180.0
7357,180.0
7358,180.0
7359,180.0
7360,180.0
7361,180.0
7362,180.0
7363,180.0
7364,180.0
7365,180.0
7366,180.0
7367,180.0
7368,180.0
7369,180.0
7370,180.0
7371,180.0
7372,180.0
7373,180.0
7374,180.0
7375,180.0
7376,180.0
7377,180.0
7378,180.0
7379,180.0
7380,180.0
7381,180.0
7382,180.0
7383,180.0
7384,180.0
7385,180.0
7386,180.0
7387,180.0
7388,180.0
7389,180.0
7390,180.0
7391,180.0
7392,180.0
7393,180.0
7394,180.0
7395,180.0
7396,180.0
7397,180.0
7398,180.0
7399,180.0
7400,180.0
7401,180.0
7402,180.0
7403,180.0
7404,180.0
7405,180.0
7406,180.0
7407,180.0
7408,180.0
7409,180.0
7410,180.0
7411,180.0
7412,180.0
7413,180.0
7414,180.0
7415,180.0
7416,180.0
7417,180.0
7418,180.0
7419,180.0
7420,180.0
7421,180.0
7422,180.0
7423,180.0
7424,180.0
7425,180.0
7426,180.0
7427,180.0
7428,180.0
7429,180.0
7430,180.0
7431,180.0
7432,180.0
7433,180.0
7434,180.0
7435,170.0
7436,170.0
7437,170.0
7438,170.0
7439,170.0
7440,170.0
7441,170.0
7442,170.0
7443,170.0
7444,170.0
7445,170.0
7446,170.0
7447,170.0
7448,170.0
7449,170.0
7450,170.0
7451,170.0
7452,170.0
7453,170.0
7454,170.0
7455,170.0
7456,170.0
7457,170.0
7458,170.0
7459,170.0
7460,170.0
7461,170.0
7462,170.0
7463,170.0
7464,170.0
7465,170.0
7466,170.0
7467,170.0
7468,170.0
7469,170.0
7470,170.0
7471,170.0
7472,170.0
7473,170.0
7474,170.0
7475,170.0
7476,170.0
7477,170.0
7478,170.0
7479,170.0
7480,170.0
7481,170.0
7482,170.0
7483,170.0
7484,170.0
7485,170.0
7486,170.0
7487,170.0
7488,170.0
7489,170.0
7490,170.0
7491,170.0
7492,170.0
7493,170.0
7494,170.0
7495,170.0
7496,170.0
7497,170.0
7498,170.0
7499,170.0
7500,170.0
7501,170.0
7502,170.0
7503,170.0
7504,170.0
7505,170.0
7506,170.0
7507,170.0
7508,170.0
7509,170.0
7510,170.0
7511,170.0
7512,77.0
7513,77.0
7514,77.0
7515,77.0
7516,77.0
7517,77.0
7518,77.0
7519,77.0
7520,77.0
7521,77.0
7522,77.0
7523,77.0
7524,77.0
7525,77.0
7526,77.0
7527,77.0
7528,77.0
7529,77.0
7530,77.0
7531,77.0
7532,77.0
7533,77.0
7534,77.0
7535,77.0
7536,77.0
7537,77.0
7538,77.0
7539,77.0
7540,77.0
7541,77.0
7542,77.0
7543,77.0
7544,77.0
7545,77.0
7546,77.0
7547,77.0
7548,77.0
7549,77.0
7550,77.0
7551,77.0
7552,77.0
7553,77.0
7554,77.0
7555,77.0
7556,77.0
7557,77.0
7558,77.0
7559,77.0
7560,77.0
7561,77.0
7562,77.0
7563,77.0
7564,77.0
7565,77.0
7566,77.0
7567,77.0
7568,77.0
7569,77.0
7570,77.0
7571,77.0
7572,77.0
7573,77.0
7574,77.0
7575,77.0
7576,77.0
7577,77.0
7578,77.0
7579,77.0
7580,77.0
7581,77.0
7582,77.0
7583,77.0
7584,77.0
7585,77.0
7586,77.0
7587,77.0
7588,77.0
7589,77.0
7590,77.0
7591,77.0
7592,77.0
7593,77.0
7594,77.0
7595,77.0
7596,77.0
7597,77.0
7598,77.0
7599,77.0
7600,77.0
7601,77.0
7602,77.0
7603,77.0
7604,77.0
7605,77.0
7606,77.0
7607,77.0
7608,77.0
7609,77.0
7610,77.0
7611,77.0
7612,77.0
7613,77.0
7614,77.0
7615,77.0
7616,77.0
7617,77.0
7618,77.0
7619,77.0
7620,77.0
7621,77.0
7622,77.0
7623,77.0
7624,77.0
7625,77.0
7626,77.0
7627,77.0
7628,77.0
7629,77.0
7630,77.0
7631,77.0
7632,77.0
7633,77.0
7634,77.0
7635,77.0
7636,77.0
7637,77.0
7638,77.0
7639,77.0
7640,77.0
7641,77.0
7642,77.0
7643,77.0
7644,77.0
7645,77.0
7646,77.0
7647,77.0
7648,77.0
7649,77.0
7650,77.0
7651,77.0
7652,77.0
7653,77.0
7654,77.0
7655,77.0
7656,77.0
7657,77.0
7658,77.0
7659,77.0
7660,77.0
7661,77.0
7662,77.0
7663,77.0
7664,77.0
7665,77.0
7666,77.0
7667,77.0
7668,77.0
7669,77.0
7670,77.0
7671,77.0
7672,77.0
7673,77.0
7674,77.0
7675,77.0
7676,77.0
7677,77.0
7678,77.0
7679,77.0
7680,77.0
7681,77.0
7682,77.0
7683,77.0
7684,77.0
7685,77.0
7686,77.0
7687,77.0
7688,77.0
7689,77.0
7690,77.0
7691,77.0
7692,77.0
7693,77.0
7694,77.0
7695,77.0
7696,77.0
7697,77.0
7698,77.0
7699,77.0
7700,77.0
7701,77.0
7702,77.0
7703,77.0
7704,77.0
7705,77.0
7706,77.0
7707,77.0
7708,77.0
7709,77.0
7710,77.0
7711,77.0
7712,77.0
7713,77.0
7714,77.0
7715,77.0
7716,77.0
7717,77.0
7718,77.0
7719,77.0
7720,77.0
7721,77.0
7722,77.0
7723,77.0
7724,77.0
7725,77.0
7726,77.0
7727,77.0
7728,77.0
7729,77.0
7730,77.0
7731,219.0
7732,219.0
7733,219.0
7734,219.0
7735,219.0
7736,219.0
7737,219.0
7738,219.0
7739,219.0
7740,219.0
7741,219.0
7742,219.0
7743,219.0
7744,219.0
7745,219.0
7746,219.0
7747,219.0
7748,219.0
7749,219.0
7750,219.0
7751,219.0
7752,219.0
7753,219.0
7754,219.0
7755,219.0
7756,219.0
7757,219.0
7758,219.0
7759,219.0
7760,219.0
7761,219.0
7762,219.0
7763,219.0
7764,219.0
7765,219.0
7766,219.0
7767,219.0
7768,219.0
7769,219.0
7770,219.0
7771,219.0
7772,219.0
7773,219.0
7774,219.0
7775,219.0
7776,219.0
7777,219.0
7778,219.0
7779,219.0
7780,219.0
7781,219.0
7782,219.0
7783,219.0
7784,219.0
7785,219.0
7786,219.0
7787,219.0
7788,219.0
7789,219.0
7790,219.0
7791,219.0
7792,219.0
7793,219.0
7794,219.0
7795,219.0
7796,219.0
7797,219.0
7798,219.0
7799,219.0
7800,219.0
7801,219.0
7802,219.0
7803,219.0
7804,219.0
7805,219.0
7806,219.0
7807,219.0
7808,219.0
7809,219.0
7810,219.0
7811,219.0
7812,219.0
7813,219.0
7814,219.0
7815,219.0
7816,219.0
7817,219.0
7818,219.0
7819,219.0
7820,219.0
7821,219.0
7822,219.0
7823,219.0
7824,219.0
7825,219.0
7826,219.0
7827,219.0
7828,219.0
7829,219.0
7830,219.0
7831,219.0
7832,219.0
7833,219.0
7834,219.0
7835,219.0
7836,219.0
7837,219.0
7838,219.0
7839,219.0
7840,219.0
7841,219.0
7842,219.0
7843,219.0
7844,219.0
7845,219.0
7846,219.0
7847,219.0
7848,219.0
7849,219.0
7850,219.0
7851,219.0
7852,219.0
7853,219.0
7854,219.0
7855,219.0
7856,219.0
7857,219.0
7858,219.0
7859,219.0
7860,219.0
7861,219.0
7862,219.0
7863,219.0
7864,219.0
7865,219.0
7866,219.0
7867,219.0
7868,219.0
7869,219.0
7870,219.0
7871,219.0
7872,219.0
7873,142.0
7874,142.0
7875,142.0
7876,142.0
7877,142.0
7878,142.0
7879,142.0
7880,142.0
7881,142.0
7882,142.0
7883,142.0
7884,142.0
7885,142.0
7886,142.0
7887,142.0
7888,142.0
7889,142.0
7890,142.0
7891,142.0
7892,142.0
7893,142.0
7894,142.0
7895,142.0
7896,142.0
7897,142.0
7898,142.0
7899,142.0
7900,142.0
7901,142.0
7902,142.0
7903,142.0
7904,142.0
7905,142.0
7906,142.0
7907,142.0
7908,142.0
7909,142.0
7910,142.0
7911,142.0
7912,142.0
7913,142.0
7914,142.0
7915,142.0
7916,142.0
7917,142.0
7918,142.0
7919,142.0
7920,142.0
7921,142.0
7922,142.0
7923,142.0
7924,142.0
7925,142.0
7926,142.0
7927,142.0
7928,142.0
7929,142.0
7930,142.0
7931,142.0
7932,142.0
7933,142.0
7934,142.0
7935,142.0
7936,142.0
7937,142.0
7938,142.0
7939,142.0
7940,142.0
7941,142.0
7942,142.0
7943,142.0
7944,142.0
7945,142.0
7946,142.0
7947,142.0
7948,142.0
7949,142.0
7950,142.0
7951,142.0
7952,142.0
7953,142.0
7954,142.0
7955,142.0
7956,142.0
7957,142.0
7958,142.0
7959,142.0
7960,142.0
7961,142.0
7962,142.0
7963,142.0
7964,142.0
7965,142.0
7966,142.0
7967,142.0
7968,142.0
7969,142.0
7970,142.0
7971,142.0
7972,142.0
7973,142.0
7974,142.0
7975,142.0
7976,142.0
7977,142.0
7978,142.0
7979,142.0
7980,142.0
7981,142.0
7982,142.0
7983,142.0
7984,142.0
7985,142.0
7986,142.0
7987,142.0
7988,142.0
7989,142.0
7990,142.0
7991,142.0
7992,142.0
7993,142.0
7994,142.0
7995,142.0
7996,142.0
7997,142.0
7998,142.0
7999,142.0
8000,142.0
8001,142.0
8002,142.0
8003,142.0
8004,142.0
8005,142.0
8006,142.0
8007,142.0
8008,142.0
8009,142.0
8010,142.0
8011,142.0
8012,139.0
8013,139.0
8014,139.0
8015,139.0
8016,139.0
8017,139.0
8018,139.0
8019,139.0
8020,139.0
8021,139.0
8022,139.0
8023,139.0
8024,139.0
8025,139.0
8026,139.0
8027,139.0
8028,139.0
8029,139.0
8030,139.0
8031,139.0
8032,139.0
8033,139.0
8034,139.0
8035,139.0
8036,139.0
8037,139.0
8038,139.0
8039,139.0
8040,139.0
8041,139.0
8042,139.0
8043,139.0
8044,139.0
8045,139.0
8046,139.0
8047,139.0
8048,139.0
8049,139.0
8050,139.0
8051,139.0
8052,139.0
8053,139.0
8054,139.0
8055,139.0
8056,139.0
8057,139.0
8058,139.0
8059,139.0
8060,139.0
8061,139.0
8062,139.0
8063,139.0
8064,139.0
8065,139.0
8066,139.0
8067,139.0
8068,139.0
8069,139.0
8070,139.0
8071,139.0
8072,139.0
8073,139.0
8074,139.0
8075,139.0
8076,139.0
8077,139.0
8078,139.0
8079,139.0
8080,139.0
8081,139.0
8082,139.0
8083,139.0
8084,139.0
8085,139.0
8086,139.0
8087,139.0
8088,139.0
8089,139.0
8090,139.0
8091,139.0
8092,139.0
8093,139.0
8094,139.0
8095,139.0
8096,139.0
8097,139.0
8098,139.0
8099,139.0
8100,139.0
8101,139.0
8102,139.0
8103,139.0
8104,139.0
8105,139.0
8106,139.0
8107,139.0
8108,139.0
8109,139.0
8110,139.0
8111,139.0
8112,139.0
8113,139.0
8114,139.0
8115,139.0
8116,139.0
8117,139.0
8118,139.0
8119,139.0
8120,139.0
8121,139.0
8122,139.0
8123,139.0
8124,139.0
8125,139.0
8126,139.0
8127,139.0
8128,139.0
8129,139.0
8130,139.0
8131,139.0
8132,139.0
8133,139.0
8134,139.0
8135,139.0
8136,139.0
8137,139.0
8138,139.0
8139,139.0
8140,139.0
8141,139.0
8142,139.0
8143,139.0
8144,139.0
8145,139.0
8146,139.0
8147,139.0
8148,139.0
8149,139.0
8150,139.0
8151,139.0
8152,139.0
8153,139.0
8154,139.0
8155,139.0
8156,139.0
8157,139.0
8158,139.0
8159,139.0
8160,139.0
8161,139.0
8162,139.0
8163,139.0
8164,139.0
8165,139.0
8166,139.0
8167,139.0
8168,139.0
8169,139.0
8170,139.0
8171,139.0
8172,139.0
8173,139.0
8174,139.0
8175,139.0
8176,139.0
8177,139.0
8178,139.0
8179,139.0
8180,139.0
8181,139.0
8182,139.0
8183,139.0
8184,139.0
8185,139.0
8186,139.0
8187,139.0
8188,139.0
8189,139.0
8190,139.0
8191,139.0
8192,139.0
8193,139.0
8194,139.0
8195,139.0
8196,139.0
8197,139.0
8198,139.0
8199,139.0
8200,139.0
8201,139.0
8202,139.0
8203,139.0
8204,139.0
8205,139.0
8206,139.0
8207,139.0
8208,139.0
8209,139.0
8210,139.0
8211,139.0
8212,139.0
8213,139.0
8214,139.0
8215,139.0
8216,139.0
8217,139.0
8218,139.0
8219,139.0
8220,139.0
8221,139.0
8222,139.0
8223,139.0
8224,139.0
8225,139.0
8226,139.0
8227,139.0
8228,139.0
8229,139.0
8230,139.0
8231,139.0
8232,139.0
8233,139.0
8234,139.0
8235,139.0
8236,139.0
8237,139.0
8238,139.0
8239,139.0
8240,139.0
8241,139.0
8242,139.0
8243,139.0
8244,139.0
8245,139.0
8246,139.0
8247,139.0
8248,139.0
8249,139.0
8250,139.0
8251,139.0
8252,139.0
8253,139.0
8254,139.0
8255,139.0
8256,139.0
8257,139.0
8258,139.0
8259,139.0
8260,139.0
8261,139.0
8262,139.0
8263,139.0
8264,139.0
8265,139.0
8266,139.0
8267,139.0
8268,139.0
8269,139.0
8270,139.0
8271,139.0
8272,139.0
8273,139.0
8274,139.0
8275,139.0
8276,139.0
8277,139.0
8278,139.0
8279,139.0
8280,139.0
8281,139.0
8282,139.0
8283,139.0
8284,139.0
8285,139.0
8286,139.0
8287,139.0
8288,139.0
8289,139.0
8290,139.0
8291,139.0
8292,139.0
8293,139.0
8294,139.0
8295,139.0
8296,139.0
8297,139.0
8298,139.0
8299,139.0
8300,139.0
8301,139.0
8302,139.0
8303,139.0
8304,139.0
8305,139.0
8306,139.0
8307,139.0
8308,139.0
8309,139.0
8310,139.0
8311,139.0
8312,139.0
8313,139.0
8314,139.0
8315,139.0
8316,139.0
8317,139.0
8318,139.0
8319,139.0
8320,139.0
8321,139.0
8322,139.0
8323,139.0
8324,139.0
8325,139.0
8326,139.0
8327,139.0
8328,139.0
8329,139.0
8330,139.0
8331,139.0
8332,139.0
8333,139.0
8334,139.0
8335,139.0
8336,139.0
8337,139.0
8338,139.0
8339,139.0
8340,139.0
8341,139.0
8342,139.0
8343,139.0
8344,139.0
8345,139.0
8346,139.0
8347,335.0
8348,335.0
8349,335.0
8350,335.0
8351,335.0
8352,335.0
8353,335.0
8354,335.0
8355,335.0
8356,335.0
8357,335.0
8358,335.0
8359,335.0
8360,335.0
8361,335.0
8362,335.0
8363,335.0
8364,335.0
8365,335.0
8366,335.0
8367,335.0
8368,335.0
8369,335.0
8370,335.0
8371,335.0
8372,335.0
8373,335.0
8374,335.0
8375,335.0
8376,335.0
8377,335.0
8378,335.0
8379,335.0
8380,335.0
8381,335.0
8382,335.0
8383,335.0
8384,335.0
8385,335.0
8386,335.0
8387,335.0
8388,335.0
8389,335.0
8390,335.0
8391,335.0
8392,335.0
8393,335.0
8394,335.0
8395,335.0
8396,335.0
8397,335.0
8398,335.0
8399,335.0
8400,335.0
8401,335.0
8402,335.0
8403,335.0
8404,335.0
8405,335.0
8406,335.0
8407,335.0
8408,335.0
8409,335.0
8410,335.0
8411,335.0
8412,335.0
8413,335.0
8414,335.0
8415,335.0
8416,335.0
8417,335.0
8418,335.0
8419,335.0
8420,335.0
8421,335.0
8422,335.0
8423,335.0
8424,335.0
8425,335.0
8426,335.0
8427,335.0
8428,335.0
8429,335.0
8430,335.0
8431,335.0
8432,335.0
8433,335.0
8434,335.0
8435,335.0
8436,335.0
8437,335.0
8438,335.0
8439,335.0
8440,335.0
8441,335.0
8442,335.0
8443,335.0
8444,335.0
8445,335.0
8446,335.0
8447,335.0
8448,335.0
8449,335.0
8450,335.0
8451,335.0
8452,335.0
8453,335.0
8454,335.0
8455,335.0
8456,335.0
8457,335.0
8458,335.0
8459,335.0
8460,335.0
8461,335.0
8462,335.0
8463,335.0
8464,335.0
8465,335.0
8466,335.0
8467,335.0
8468,335.0
8469,335.0
8470,335.0
8471,335.0
8472,335.0
8473,335.0
8474,335.0
8475,335.0
8476,335.0
8477,335.0
8478,335.0
8479,335.0
8480,335.0
8481,335.0
8482,335.0
8483,335.0
8484,335.0
8485,335.0
8486,335.0
8487,335.0
8488,335.0
8489,335.0
8490,335.0
8491,335.0
8492,335.0
8493,335.0
8494,335.0
8495,335.0
8496,335.0
8497,335.0
8498,335.0
8499,335.0
8500,335.0
8501,335.0
8502,335.0
8503,335.0
8504,335.0
8505,335.0
8506,335.0
8507,335.0
8508,335.0
8509,335.0
8510,335.0
8511,335.0
8512,335.0
8513,335.0
8514,335.0
8515,335.0
8516,335.0
8517,335.0
8518,335.0
8519,335.0
8520,335.0
8521,335.0
8522,335.0
8523,335.0
8524,335.0
8525,335.0
8526,335.0
8527,335.0
8528,335.0
8529,335.0
8530,335.0
8531,335.0
8532,335.0
8533,335.0
8534,335.0
8535,335.0
8536,335.0
8537,335.0
8538,335.0
8539,335.0
8540,335.0
8541,335.0
8542,335.0
8543,335.0
8544,335.0
8545,335.0
8546,335.0
8547,335.0
8548,335.0
8549,335.0
8550,335.0
8551,335.0
8552,335.0
8553,335.0
8554,335.0
8555,335.0
8556,335.0
8557,335.0
8558,335.0
8559,335.0
8560,335.0
8561,335.0
8562,335.0
8563,335.0
8564,335.0
8565,335.0
8566,335.0
8567,335.0
8568,335.0
8569,335.0
8570,335.0
8571,335.0
8572,335.0
8573,335.0
8574,335.0
8575,335.0
8576,335.0
8577,335.0
8578,335.0
8579,335.0
8580,335.0
8581,335.0
8582,335.0
8583,335.0
8584,335.0
8585,335.0
8586,335.0
8587,335.0
8588,335.0
8589,335.0
8590,335.0
8591,335.0
8592,335.0
8593,335.0
8594,335.0
8595,335.0
8596,335.0
8597,335.0
8598,335.0
8599,335.0
8600,335.0
8601,335.0
8602,335.0
8603,335.0
8604,335.0
8605,335.0
8606,335.0
8607,335.0
8608,335.0
8609,335.0
8610,335.0
8611,335.0
8612,335.0
8613,335.0
8614,335.0
8615,335.0
8616,335.0
8617,335.0
8618,335.0
8619,335.0
8620,335.0
8621,335.0
8622,335.0
8623,335.0
8624,335.0
8625,335.0
8626,335.0
8627,335.0
8628,335.0
8629,335.0
8630,335.0
8631,335.0
8632,335.0
8633,335.0
8634,335.0
8635,335.0
8636,335.0
8637,335.0
8638,335.0
8639,335.0
8640,335.0
8641,335.0
8642,335.0
8643,335.0
8644,335.0
8645,335.0
8646,335.0
8647,335.0
8648,335.0
8649,335.0
8650,335.0
8651,335.0
8652,335.0
8653,335.0
8654,335.0
8655,335.0
8656,335.0
8657,335.0
8658,335.0
8659,335.0
8660,335.0
8661,335.0
8662,335.0
8663,335.0
8664,335.0
8665,335.0
8666,335.0
8667,335.0
8668,335.0
8669,335.0
8670,335.0
8671,335.0
8672,335.0
8673,335.0
8674,335.0
8675,335.0
8676,335.0
8677,335.0
8678,335.0
8679,335.0
8680,335.0
8681,335.0
8682,335.0
8683,335.0
8684,335.0
8685,335.0
8686,335.0
8687,335.0
8688,335.0
8689,335.0
8690,335.0
8691,335.0
8692,335.0
8693,335.0
8694,335.0
8695,335.0
8696,335.0
8697,335.0
8698,335.0
8699,335.0
8700,335.0
8701,335.0
8702,335.0
8703,335.0
8704,335.0
8705,335.0
8706,335.0
8707,335.0
8708,335.0
8709,335.0
8710,335.0
8711,335.0
8712,335.0
8713,335.0
8714,335.0
8715,335.0
8716,335.0
8717,335.0
8718,335.0
8719,335.0
8720,335.0
8721,335.0
8722,335.0
8723,335.0
8724,335.0
8725,335.0
8726,335.0
8727,335.0
8728,335.0
8729,335.0
8730,335.0
8731,335.0
8732,335.0
8733,335.0
8734,335.0
8735,335.0
8736,335.0
8737,335.0
8738,335.0
8739,335.0
8740,335.0
8741,335.0
8742,335.0
8743,335.0
8744,335.0
8745,335.0
8746,335.0
8747,335.0
8748,335.0
8749,335.0
8750,335.0
8751,335.0
8752,405.0
8753,405.0
8754,405.0
8755,405.0
8756,405.0
8757,405.0
8758,405.0
8759,405.0
8760,405.0
8761,405.0
8762,405.0
8763,405.0
8764,405.0
8765,405.0
8766,405.0
8767,405.0
8768,405.0
8769,405.0
8770,405.0
8771,405.0
8772,405.0
8773,405.0
8774,405.0
8775,405.0
8776,405.0
8777,405.0
8778,405.0
8779,405.0
8780,405.0
8781,405.0
8782,405.0
8783,405.0
8784,405.0
8785,405.0
8786,405.0
8787,405.0
8788,405.0
8789,405.0
8790,405.0
8791,405.0
8792,405.0
8793,405.0
8794,405.0
8795,405.0
8796,405.0
8797,405.0
8798,405.0
8799,405.0
8800,405.0
8801,405.0
8802,405.0
8803,405.0
8804,405.0
8805,405.0
8806,405.0
8807,405.0
8808,405.0
8809,405.0
8810,405.0
8811,405.0
8812,405.0
8813,405.0
8814,405.0
8815,405.0
8816,405.0
8817,405.0
8818,405.0
8819,405.0
8820,405.0
8821,405.0
8822,405.0
8823,405.0
8824,405.0
8825,405.0
8826,405.0
8827,405.0
8828,405.0
8829,405.0
8830,405.0
8831,405.0
8832,405.0
8833,405.0
8834,405.0
8835,405.0
8836,405.0
8837,405.0
8838,405.0
8839,405.0
8840,405.0
8841,405.0
8842,405.0
8843,405.0
8844,405.0
8845,405.0
8846,405.0
8847,405.0
8848,405.0
8849,405.0
8850,405.0
8851,405.0
8852,405.0
8853,405.0
8854,405.0
8855,405.0
8856,405.0
8857,405.0
8858,405.0
8859,405.0
8860,405.0
8861,405.0
8862,405.0
8863,405.0
8864,405.0
8865,405.0
8866,405.0
8867,405.0
8868,405.0
8869,405.0
8870,405.0
8871,405.0
8872,405.0
8873,405.0
8874,405.0
8875,405.0
8876,405.0
8877,405.0
8878,405.0
8879,405.0
8880,405.0
8881,405.0
8882,405.0
8883,405.0
8884,405.0
8885,405.0
8886,405.0
8887,405.0
8888,405.0
8889,405.0
8890,405.0
8891,405.0
8892,405.0
8893,405.0
8894,405.0
8895,405.0
8896,405.0
8897,405.0
8898,405.0
8899,405.0
8900,405.0
8901,405.0
8902,405.0
8903,405.0
8904,405.0
8905,405.0
8906,405.0
8907,405.0
8908,405.0
8909,405.0
8910,405.0
8911,405.0
8912,405.0
8913,405.0
8914,405.0
8915,405.0
8916,405.0
8917,405.0
8918,405.0
8919,405.0
8920,405.0
8921,405.0
8922,405.0
8923,405.0
8924,405.0
8925,405.0
8926,405.0
8927,405.0
8928,405.0
8929,405.0
8930,405.0
8931,405.0
8932,405.0
8933,405.0
8934,405.0
8935,405.0
8936,405.0
8937,405.0
8938,405.0
8939,405.0
8940,405.0
8941,405.0
8942,405.0
8943,405.0
8944,405.0
8945,405.0
8946,405.0
8947,405.0
8948,405.0
8949,405.0
8950,405.0
8951,405.0
8952,405.0
8953,405.0
8954,405.0
8955,405.0
8956,405.0
8957,405.0
8958,405.0
8959,405.0
8960,405.0
8961,405.0
8962,405.0
8963,405.0
8964,405.0
8965,405.0
8966,405.0
8967,405.0
8968,405.0
8969,405.0
8970,405.0
8971,405.0
8972,405.0
8973,405.0
8974,405.0
8975,405.0
8976,405.0
8977,405.0
8978,405.0
8979,405.0
8980,405.0
8981,405.0
8982,405.0
8983,405.0
8984,405.0
8985,233.0
8986,233.0
8987,233.0
8988,233.0
8989,233.0
8990,233.0
8991,233.0
8992,233.0
8993,233.0
8994,233.0
8995,233.0
8996,233.0
8997,233.0
8998,233.0
8999,233.0
9000,233.0
9001,233.0
9002,233.0
9003,233.0
9004,233.0
9005,233.0
9006,233.0
9007,233.0
9008,233.0
9009,233.0
9010,233.0
9011,233.0
9012,233.0
9013,233.0
9014,233.0
9015,233.0
9016,233.0
9017,233.0
9018,233.0
9019,233.0
9020,233.0
9021,233.0
9022,233.0
9023,233.0
9024,233.0
9025,233.0
9026,233.0
9027,233.0
9028,233.0
9029,233.0
9030,233.0
9031,233.0
9032,233.0
9033,233.0
9034,233.0
9035,233.0
9036,233.0
9037,233.0
9038,233.0
9039,233.0
9040,233.0
9041,233.0
9042,233.0
9043,233.0
9044,233.0
9045,233.0
9046,233.0
9047,233.0
9048,233.0
9049,233.0
9050,233.0
9051,233.0
9052,233.0
9053,233.0
9054,233.0
9055,233.0
9056,233.0
9057,233.0
9058,233.0
9059,233.0
9060,233.0
9061,233.0
9062,233.0
9063,233.0
9064,233.0
9065,233.0
9066,233.0
9067,233.0
9068,233.0
9069,233.0
9070,233.0
9071,233.0
9072,233.0
9073,233.0
9074,233.0
9075,233.0
9076,233.0
9077,233.0
9078,233.0
9079,233.0
9080,233.0
9081,233.0
9082,233.0
9083,233.0
9084,233.0
9085,233.0
9086,233.0
9087,233.0
9088,233.0
9089,233.0
9090,233.0
9091,233.0
9092,233.0
9093,233.0
9094,233.0
9095,233.0
9096,233.0
9097,233.0
9098,233.0
9099,233.0
9100,233.0
9101,233.0
9102,233.0
9103,233.0
9104,233.0
9105,233.0
9106,233.0
9107,233.0
9108,233.0
9109,233.0
9110,233.0
9111,233.0
9112,233.0
9113,233.0
9114,233.0
9115,233.0
9116,233.0
9117,233.0
9118,233.0
9119,233.0
9120,233.0
9121,233.0
9122,233.0
9123,233.0
9124,233.0
9125,233.0
9126,233.0
9127,233.0
9128,233.0
9129,233.0
9130,233.0
9131,233.0
9132,233.0
9133,233.0
9134,233.0
9135,233.0
9136,233.0
9137,233.0
9138,233.0
9139,233.0
9140,233.0
9141,233.0
9142,233.0
9143,233.0
9144,233.0
9145,233.0
9146,233.0
9147,233.0
9148,233.0
9149,233.0
9150,233.0
9151,233.0
9152,233.0
9153,233.0
9154,233.0
9155,233.0
9156,233.0
9157,233.0
9158,233.0
9159,233.0
9160,233.0
9161,233.0
9162,233.0
9163,233.0
9164,233.0
9165,233.0
9166,233.0
9167,233.0
9168,233.0
9169,233.0
9170,233.0
9171,233.0
9172,233.0
9173,233.0
9174,233.0
9175,233.0
9176,233.0
9177,233.0
9178,233.0
9179,233.0
9180,233.0
9181,233.0
9182,233.0
9183,233.0
9184,233.0
9185,233.0
9186,233.0
9187,233.0
9188,233.0
9189,233.0
9190,233.0
9191,233.0
9192,233.0
9193,233.0
9194,233.0
9195,233.0
9196,233.0
9197,233.0
9198,233.0
9199,233.0
9200,233.0
9201,233.0
9202,233.0
9203,233.0
9204,233.0
9205,233.0
9206,233.0
9207,233.0
9208,233.0
9209,233.0
9210,233.0
9211,233.0
9212,233.0
9213,233.0
9214,233.0
9215,233.0
9216,233.0
9217,233.0
9218,233.0
9219,233.0
9220,233.0
9221,233.0
9222,233.0
9223,233.0
9224,233.0
9225,233.0
9226,233.0
9227,233.0
9228,233.0
9229,233.0
9230,233.0
9231,233.0
9232,233.0
9233,233.0
9234,233.0
9235,233.0
9236,233.0
9237,233.0
9238,233.0
9239,233.0
9240,233.0
9241,233.0
9242,233.0
9243,233.0
9244,233.0
9245,233.0
9246,233.0
9247,233.0
9248,233.0
9249,233.0
9250,233.0
9251,233.0
9252,233.0
9253,233.0
9254,233.0
9255,233.0
9256,233.0
9257,233.0
9258,233.0
9259,233.0
9260,233.0
9261,233.0
9262,233.0
9263,233.0
9264,233.0
9265,233.0
9266,233.0
9267,233.0
9268,233.0
9269,233.0
9270,233.0
9271,233.0
9272,233.0
9273,233.0
9274,233.0
9275,233.0
9276,233.0
9277,233.0
9278,233.0
9279,233.0
9280,233.0
9281,233.0
9282,233.0
9283,233.0
9284,233.0
9285,233.0
9286,233.0
9287,233.0
9288,233.0
9289,233.0
9290,233.0
9291,233.0
9292,233.0
9293,233.0
9294,233.0
9295,233.0
9296,233.0
9297,233.0
9298,233.0
9299,233.0
9300,233.0
9301,233.0
9302,233.0
9303,233.0
9304,233.0
9305,233.0
9306,233.0
9307,233.0
9308,233.0
9309,233.0
9310,233.0
9311,233.0
9312,233.0
9313,233.0
9314,233.0
9315,233.0
9316,233.0
9317,233.0
9318,233.0
9319,233.0
9320,233.0
9321,233.0
9322,233.0
9323,233.0
9324,233.0
9325,233.0
9326,233.0
9327,233.0
9328,233.0
9329,233.0
9330,233.0
9331,233.0
9332,233.0
9333,233.0
9334,233.0
9335,233.0
9336,233.0
9337,233.0
9338,233.0
9339,233.0
9340,233.0
9341,233.0
9342,233.0
9343,233.0
9344,233.0
9345,233.0
9346,233.0
9347,233.0
9348,233.0
9349,233.0
9350,233.0
9351,233.0
9352,233.0
9353,233.0
9354,233.0
9355,233.0
9356,233.0
9357,233.0
9358,233.0
9359,233.0
9360,233.0
9361,233.0
9362,233.0
9363,233.0
9364,233.0
9365,233.0
9366,233.0
9367,233.0
9368,233.0
9369,233.0
9370,233.0
9371,233.0
9372,233.0
9373,233.0
9374,233.0
9375,233.0
9376,233.0
9377,233.0
9378,233.0
9379,233.0
9380,233.0
9381,233.0
9382,233.0
9383,233.0
9384,233.0
9385,233.0
9386,233.0
9387,233.0
9388,233.0
9389,233.0
9390,233.0
9391,233.0
9392,233.0
9393,233.0
9394,233.0
9395,233.0
9396,233.0
9397,233.0
9398,233.0
9399,233.0
9400,233.0
9401,233.0
9402,233.0
9403,233.0
9404,233.0
9405,233.0
9406,233.0
9407,233.0
9408,233.0
9409,233.0
9410,233.0
9411,233.0
9412,233.0
9413,233.0
9414,233.0
9415,233.0
9416,233.0
9417,233.0
9418,233.0
9419,233.0
9420,233.0
9421,233.0
9422,233.0
9423,233.0
9424,233.0
9425,233.0
9426,233.0
9427,233.0
9428,233.0
9429,233.0
9430,233.0
9431,233.0
9432,233.0
9433,233.0
9434,233.0
9435,233.0
9436,233.0
9437,233.0
9438,233.0
9439,233.0
9440,233.0
9441,233.0
9442,233.0
9443,233.0
9444,233.0
9445,233.0
9446,233.0
9447,233.0
9448,233.0
9449,233.0
9450,233.0
9451,233.0
9452,233.0
9453,233.0
9454,233.0
9455,233.0
9456,233.0
9457,233.0
9458,233.0
9459,233.0
9460,233.0
9461,233.0
9462,233.0
9463,233.0
9464,233.0
9465,233.0
9466,233.0
9467,233.0
9468,233.0
9469,233.0
9470,233.0
9471,233.0
9472,233.0
9473,233.0
9474,233.0
9475,233.0
9476,233.0
9477,233.0
9478,233.0
9479,233.0
9480,233.0
9481,233.0
9482,233.0
9483,233.0
9484,233.0
9485,500.0
9486,500.0
9487,500.0
9488,500.0
9489,500.0
9490,500.0
9491,500.0
9492,500.0
9493,500.0
9494,500.0
9495,500.0
9496,500.0
9497,500.0
9498,500.0
9499,500.0
9500,500.0
9501,500.0
9502,500.0
9503,500.0
9504,500.0
9505,500.0
9506,500.0
9507,500.0
9508,500.0
9509,500.0
9510,500.0
9511,500.0
9512,500.0
9513,500.0
9514,500.0
9515,500.0
9516,500.0
9517,500.0
9518,500.0
9519,500.0
9520,500.0
9521,500.0
9522,500.0
9523,500.0
9524,500.0
9525,500.0
9526,500.0
9527,500.0
9528,500.0
9529,500.0
9530,500.0
9531,500.0
9532,500.0
9533,500.0
9534,500.0
9535,500.0
9536,500.0
9537,500.0
9538,500.0
9539,500.0
9540,500.0
9541,500.0
9542,500.0
9543,500.0
9544,500.0
9545,500.0
9546,500.0
9547,500.0
9548,500.0
9549,500.0
9550,500.0
9551,500.0
9552,500.0
9553,500.0
9554,500.0
9555,500.0
9556,500.0
9557,500.0
9558,500.0
9559,500.0
9560,500.0
9561,500.0
9562,500.0
9563,500.0
9564,500.0
9565,500.0
9566,500.0
9567,500.0
9568,500.0
9569,500.0
9570,500.0
9571,500.0
9572,500.0
9573,500.0
9574,500.0
9575,500.0
9576,500.0
9577,500.0
9578,500.0
9579,500.0
9580,500.0
9581,500.0
9582,500.0
9583,500.0
9584,500.0
9585,500.0
9586,500.0
9587,500.0
9588,500.0
9589,500.0
9590,500.0
9591,500.0
9592,500.0
9593,500.0
9594,500.0
9595,500.0
9596,500.0
9597,500.0
9598,500.0
9599,500.0
9600,500.0
9601,500.0
9602,500.0
9603,500.0
9604,500.0
9605,500.0
9606,500.0
9607,500.0
9608,500.0
9609,500.0
9610,500.0
9611,500.0
9612,500.0
9613,500.0
9614,500.0
9615,500.0
9616,500.0
9617,500.0
9618,500.0
9619,500.0
9620,500.0
9621,500.0
9622,500.0
9623,500.0
9624,500.0
9625,500.0
9626,500.0
9627,500.0
9628,500.0
9629,500.0
9630,500.0
9631,500.0
9632,500.0
9633,500.0
9634,500.0
9635,500.0
9636,500.0
9637,500.0
9638,500.0
9639,500.0
9640,500.0
9641,500.0
9642,500.0
9643,500.0
9644,500.0
9645,500.0
9646,500.0
9647,500.0
9648,500.0
9649,500.0
9650,500.0
9651,500.0
9652,500.0
9653,500.0
9654,500.0
9655,500.0
9656,500.0
9657,500.0
9658,500.0
9659,500.0
9660,500.0
9661,500.0
9662,500.0
9663,500.0
9664,500.0
9665,500.0
9666,500.0
9667,500.0
9668,500.0
9669,500.0
9670,500.0
9671,500.0
9672,500.0
9673,500.0
9674,500.0
9675,500.0
9676,500.0
9677,500.0
9678,500.0
9679,500.0
9680,500.0
9681,500.0
9682,500.0
9683,500.0
9684,500.0
9685,500.0
9686,500.0
9687,500.0
9688,500.0
9689,500.0
9690,500.0
9691,500.0
9692,500.0
9693,500.0
9694,500.0
9695,500.0
9696,500.0
9697,500.0
9698,500.0
9699,500.0
9700,500.0
9701,500.0
9702,500.0
9703,500.0
9704,500.0
9705,500.0
9706,500.0
9707,500.0
9708,500.0
9709,500.0
9710,500.0
9711,500.0
9712,500.0
9713,500.0
9714,500.0
9715,500.0
9716,500.0
9717,500.0
9718,500.0
9719,500.0
9720,500.0
9721,500.0
9722,500.0
9723,500.0
9724,500.0
9725,500.0
9726,500.0
9727,500.0
9728,500.0
9729,500.0
9730,500.0
9731,500.0
9732,500.0
9733,500.0
9734,500.0
9735,500.0
9736,500.0
9737,500.0
9738,500.0
9739,500.0
9740,500.0
9741,500.0
9742,500.0
9743,500.0
9744,500.0
9745,500.0
9746,500.0
9747,500.0
9748,500.0
9749,500.0
9750,500.0
9751,500.0
9752,500.0
9753,500.0
9754,500.0
9755,500.0
9756,500.0
9757,500.0
9758,500.0
9759,500.0
9760,500.0
9761,500.0
9762,500.0
9763,500.0
9764,500.0
9765,500.0
9766,500.0
9767,500.0
9768,500.0
9769,500.0
9770,500.0
9771,500.0
9772,500.0
9773,500.0
9774,500.0
9775,500.0
9776,500.0
9777,500.0
9778,500.0
9779,500.0
9780,500.0
9781,500.0
9782,500.0
9783,500.0
9784,500.0
9785,500.0
9786,500.0
9787,500.0
9788,500.0
9789,500.0
9790,500.0
9791,500.0
9792,500.0
9793,500.0
9794,500.0
9795,500.0
9796,500.0
9797,500.0
9798,500.0
9799,500.0
9800,500.0
9801,500.0
9802,500.0
9803,500.0
9804,500.0
9805,500.0
9806,500.0
9807,500.0
9808,500.0
9809,500.0
9810,500.0
9811,500.0
9812,500.0
9813,500.0
9814,500.0
9815,500.0
9816,500.0
9817,500.0
9818,500.0
9819,500.0
9820,500.0
9821,500.0
9822,500.0
9823,500.0
9824,500.0
9825,500.0
9826,500.0
9827,500.0
9828,500.0
9829,500.0
9830,500.0
9831,500.0
9832,500.0
9833,500.0
9834,500.0
9835,500.0
9836,500.0
9837,500.0
9838,500.0
9839,500.0
9840,500.0
9841,500.0
9842,500.0
9843,500.0
9844,500.0
9845,500.0
9846,500.0
9847,500.0
9848,500.0
9849,500.0
9850,500.0
9851,500.0
9852,500.0
9853,500.0
9854,500.0
9855,500.0
9856,500.0
9857,500.0
9858,500.0
9859,500.0
9860,500.0
9861,500.0
9862,500.0
9863,500.0
9864,500.0
9865,500.0
9866,500.0
9867,500.0
9868,500.0
9869,500.0
9870,500.0
9871,500.0
9872,500.0
9873,500.0
9874,500.0
9875,500.0
9876,500.0
9877,500.0
9878,500.0
9879,500.0
9880,500.0
9881,500.0
9882,500.0
9883,500.0
9884,500.0
9885,500.0
9886,500.0
9887,500.0
9888,500.0
9889,500.0
9890,500.0
9891,500.0
9892,500.0
9893,500.0
9894,500.0
9895,500.0
9896,500.0
9897,500.0
9898,500.0
9899,500.0
9900,500.0
9901,500.0
9902,500.0
9903,500.0
9904,500.0
9905,500.0
9906,500.0
9907,500.0
9908,500.0
9909,500.0
9910,500.0
9911,500.0
9912,500.0
9913,500.0
9914,500.0
9915,500.0
9916,500.0
9917,500.0
9918,500.0
9919,500.0
9920,500.0
9921,500.0
9922,500.0
9923,500.0
9924,500.0
9925,500.0
9926,500.0
9927,500.0
9928,500.0
9929,500.0
9930,500.0
9931,500.0
9932,500.0
9933,500.0
9934,500.0
9935,500.0
9936,500.0
9937,500.0
9938,500.0
9939,500.0
9940,500.0
9941,456.0
9942,456.0
9943,456.0
9944,456.0
9945,456.0
9946,456.0
9947,456.0
9948,456.0
9949,456.0
9950,456.0
9951,456.0
9952,456.0
9953,456.0
9954,456.0
9955,456.0
9956,456.0
9957,456.0
9958,456.0
9959,456.0
9960,456.0
9961,456.0
9962,456.0
9963,456.0
9964,456.0
9965,456.0
9966,456.0
9967,456.0
9968,456.0
9969,456.0
9970,456.0
9971,456.0
9972,456.0
9973,456.0
9974,456.0
9975,456.0
9976,456.0
9977,456.0
9978,456.0
9979,456.0
9980,456.0
9981,456.0
9982,456.0
9983,456.0
9984,456.0
9985,456.0
9986,456.0
9987,456.0
9988,456.0
9989,456.0
9990,456.0
9991,456.0
9992,456.0
9993,456.0
9994,456.0
9995,456.0
9996,456.0
9997,456.0
9998,456.0
9999,456.0
10000,456.0
10001,456.0
10002,456.0
10003,456.0
10004,456.0
10005,456.0
10006,456.0
10007,456.0
10008,456.0
10009,456.0
10010,456.0
10011,456.0
10012,456.0
10013,456.0
10014,456.0
10015,456.0
10016,456.0
10017,456.0
10018,456.0
10019,456.0
10020,456.0
10021,456.0
10022,456.0
10023,456.0
10024,456.0
10025,456.0
10026,456.0
10027,456.0
10028,456.0
10029,456.0
10030,456.0
10031,456.0
10032,456.0
10033,456.0
10034,456.0
10035,456.0
10036,456.0
10037,456.0
10038,456.0
10039,456.0
10040,456.0
10041,456.0
10042,456.0
10043,456.0
10044,456.0
10045,456.0
10046,456.0
10047,456.0
10048,456.0
10049,456.0
10050,456.0
10051,456.0
10052,456.0
10053,456.0
10054,456.0
10055,456.0
10056,456.0
10057,456.0
10058,456.0
10059,456.0
10060,456.0
10061,456.0
10062,456.0
10063,456.0
10064,456.0
10065,456.0
10066,456.0
10067,456.0
10068,456.0
10069,456.0
10070,456.0
10071,456.0
10072,456.0
10073,456.0
10074,456.0
10075,456.0
10076,456.0
10077,456.0
10078,456.0
10079,456.0
10080,456.0
10081,456.0
10082,456.0
10083,456.0
10084,456.0
10085,456.0
10086,456.0
10087,456.0
10088,456.0
10089,456.0
10090,456.0
10091,456.0
10092,456.0
10093,456.0
10094,456.0
10095,456.0
10096,456.0
10097,456.0
10098,456.0
10099,456.0
10100,456.0
10101,456.0
10102,456.0
10103,456.0
10104,456.0
10105,456.0
10106,456.0
10107,456.0
10108,456.0
10109,456.0
10110,456.0
10111,456.0
10112,456.0
10113,456.0
10114,456.0
10115,456.0
10116,456.0
10117,456.0
10118,456.0
10119,456.0
10120,456.0
10121,456.0
10122,456.0
10123,456.0
10124,456.0
10125,456.0
10126,456.0
10127,456.0
10128,456.0
10129,456.0
10130,456.0
10131,456.0
10132,456.0
10133,456.0
10134,456.0
10135,456.0
10136,456.0
10137,456.0
10138,456.0
10139,456.0
10140,456.0
10141,456.0
10142,456.0
10143,456.0
10144,456.0
10145,456.0
10146,456.0
10147,456.0
10148,456.0
10149,456.0
10150,456.0
10151,456.0
10152,456.0
10153,456.0
10154,456.0
10155,456.0
10156,456.0
10157,456.0
10158,456.0
10159,456.0
10160,456.0
10161,456.0
10162,456.0
10163,456.0
10164,456.0
10165,456.0
10166,456.0
10167,456.0
10168,456.0
10169,456.0
10170,456.0
10171,456.0
10172,456.0
10173,456.0
10174,456.0
10175,456.0
10176,456.0
10177,456.0
10178,456.0
10179,456.0
10180,456.0
10181,456.0
10182,456.0
10183,456.0
10184,456.0
10185,456.0
10186,456.0
10187,456.0
10188,456.0
10189,456.0
10190,456.0
10191,456.0
10192,456.0
10193,456.0
10194,456.0
10195,456.0
10196,456.0
10197,456.0
10198,456.0
10199,456.0
10200,456.0
10201,456.0
10202,456.0
10203,456.0
10204,456.0
10205,456.0
10206,456.0
10207,456.0
10208,456.0
10209,456.0
10210,456.0
10211,456.0
10212,456.0
10213,456.0
10214,456.0
10215,456.0
10216,456.0
10217,456.0
10218,456.0
10219,456.0
10220,456.0
10221,456.0
10222,456.0
10223,456.0
10224,456.0
10225,456.0
10226,456.0
10227,456.0
10228,456.0
10229,456.0
10230,456.0
10231,456.0
10232,456.0
10233,456.0
10234,456.0
10235,456.0
10236,456.0
10237,456.0
10238,456.0
10239,456.0
10240,456.0
10241,456.0
10242,456.0
10243,456.0
10244,456.0
10245,456.0
10246,456.0
10247,456.0
10248,456.0
10249,456.0
10250,456.0
10251,456.0
10252,456.0
10253,456.0
10254,456.0
10255,456.0
10256,456.0
10257,456.0
10258,456.0
10259,456.0
10260,456.0
10261,456.0
10262,456.0
10263,456.0
10264,456.0
10265,456.0
10266,456.0
10267,326.0
10268,326.0
10269,326.0
10270,326.0
10271,326.0
10272,326.0
10273,326.0
10274,326.0
10275,326.0
10276,326.0
10277,326.0
10278,326.0
10279,326.0
10280,326.0
10281,326.0
10282,326.0
10283,326.0
10284,326.0
10285,326.0
10286,326.0
10287,326.0
10288,326.0
10289,326.0
10290,326.0
10291,326.0
10292,326.0
10293,326.0
10294,326.0
10295,326.0
10296,326.0
10297,326.0
10298,326.0
10299,326.0
10300,326.0
10301,326.0
10302,326.0
10303,326.0
10304,326.0
10305,326.0
10306,326.0
10307,326.0
10308,326.0
10309,326.0
10310,326.0
10311,326.0
10312,326.0
10313,326.0
10314,326.0
10315,326.0
10316,326.0
10317,326.0
10318,326.0
10319,326.0
10320,326.0
10321,326.0
10322,326.0
10323,326.0
10324,326.0
10325,326.0
10326,326.0
10327,326.0
10328,326.0
10329,326.0
10330,326.0
10331,326.0
10332,65.0
10333,65.0
10334,65.0
10335,65.0
10336,65.0
10337,65.0
10338,65.0
10339,65.0
10340,65.0
10341,65.0
10342,65.0
10343,65.0
10344,65.0
10345,65.0
10346,65.0
10347,65.0
10348,65.0
10349,65.0
10350,65.0
10351,65.0
10352,65.0
10353,65.0
10354,65.0
10355,65.0
10356,65.0
10357,65.0
10358,65.0
10359,65.0
10360,65.0
10361,65.0
10362,65.0
10363,65.0
10364,65.0
10365,65.0
10366,65.0
10367,65.0
10368,65.0
10369,65.0
10370,65.0
10371,65.0
10372,65.0
10373,65.0
10374,65.0
10375,65.0
10376,65.0
10377,65.0
10378,65.0
10379,65.0
10380,65.0
10381,65.0
10382,65.0
10383,65.0
10384,65.0
10385,65.0
10386,65.0
10387,65.0
10388,65.0
10389,65.0
10390,65.0
10391,65.0
10392,65.0
10393,65.0
10394,65.0
10395,65.0
10396,65.0
10397,65.0
10398,65.0
10399,65.0
10400,65.0
10401,65.0
10402,65.0
10403,65.0
10404,65.0
10405,65.0
10406,65.0
10407,65.0
10408,65.0
10409,65.0
10410,65.0
10411,65.0
10412,65.0
10413,65.0
10414,65.0
10415,65.0
10416,65.0
10417,65.0
10418,65.0
10419,65.0
10420,65.0
10421,65.0
10422,65.0
10423,65.0
10424,65.0
10425,65.0
10426,65.0
10427,65.0
10428,65.0
10429,65.0
10430,65.0
10431,65.0
10432,65.0
10433,65.0
10434,65.0
10435,65.0
10436,65.0
10437,65.0
10438,65.0
10439,65.0
10440,65.0
10441,65.0
10442,65.0
10443,65.0
10444,65.0
10445,65.0
10446,65.0
10447,65.0
10448,65.0
10449,65.0
10450,65.0
10451,65.0
10452,65.0
10453,65.0
10454,65.0
10455,65.0
10456,65.0
10457,65.0
10458,65.0
10459,65.0
10460,65.0
10461,65.0
10462,65.0
10463,65.0
10464,65.0
10465,65.0
10466,65.0
10467,65.0
10468,65.0
10469,65.0
10470,65.0
10471,65.0
10472,65.0
10473,65.0
10474,65.0
10475,65.0
10476,65.0
10477,65.0
10478,65.0
10479,65.0
10480,65.0
10481,65.0
10482,65.0
10483,65.0
10484,65.0
10485,65.0
10486,65.0
10487,65.0
10488,65.0
10489,65.0
10490,65.0
10491,65.0
10492,65.0
10493,65.0
10494,65.0
10495,65.0
10496,65.0
10497,65.0
10498,65.0
10499,65.0
10500,65.0
10501,65.0
10502,65.0
10503,65.0
10504,65.0
10505,65.0
10506,65.0
10507,65.0
10508,65.0
10509,65.0
10510,65.0
10511,65.0
10512,65.0
10513,65.0
10514,65.0
10515,65.0
10516,65.0
10517,65.0
10518,65.0
10519,65.0
10520,65.0
10521,65.0
10522,65.0
10523,65.0
10524,65.0
10525,65.0
10526,65.0
10527,65.0
10528,65.0
10529,65.0
10530,65.0
10531,65.0
10532,65.0
10533,65.0
10534,65.0
10535,65.0
10536,65.0
10537,65.0
10538,65.0
10539,65.0
10540,65.0
10541,65.0
10542,65.0
10543,65.0
10544,65.0
10545,65.0
10546,65.0
10547,215.0
10548,215.0
10549,215.0
10550,215.0
10551,215.0
10552,215.0
10553,215.0
10554,215.0
10555,215.0
10556,215.0
10557,215.0
10558,215.0
10559,215.0
10560,215.0
10561,215.0
10562,215.0
10563,215.0
10564,215.0
10565,215.0
10566,215.0
10567,215.0
10568,215.0
10569,215.0
10570,215.0
10571,215.0
10572,215.0
10573,215.0
10574,215.0
10575,215.0
10576,215.0
10577,215.0
10578,215.0
10579,215.0
10580,215.0
10581,215.0
10582,215.0
10583,215.0
10584,215.0
10585,215.0
10586,215.0
10587,215.0
10588,215.0
10589,215.0
10590,215.0
10591,215.0
10592,215.0
10593,215.0
10594,215.0
10595,215.0
10596,215.0
10597,215.0
10598,215.0
10599,215.0
10600,215.0
10601,215.0
10602,215.0
10603,215.0
10604,215.0
10605,215.0
10606,215.0
10607,215.0
10608,215.0
10609,215.0
10610,215.0
10611,215.0
10612,215.0
10613,215.0
10614,215.0
10615,215.0
10616,215.0
10617,215.0
10618,215.0
10619,215.0
10620,215.0
10621,215.0
10622,215.0
10623,215.0
10624,215.0
10625,215.0
10626,215.0
10627,215.0
10628,215.0
10629,215.0
10630,215.0
10631,215.0
10632,215.0
10633,215.0
10634,215.0
10635,215.0
10636,215.0
10637,215.0
10638,215.0
10639,215.0
10640,215.0
10641,215.0
10642,215.0
10643,215.0
10644,215.0
10645,215.0
10646,215.0
10647,215.0
10648,215.0
10649,215.0
10650,215.0
10651,215.0
10652,215.0
10653,215.0
10654,215.0
10655,215.0
10656,215.0
10657,215.0
10658,215.0
10659,215.0
10660,215.0
10661,215.0
10662,215.0
10663,215.0
10664,215.0
10665,215.0
10666,215.0
10667,215.0
10668,215.0
10669,215.0
10670,215.0
10671,215.0
10672,215.0
10673,215.0
10674,215.0
10675,215.0
10676,215.0
10677,215.0
10678,215.0
10679,215.0
10680,215.0
10681,215.0
10682,215.0
10683,215.0
10684,215.0
10685,215.0
10686,215.0
10687,215.0
10688,215.0
10689,215.0
10690,215.0
10691,215.0
10692,215.0
10693,215.0
10694,215.0
10695,215.0
10696,215.0
10697,215.0
10698,215.0
10699,215.0
10700,215.0
10701,215.0
10702,215.0
10703,215.0
10704,215.0
10705,215.0
10706,215.0
10707,215.0
10708,215.0
10709,215.0
10710,215.0
10711,215.0
10712,215.0
10713,215.0
10714,215.0
10715,215.0
10716,215.0
10717,215.0
10718,215.0
10719,215.0
10720,215.0
10721,215.0
10722,215.0
10723,215.0
10724,215.0
10725,215.0
10726,215.0
10727,215.0
10728,215.0
10729,215.0
10730,215.0
10731,184.0
10732,184.0
10733,184.0
10734,184.0
10735,184.0
10736,184.0
10737,184.0
10738,184.0
10739,184.0
10740,184.0
10741,184.0
10742,184.0
10743,184.0
10744,184.0
10745,184.0
10746,184.0
10747,184.0
10748,184.0
10749,184.0
10750,184.0
10751,184.0
10752,184.0
10753,184.0
10754,184.0
10755,184.0
10756,184.0
10757,184.0
10758,184.0
10759,184.0
10760,184.0
10761,184.0
10762,184.0
10763,184.0
10764,184.0
10765,184.0
10766,184.0
10767,184.0
10768,184.0
10769,184.0
10770,184.0
10771,184.0
10772,184.0
10773,184.0
10774,184.0
10775,184.0
10776,184.0
10777,184.0
10778,184.0
10779,184.0
10780,184.0
10781,184.0
10782,184.0
10783,184.0
10784,184.0
10785,184.0
10786,184.0
10787,184.0
10788,184.0
10789,184.0
10790,184.0
10791,184.0
10792,184.0
10793,184.0
10794,184.0
10795,184.0
10796,184.0
10797,184.0
10798,184.0
10799,184.0
10800,184.0
10801,184.0
10802,184.0
10803,184.0
10804,184.0
10805,184.0
10806,184.0
10807,184.0
10808,184.0
10809,184.0
10810,184.0
10811,184.0
10812,184.0
10813,184.0
10814,184.0
10815,184.0
10816,184.0
10817,184.0
10818,184.0
10819,184.0
10820,184.0
10821,184.0
10822,184.0
10823,184.0
10824,184.0
10825,184.0
10826,184.0
10827,184.0
10828,184.0
10829,184.0
10830,184.0
10831,184.0
10832,184.0
10833,184.0
10834,184.0
10835,184.0
10836,184.0
10837,184.0
10838,184.0
10839,184.0
10840,184.0
10841,184.0
10842,184.0
10843,184.0
10844,184.0
10845,184.0
10846,184.0
10847,184.0
10848,184.0
10849,184.0
10850,184.0
10851,184.0
10852,184.0
10853,184.0
10854,184.0
10855,184.0
10856,184.0
10857,184.0
10858,184.0
10859,184.0
10860,184.0
10861,184.0
10862,184.0
10863,184.0
10864,184.0
10865,184.0
10866,184.0
10867,184.0
10868,184.0
10869,184.0
10870,184.0
10871,184.0
10872,184.0
10873,184.0
10874,184.0
10875,184.0
10876,184.0
10877,184.0
10878,184.0
10879,184.0
10880,184.0
10881,184.0
10882,184.0
10883,184.0
10884,184.0
10885,184.0
10886,184.0
10887,184.0
10888,184.0
10889,184.0
10890,184.0
10891,184.0
10892,184.0
10893,184.0
10894,184.0
10895,184.0
10896,184.0
10897,184.0
10898,184.0
10899,184.0
10900,184.0
10901,184.0
10902,184.0
10903,184.0
10904,184.0
10905,184.0
10906,184.0
10907,184.0
10908,184.0
10909,184.0
10910,184.0
10911,184.0
10912,184.0
10913,184.0
10914,184.0
10915,184.0
10916,184.0
10917,184.0
10918,184.0
10919,184.0
10920,184.0
10921,184.0
10922,184.0
10923,184.0
10924,184.0
10925,184.0
10926,184.0
10927,184.0
10928,184.0
10929,184.0
10930,184.0
10931,184.0
10932,184.0
10933,184.0
10934,184.0
10935,184.0
10936,184.0
10937,184.0
10938,184.0
10939,184.0
10940,184.0
10941,184.0
10942,184.0
10943,184.0
10944,184.0
10945,184.0
10946,184.0
10947,184.0
10948,184.0
10949,184.0
10950,184.0
10951,184.0
10952,184.0
10953,184.0
10954,184.0
10955,184.0
10956,184.0
10957,184.0
10958,184.0
10959,184.0
10960,184.0
10961,184.0
10962,184.0
10963,184.0
10964,184.0
10965,184.0
10966,184.0
10967,184.0
10968,184.0
10969,184.0
10970,184.0
10971,184.0
10972,184.0
10973,184.0
10974,184.0
10975,184.0
10976,184.0
10977,184.0
10978,184.0
10979,184.0
10980,184.0
10981,184.0
10982,184.0
10983,184.0
10984,184.0
10985,184.0
10986,184.0
10987,184.0
10988,184.0
10989,184.0
10990,184.0
10991,184.0
10992,184.0
10993,184.0
10994,184.0
10995,184.0
10996,184.0
10997,184.0
10998,184.0
10999,184.0
11000,269.0
11001,269.0
11002,269.0
11003,269.0
11004,269.0
11005,269.0
11006,269.0
11007,269.0
11008,269.0
11009,269.0
11010,269.0
11011,269.0
11012,269.0
11013,269.0
11014,269.0
11015,269.0
11016,269.0
11017,269.0
11018,269.0
11019,269.0
11020,269.0
11021,269.0
11022,269.0
11023,269.0
11024,269.0
11025,269.0
11026,269.0
11027,269.0
11028,269.0
11029,269.0
11030,269.0
11031,269.0
11032,269.0
11033,269.0
11034,269.0
11035,269.0
11036,269.0
11037,269.0
11038,269.0
11039,269.0
11040,269.0
11041,269.0
11042,269.0
11043,269.0
11044,269.0
11045,269.0
11046,269.0
11047,269.0
11048,269.0
11049,269.0
11050,269.0
11051,269.0
11052,269.0
11053,269.0
11054,269.0
11055,269.0
11056,269.0
11057,269.0
11058,269.0
11059,269.0
11060,269.0
11061,269.0
11062,269.0
11063,269.0
11064,269.0
11065,269.0
11066,269.0
11067,269.0
11068,269.0
11069,269.0
11070,269.0
11071,269.0
11072,269.0
11073,269.0
11074,269.0
11075,269.0
11076,269.0
11077,269.0
11078,269.0
11079,269.0
11080,269.0
11081,269.0
11082,269.0
11083,269.0
11084,269.0
11085,269.0
11086,269.0
11087,269.0
11088,269.0
11089,269.0
11090,269.0
11091,269.0
11092,269.0
11093,269.0
11094,269.0
11095,269.0
11096,269.0
11097,269.0
11098,269.0
11099,269.0
11100,269.0
11101,269.0
11102,269.0
11103,269.0
11104,269.0
11105,269.0
11106,269.0
11107,269.0
11108,269.0
11109,269.0
11110,269.0
11111,269.0
11112,269.0
11113,269.0
11114,269.0
11115,269.0
11116,269.0
11117,269.0
11118,269.0
11119,269.0
11120,269.0
11121,269.0
11122,269.0
11123,269.0
11124,269.0
11125,269.0
11126,269.0
11127,269.0
11128,269.0
11129,269.0
11130,269.0
11131,269.0
11132,269.0
11133,269.0
11134,269.0
11135,269.0
11136,269.0
11137,269.0
11138,269.0
11139,269.0
11140,269.0
11141,269.0
11142,269.0
11143,269.0
11144,269.0
11145,269.0
11146,269.0
11147,269.0
11148,269.0
11149,269.0
11150,269.0
11151,269.0
11152,269.0
11153,269.0
11154,269.0
11155,269.0
11156,269.0
11157,269.0
11158,269.0
11159,269.0
11160,269.0
11161,269.0
11162,269.0
11163,269.0
11164,269.0
11165,269.0
11166,269.0
11167,269.0
11168,269.0
11169,269.0
11170,269.0
11171,269.0
11172,269.0
11173,269.0
11174,269.0
11175,269.0
11176,269.0
11177,269.0
11178,269.0
11179,269.0
11180,269.0
11181,269.0
11182,269.0
11183,269.0
11184,269.0
11185,269.0
11186,269.0
11187,269.0
11188,269.0
11189,269.0
11190,269.0
11191,269.0
11192,269.0
11193,269.0
11194,269.0
11195,195.0
11196,195.0
11197,195.0
11198,195.0
11199,195.0
11200,195.0
11201,195.0
11202,195.0
11203,195.0
11204,195.0
11205,195.0
11206,195.0
11207,195.0
11208,195.0
11209,195.0
11210,195.0
11211,195.0
11212,195.0
11213,195.0
11214,195.0
11215,195.0
11216,195.0
11217,195.0
11218,195.0
11219,195.0
11220,195.0
11221,195.0
11222,195.0
11223,195.0
11224,195.0
11225,195.0
11226,195.0
11227,195.0
11228,195.0
11229,195.0
11230,195.0
11231,195.0
11232,195.0
11233,195.0
11234,195.0
11235,195.0
11236,195.0
11237,195.0
11238,195.0
11239,195.0
11240,195.0
11241,195.0
11242,195.0
11243,195.0
11244,195.0
11245,195.0
11246,195.0
11247,195.0
11248,195.0
11249,195.0
11250,195.0
11251,195.0
11252,195.0
11253,195.0
11254,195.0
11255,195.0
11256,195.0
11257,195.0
11258,195.0
11259,195.0
11260,195.0
11261,195.0
11262,195.0
11263,195.0
11264,195.0
11265,195.0
11266,195.0
11267,195.0
11268,195.0
11269,195.0
11270,195.0
11271,195.0
11272,195.0
11273,195.0
11274,195.0
11275,195.0
11276,195.0
11277,195.0
11278,195.0
11279,195.0
11280,195.0
11281,195.0
11282,195.0
11283,195.0
11284,195.0
11285,195.0
11286,195.0
11287,195.0
11288,195.0
11289,195.0
11290,195.0
11291,195.0
11292,195.0
11293,195.0
11294,195.0
11295,195.0
11296,195.0
11297,195.0
11298,195.0
11299,195.0
11300,195.0
11301,195.0
11302,195.0
11303,195.0
11304,195.0
11305,195.0
11306,195.0
11307,195.0
11308,195.0
11309,195.0
11310,195.0
11311,195.0
11312,195.0
11313,195.0
11314,195.0
11315,195.0
11316,195.0
11317,195.0
11318,195.0
11319,195.0
11320,195.0
11321,195.0
11322,195.0
11323,195.0
11324,195.0
11325,195.0
11326,195.0
11327,195.0
11328,195.0
11329,195.0
11330,195.0
11331,195.0
11332,195.0
11333,195.0
11334,195.0
11335,195.0
11336,195.0
11337,195.0
11338,195.0
11339,195.0
11340,195.0
11341,146.0
11342,146.0
11343,146.0
11344,146.0
11345,146.0
11346,146.0
11347,146.0
11348,146.0
11349,146.0
11350,146.0
11351,146.0
11352,146.0
11353,146.0
11354,146.0
11355,146.0
11356,146.0
11357,146.0
11358,146.0
11359,146.0
11360,146.0
11361,146.0
11362,146.0
11363,146.0
11364,146.0
11365,146.0
11366,146.0
11367,146.0
11368,146.0
11369,146.0
11370,146.0
11371,146.0
11372,146.0
11373,146.0
11374,146.0
11375,146.0
11376,146.0
11377,146.0
11378,146.0
11379,146.0
11380,146.0
11381,146.0
11382,146.0
11383,146.0
11384,146.0
11385,146.0
11386,146.0
11387,146.0
11388,146.0
11389,146.0
11390,146.0
11391,146.0
11392,146.0
11393,146.0
11394,146.0
11395,146.0
11396,146.0
11397,146.0
11398,146.0
11399,146.0
11400,146.0
11401,146.0
11402,146.0
11403,146.0
11404,146.0
11405,146.0
11406,146.0
11407,146.0
11408,146.0
11409,146.0
11410,146.0
11411,146.0
11412,146.0
11413,146.0
11414,146.0
11415,146.0
11416,146.0
11417,146.0
11418,146.0
11419,146.0
11420,146.0
11421,146.0
11422,146.0
11423,146.0
11424,146.0
11425,146.0
11426,146.0
11427,146.0
11428,146.0
11429,146.0
11430,146.0
11431,146.0
11432,146.0
11433,146.0
11434,146.0
11435,146.0
11436,146.0
11437,146.0
11438,146.0
11439,146.0
11440,146.0
11441,146.0
11442,146.0
11443,146.0
11444,146.0
11445,146.0
11446,146.0
11447,146.0
11448,146.0
11449,146.0
11450,146.0
11451,146.0
11452,146.0
11453,146.0
11454,146.0
11455,146.0
11456,146.0
11457,146.0
11458,146.0
11459,146.0
11460,146.0
11461,146.0
11462,146.0
11463,146.0
11464,146.0
11465,146.0
11466,146.0
11467,146.0
11468,146.0
11469,146.0
11470,146.0
11471,146.0
11472,146.0
11473,146.0
11474,146.0
11475,146.0
11476,146.0
11477,146.0
11478,146.0
11479,146.0
11480,146.0
11481,146.0
11482,146.0
11483,146.0
11484,146.0
11485,146.0
11486,146.0
11487,146.0
11488,146.0
11489,146.0
11490,146.0
11491,146.0
11492,146.0
11493,146.0
11494,146.0
11495,146.0
11496,146.0
11497,146.0
11498,146.0
11499,146.0
11500,146.0
11501,146.0
11502,146.0
11503,146.0
11504,146.0
11505,146.0
11506,146.0
11507,146.0
11508,146.0
11509,146.0
11510,146.0
11511,146.0
11512,146.0
11513,146.0
11514,146.0
11515,146.0
11516,146.0
11517,146.0
11518,146.0
11519,146.0
11520,146.0
11521,146.0
11522,146.0
11523,146.0
11524,146.0
11525,146.0
11526,146.0
11527,146.0
11528,146.0
11529,146.0
11530,146.0
11531,146.0
11532,146.0
11533,146.0
11534,146.0
11535,146.0
11536,146.0
11537,146.0
11538,146.0
11539,146.0
11540,146.0
11541,146.0
11542,146.0
11543,146.0
11544,146.0
11545,146.0
11546,146.0
11547,146.0
11548,146.0
11549,146.0
11550,146.0
11551,146.0
11552,146.0
11553,146.0
11554,146.0
11555,146.0
11556,146.0
11557,146.0
11558,146.0
11559,146.0
11560,146.0
11561,146.0
11562,146.0
11563,146.0
11564,146.0
11565,146.0
11566,146.0
11567,146.0
11568,146.0
11569,146.0
11570,146.0
11571,146.0
11572,146.0
11573,146.0
11574,146.0
11575,146.0
11576,146.0
11577,146.0
11578,146.0
11579,146.0
11580,146.0
11581,146.0
11582,146.0
11583,146.0
11584,146.0
11585,146.0
11586,146.0
11587,146.0
11588,146.0
11589,146.0
11590,146.0
11591,146.0
11592,146.0
11593,146.0
11594,146.0
11595,146.0
11596,146.0
11597,146.0
11598,146.0
11599,146.0
11600,146.0
11601,146.0
11602,146.0
11603,146.0
11604,146.0
11605,146.0
11606,146.0
11607,146.0
11608,146.0
11609,146.0
11610,146.0
11611,146.0
11612,146.0
11613,146.0
11614,146.0
11615,146.0
11616,146.0
11617,146.0
11618,146.0
11619,146.0
11620,146.0
11621,146.0
11622,146.0
11623,146.0
11624,146.0
11625,146.0
11626,146.0
11627,146.0
11628,146.0
11629,146.0
11630,146.0
11631,146.0
11632,146.0
11633,146.0
11634,146.0
11635,146.0
11636,146.0
11637,146.0
11638,146.0
11639,146.0
11640,146.0
11641,146.0
11642,146.0
11643,146.0
11644,146.0
11645,146.0
11646,146.0
11647,146.0
11648,146.0
11649,146.0
11650,146.0
11651,146.0
11652,146.0
11653,146.0
11654,146.0
11655,146.0
11656,146.0
11657,146.0
11658,146.0
11659,146.0
11660,146.0
11661,146.0
11662,146.0
11663,146.0
11664,146.0
11665,146.0
11666,146.0
11667,146.0
11668,146.0
11669,146.0
11670,146.0
11671,146.0
11672,146.0
11673,146.0
11674,146.0
11675,146.0
11676,146.0
11677,146.0
11678,146.0
11679,146.0
11680,146.0
11681,146.0
11682,146.0
11683,146.0
11684,146.0
11685,146.0
11686,146.0
11687,146.0
11688,146.0
11689,146.0
11690,146.0
11691,146.0
11692,146.0
11693,146.0
11694,146.0
11695,146.0
11696,146.0
11697,146.0
11698,146.0
11699,146.0
11700,146.0
11701,146.0
11702,146.0
11703,146.0
11704,146.0
11705,146.0
11706,146.0
11707,146.0
11708,146.0
11709,146.0
11710,146.0
11711,146.0
11712,146.0
11713,146.0
11714,146.0
11715,146.0
11716,146.0
11717,146.0
11718,146.0
11719,146.0
11720,146.0
11721,146.0
11722,146.0
11723,146.0
11724,146.0
11725,146.0
11726,146.0
11727,146.0
11728,146.0
11729,146.0
11730,146.0
11731,146.0
11732,146.0
11733,146.0
11734,146.0
11735,146.0
11736,146.0
11737,146.0
11738,146.0
11739,146.0
11740,146.0
11741,146.0
11742,146.0
11743,146.0
11744,146.0
11745,146.0
11746,146.0
11747,146.0
11748,146.0
11749,146.0
11750,146.0
11751,146.0
11752,146.0
11753,146.0
11754,146.0
11755,146.0
11756,146.0
11757,146.0
11758,146.0
11759,146.0
11760,146.0
11761,146.0
11762,146.0
11763,146.0
11764,146.0
11765,146.0
11766,146.0
11767,146.0
11768,146.0
11769,146.0
11770,146.0
11771,146.0
11772,146.0
11773,146.0
11774,146.0
11775,146.0
11776,146.0
11777,146.0
11778,146.0
11779,146.0
11780,146.0
11781,146.0
11782,146.0
11783,146.0
11784,146.0
11785,146.0
11786,146.0
11787,146.0
11788,146.0
11789,146.0
11790,146.0
11791,146.0
11792,146.0
11793,146.0
11794,146.0
11795,146.0
11796,146.0
11797,146.0
11798,146.0
11799,146.0
11800,146.0
11801,146.0
11802,146.0
11803,146.0
11804,146.0
11805,146.0
11806,146.0
11807,146.0
11808,146.0
11809,146.0
11810,146.0
11811,146.0
11812,146.0
11813,146.0
11814,146.0
11815,146.0
11816,146.0
11817,146.0
11818,146.0
11819,146.0
11820,146.0
11821,146.0
11822,146.0
11823,146.0
11824,146.0
11825,146.0
11826,146.0
11827,146.0
11828,146.0
11829,146.0
11830,146.0
11831,146.0
11832,146.0
11833,146.0
11834,146.0
11835,146.0
11836,146.0
11837,146.0
11838,146.0
11839,146.0
11840,146.0
11841,500.0
11842,500.0
11843,500.0
11844,500.0
11845,500.0
11846,500.0
11847,500.0
11848,500.0
11849,500.0
11850,500.0
11851,500.0
11852,500.0
11853,500.0
11854,500.0
11855,500.0
11856,500.0
11857,500.0
11858,500.0
11859,500.0
11860,500.0
11861,500.0
11862,500.0
11863,500.0
11864,500.0
11865,500.0
11866,500.0
11867,500.0
11868,500.0
11869,500.0
11870,500.0
11871,500.0
11872,500.0
11873,500.0
11874,500.0
11875,500.0
11876,500.0
11877,500.0
11878,500.0
11879,500.0
11880,500.0
11881,500.0
11882,500.0
11883,500.0
11884,500.0
11885,500.0
11886,500.0
11887,500.0
11888,500.0
11889,500.0
11890,500.0
11891,500.0
11892,500.0
11893,500.0
11894,500.0
11895,500.0
11896,500.0
11897,500.0
11898,500.0
11899,500.0
11900,500.0
11901,500.0
11902,500.0
11903,500.0
11904,500.0
11905,500.0
11906,500.0
11907,500.0
11908,500.0
11909,500.0
11910,500.0
11911,500.0
11912,500.0
11913,500.0
11914,500.0
11915,500.0
11916,500.0
11917,500.0
11918,500.0
11919,500.0
11920,500.0
11921,500.0
11922,500.0
11923,500.0
11924,500.0
11925,500.0
11926,500.0
11927,500.0
11928,500.0
11929,500.0
11930,500.0
11931,500.0
11932,500.0
11933,500.0
11934,500.0
11935,500.0
11936,500.0
11937,500.0
11938,500.0
11939,500.0
11940,500.0
11941,500.0
11942,500.0
11943,500.0
11944,500.0
11945,500.0
11946,500.0
11947,500.0
11948,500.0
11949,500.0
11950,500.0
11951,500.0
11952,500.0
11953,500.0
11954,500.0
11955,500.0
11956,500.0
11957,500.0
11958,500.0
11959,500.0
11960,500.0
11961,500.0
11962,500.0
11963,500.0
11964,500.0
11965,500.0
11966,500.0
11967,500.0
11968,500.0
11969,500.0
11970,500.0
11971,500.0
11972,500.0
11973,500.0
11974,500.0
11975,500.0
11976,500.0
11977,500.0
11978,500.0
11979,500.0
11980,500.0
11981,500.0
11982,500.0
11983,500.0
11984,500.0
11985,500.0
11986,500.0
11987,500.0
11988,500.0
11989,500.0
11990,500.0
11991,500.0
11992,500.0
11993,500.0
11994,500.0
11995,500.0
11996,500.0
11997,500.0
11998,500.0
11999,500.0
12000,500.0
12001,500.0
12002,500.0
12003,500.0
12004,500.0
12005,500.0
12006,500.0
12007,500.0
12008,500.0
12009,500.0
12010,500.0
12011,500.0
12012,500.0
12013,500.0
12014,500.0
12015,500.0
12016,500.0
12017,500.0
12018,500.0
12019,500.0
12020,500.0
12021,500.0
12022,500.0
12023,500.0
12024,500.0
12025,500.0
12026,500.0
12027,500.0
12028,500.0
12029,500.0
12030,500.0
12031,500.0
12032,500.0
12033,500.0
12034,500.0
12035,500.0
12036,500.0
12037,500.0
12038,500.0
12039,500.0
12040,500.0
12041,500.0
12042,500.0
12043,500.0
12044,500.0
12045,500.0
12046,500.0
12047,500.0
12048,500.0
12049,500.0
12050,500.0
12051,500.0
12052,500.0
12053,500.0
12054,500.0
12055,500.0
12056,500.0
12057,500.0
12058,500.0
12059,500.0
12060,500.0
12061,500.0
12062,500.0
12063,500.0
12064,500.0
12065,500.0
12066,500.0
12067,500.0
12068,500.0
12069,500.0
12070,500.0
12071,500.0
12072,500.0
12073,500.0
12074,500.0
12075,500.0
12076,500.0
12077,500.0
12078,500.0
12079,500.0
12080,500.0
12081,500.0
12082,500.0
12083,500.0
12084,500.0
12085,500.0
12086,500.0
12087,500.0
12088,500.0
12089,500.0
12090,500.0
12091,500.0
12092,500.0
12093,500.0
12094,500.0
12095,500.0
12096,500.0
12097,500.0
12098,500.0
12099,500.0
12100,500.0
12101,500.0
12102,500.0
12103,500.0
12104,500.0
12105,500.0
12106,500.0
12107,500.0
12108,500.0
12109,500.0
12110,500.0
12111,500.0
12112,500.0
12113,500.0
12114,500.0
12115,500.0
12116,500.0
12117,500.0
12118,500.0
12119,500.0
12120,500.0
12121,500.0
12122,500.0
12123,500.0
12124,500.0
12125,500.0
12126,500.0
12127,500.0
12128,500.0
12129,500.0
12130,500.0
12131,500.0
12132,500.0
12133,500.0
12134,500.0
12135,500.0
12136,500.0
12137,500.0
12138,500.0
12139,500.0
12140,500.0
12141,500.0
12142,500.0
12143,500.0
12144,500.0
12145,500.0
12146,500.0
12147,500.0
12148,500.0
12149,500.0
12150,500.0
12151,500.0
12152,500.0
12153,500.0
12154,500.0
12155,500.0
12156,500.0
12157,500.0
12158,500.0
12159,500.0
12160,500.0
12161,500.0
12162,500.0
12163,500.0
12164,500.0
12165,500.0
12166,500.0
12167,500.0
12168,500.0
12169,500.0
12170,500.0
12171,500.0
12172,500.0
12173,500.0
12174,500.0
12175,500.0
12176,500.0
12177,500.0
12178,500.0
12179,500.0
12180,500.0
12181,500.0
12182,500.0
12183,500.0
12184,500.0
12185,500.0
12186,500.0
12187,500.0
12188,500.0
12189,500.0
12190,500.0
12191,500.0
12192,500.0
12193,500.0
12194,500.0
12195,500.0
12196,500.0
12197,500.0
12198,500.0
12199,500.0
12200,500.0
12201,500.0
12202,500.0
12203,500.0
12204,500.0
12205,500.0
12206,500.0
12207,500.0
12208,500.0
12209,500.0
12210,500.0
12211,500.0
12212,500.0
12213,500.0
12214,500.0
12215,500.0
12216,500.0
12217,500.0
12218,500.0
12219,500.0
12220,500.0
12221,500.0
12222,500.0
12223,500.0
12224,500.0
12225,500.0
12226,500.0
12227,500.0
12228,500.0
12229,500.0
12230,500.0
12231,500.0
12232,500.0
12233,500.0
12234,500.0
12235,500.0
12236,500.0
12237,500.0
12238,500.0
12239,500.0
12240,500.0
12241,500.0
12242,500.0
12243,500.0
12244,500.0
12245,500.0
12246,500.0
12247,500.0
12248,500.0
12249,500.0
12250,500.0
12251,500.0
12252,500.0
12253,500.0
12254,500.0
12255,500.0
12256,500.0
12257,500.0
12258,500.0
12259,500.0
12260,500.0
12261,500.0
12262,500.0
12263,500.0
12264,500.0
12265,500.0
12266,500.0
12267,500.0
12268,500.0
12269,500.0
12270,500.0
12271,500.0
12272,500.0
12273,500.0
12274,500.0
12275,500.0
12276,500.0
12277,500.0
12278,500.0
12279,500.0
12280,500.0
12281,500.0
12282,500.0
12283,500.0
12284,500.0
12285,500.0
12286,500.0
12287,500.0
12288,500.0
12289,500.0
12290,500.0
12291,500.0
12292,500.0
12293,500.0
12294,500.0
12295,500.0
12296,500.0
12297,500.0
12298,500.0
12299,500.0
12300,500.0
12301,500.0
12302,500.0
12303,500.0
12304,500.0
12305,500.0
12306,500.0
12307,500.0
12308,500.0
12309,500.0
12310,500.0
12311,500.0
12312,500.0
12313,500.0
12314,500.0
12315,500.0
12316,500.0
12317,500.0
12318,500.0
12319,500.0
12320,500.0
12321,500.0
12322,500.0
12323,500.0
12324,500.0
12325,500.0
12326,500.0
12327,500.0
12328,500.0
12329,500.0
12330,500.0
12331,500.0
12332,500.0
12333,500.0
12334,500.0
12335,500.0
12336,500.0
12337,500.0
12338,500.0
12339,500.0
12340,500.0
12341,500.0
12342,500.0
12343,500.0
12344,500.0
12345,500.0
12346,500.0
12347,500.0
12348,500.0
12349,500.0
12350,500.0
12351,500.0
12352,500.0
12353,500.0
12354,500.0
12355,500.0
12356,500.0
12357,500.0
12358,500.0
12359,500.0
12360,500.0
12361,500.0
12362,500.0
12363,500.0
12364,500.0
12365,500.0
12366,500.0
12367,500.0
12368,500.0
12369,500.0
12370,500.0
12371,500.0
12372,500.0
12373,500.0
12374,500.0
12375,500.0
12376,500.0
12377,500.0
12378,500.0
12379,500.0
12380,500.0
12381,500.0
12382,500.0
12383,500.0
12384,500.0
12385,500.0
12386,500.0
12387,500.0
12388,500.0
12389,500.0
12390,500.0
12391,500.0
12392,500.0
12393,500.0
12394,500.0
12395,500.0
12396,500.0
12397,500.0
12398,500.0
12399,500.0
12400,500.0
12401,500.0
12402,500.0
12403,500.0
12404,500.0
12405,500.0
12406,500.0
12407,500.0
12408,500.0
12409,500.0
12410,500.0
12411,500.0
12412,500.0
12413,500.0
12414,500.0
12415,500.0
12416,500.0
12417,500.0
12418,500.0
12419,500.0
12420,500.0
12421,500.0
12422,500.0
12423,500.0
12424,500.0
12425,500.0
12426,500.0
12427,500.0
12428,500.0
12429,500.0
12430,500.0
12431,500.0
12432,500.0
12433,500.0
12434,500.0
12435,500.0
12436,500.0
12437,500.0
12438,500.0
12439,500.0
12440,500.0
12441,500.0
12442,500.0
12443,500.0
12444,500.0
12445,500.0
12446,500.0
12447,500.0
12448,500.0
12449,500.0
12450,500.0
12451,500.0
12452,500.0
12453,500.0
12454,500.0
12455,500.0
12456,500.0
12457,500.0
12458,500.0
12459,500.0
12460,500.0
12461,500.0
12462,500.0
12463,500.0
12464,500.0
12465,500.0
12466,500.0
12467,500.0
12468,500.0
12469,500.0
12470,500.0
12471,500.0
12472,500.0
12473,500.0
12474,500.0
12475,500.0
12476,500.0
12477,500.0
12478,500.0
12479,500.0
12480,500.0
12481,500.0
12482,500.0
12483,500.0
12484,500.0
12485,500.0
12486,500.0
12487,500.0
12488,500.0
12489,500.0
12490,500.0
12491,500.0
12492,500.0
12493,500.0
12494,500.0
12495,500.0
12496,500.0
12497,500.0
12498,500.0
12499,500.0
12500,500.0
12501,500.0
12502,500.0
12503,500.0
12504,500.0
12505,500.0
12506,500.0
12507,500.0
12508,500.0
12509,500.0
12510,500.0
12511,500.0
12512,500.0
12513,500.0
12514,173.0
12515,173.0
12516,173.0
12517,173.0
12518,173.0
12519,173.0
12520,173.0
12521,173.0
12522,173.0
12523,173.0
12524,173.0
12525,173.0
12526,173.0
12527,173.0
12528,173.0
12529,173.0
12530,173.0
12531,173.0
12532,173.0
12533,173.0
12534,173.0
12535,173.0
12536,173.0
12537,173.0
12538,173.0
12539,173.0
12540,173.0
12541,173.0
12542,173.0
12543,173.0
12544,173.0
12545,173.0
12546,173.0
12547,173.0
12548,173.0
12549,173.0
12550,173.0
12551,173.0
12552,173.0
12553,173.0
12554,173.0
12555,173.0
12556,173.0
12557,173.0
12558,173.0
12559,173.0
12560,173.0
12561,173.0
12562,173.0
12563,173.0
12564,173.0
12565,173.0
12566,173.0
12567,173.0
12568,173.0
12569,173.0
12570,173.0
12571,173.0
12572,173.0
12573,173.0
12574,173.0
12575,173.0
12576,173.0
12577,173.0
12578,173.0
12579,173.0
12580,173.0
12581,173.0
12582,173.0
12583,173.0
12584,173.0
12585,173.0
12586,173.0
12587,173.0
12588,173.0
12589,173.0
12590,173.0
12591,173.0
12592,173.0
12593,173.0
12594,173.0
12595,173.0
12596,173.0
12597,173.0
12598,173.0
12599,173.0
12600,173.0
12601,173.0
12602,173.0
12603,173.0
12604,173.0
12605,173.0
12606,173.0
12607,173.0
12608,173.0
12609,173.0
12610,173.0
12611,173.0
12612,173.0
12613,173.0
12614,173.0
12615,173.0
12616,173.0
12617,173.0
12618,173.0
12619,173.0
12620,173.0
12621,173.0
12622,173.0
12623,173.0
12624,173.0
12625,173.0
12626,173.0
12627,173.0
12628,173.0
12629,173.0
12630,173.0
12631,173.0
12632,173.0
12633,173.0
12634,173.0
12635,173.0
12636,173.0
12637,173.0
12638,173.0
12639,173.0
12640,173.0
12641,173.0
12642,173.0
12643,173.0
12644,173.0
12645,173.0
12646,173.0
12647,173.0
12648,173.0
12649,173.0
12650,173.0
12651,173.0
12652,173.0
12653,173.0
12654,173.0
12655,173.0
12656,173.0
12657,173.0
12658,173.0
12659,173.0
12660,173.0
12661,173.0
12662,173.0
12663,173.0
12664,173.0
12665,173.0
12666,173.0
12667,173.0
12668,173.0
12669,173.0
12670,173.0
12671,173.0
12672,173.0
12673,173.0
12674,173.0
12675,173.0
12676,173.0
12677,173.0
12678,173.0
12679,173.0
12680,173.0
12681,173.0
12682,173.0
12683,173.0
12684,173.0
12685,173.0
12686,173.0
12687,173.0
12688,173.0
12689,173.0
12690,173.0
12691,173.0
12692,173.0
12693,173.0
12694,173.0
12695,173.0
12696,173.0
12697,173.0
12698,173.0
12699,173.0
12700,173.0
12701,173.0
12702,173.0
12703,173.0
12704,173.0
12705,173.0
12706,173.0
12707,173.0
12708,173.0
12709,173.0
12710,173.0
12711,173.0
12712,173.0
12713,173.0
12714,173.0
12715,173.0
12716,173.0
12717,173.0
12718,173.0
12719,173.0
12720,173.0
12721,173.0
12722,173.0
12723,173.0
12724,173.0
12725,173.0
12726,173.0
12727,173.0
12728,173.0
12729,173.0
12730,173.0
12731,173.0
12732,173.0
12733,173.0
12734,173.0
12735,173.0
12736,173.0
12737,173.0
12738,173.0
12739,173.0
12740,173.0
12741,173.0
12742,173.0
12743,173.0
12744,173.0
12745,173.0
12746,173.0
12747,173.0
12748,173.0
12749,173.0
12750,173.0
12751,173.0
12752,173.0
12753,173.0
12754,173.0
12755,173.0
12756,173.0
12757,173.0
12758,173.0
12759,173.0
12760,173.0
12761,173.0
12762,173.0
12763,173.0
12764,173.0
12765,173.0
12766,173.0
12767,173.0
12768,173.0
12769,173.0
12770,173.0
12771,173.0
12772,173.0
12773,173.0
12774,173.0
12775,173.0
12776,173.0
12777,173.0
12778,173.0
12779,173.0
12780,173.0
12781,173.0
12782,173.0
12783,173.0
12784,173.0
12785,173.0
12786,173.0
12787,173.0
12788,173.0
12789,173.0
12790,173.0
12791,173.0
12792,173.0
12793,173.0
12794,173.0
12795,173.0
12796,173.0
12797,173.0
12798,173.0
12799,173.0
12800,173.0
12801,173.0
12802,173.0
12803,173.0
12804,173.0
12805,173.0
12806,173.0
12807,173.0
12808,173.0
12809,173.0
12810,173.0
12811,173.0
12812,173.0
12813,173.0
12814,173.0
12815,173.0
12816,173.0
12817,173.0
12818,173.0
12819,173.0
12820,173.0
12821,173.0
12822,173.0
12823,173.0
12824,173.0
12825,173.0
12826,173.0
12827,173.0
12828,173.0
12829,173.0
12830,173.0
12831,173.0
12832,173.0
12833,173.0
12834,173.0
12835,173.0
12836,173.0
12837,173.0
12838,173.0
12839,173.0
12840,173.0
12841,173.0
12842,173.0
12843,173.0
12844,173.0
12845,173.0
12846,173.0
12847,173.0
12848,173.0
12849,173.0
12850,173.0
12851,173.0
12852,173.0
12853,173.0
12854,173.0
12855,173.0
12856,173.0
12857,173.0
12858,173.0
12859,173.0
12860,173.0
12861,173.0
12862,173.0
12863,173.0
12864,173.0
12865,173.0
12866,173.0
12867,173.0
12868,173.0
12869,173.0
12870,173.0
12871,173.0
12872,173.0
12873,173.0
12874,173.0
12875,173.0
12876,173.0
12877,173.0
12878,173.0
12879,173.0
12880,173.0
12881,173.0
12882,173.0
12883,173.0
12884,173.0
12885,173.0
12886,173.0
12887,173.0
12888,173.0
12889,173.0
12890,173.0
12891,173.0
12892,173.0
12893,173.0
12894,173.0
12895,173.0
12896,173.0
12897,173.0
12898,173.0
12899,173.0
12900,173.0
12901,173.0
12902,173.0
12903,173.0
12904,173.0
12905,173.0
12906,173.0
12907,173.0
12908,173.0
12909,173.0
12910,173.0
12911,173.0
12912,173.0
12913,173.0
12914,173.0
12915,173.0
12916,173.0
12917,173.0
12918,173.0
12919,173.0
12920,173.0
12921,173.0
12922,173.0
12923,173.0
12924,173.0
12925,173.0
12926,173.0
12927,173.0
12928,173.0
12929,173.0
12930,173.0
12931,173.0
12932,173.0
12933,173.0
12934,173.0
12935,173.0
12936,173.0
12937,173.0
12938,173.0
12939,173.0
12940,173.0
12941,173.0
12942,173.0
12943,173.0
12944,173.0
12945,173.0
12946,173.0
12947,173.0
12948,173.0
12949,173.0
12950,173.0
12951,173.0
12952,173.0
12953,439.0
12954,439.0
12955,439.0
12956,439.0
12957,439.0
12958,439.0
12959,439.0
12960,439.0
12961,439.0
12962,439.0
12963,439.0
12964,439.0
12965,439.0
12966,439.0
12967,439.0
12968,439.0
12969,439.0
12970,439.0
12971,439.0
12972,439.0
12973,439.0
12974,439.0
12975,439.0
12976,439.0
12977,439.0
12978,439.0
12979,439.0
12980,439.0
12981,439.0
12982,439.0
12983,439.0
12984,439.0
12985,439.0
12986,439.0
12987,439.0
12988,439.0
12989,439.0
12990,439.0
12991,439.0
12992,439.0
12993,439.0
12994,439.0
12995,439.0
12996,439.0
12997,439.0
12998,439.0
12999,439.0
13000,439.0
13001,439.0
13002,439.0
13003,439.0
13004,439.0
13005,439.0
13006,439.0
13007,439.0
13008,439.0
13009,439.0
13010,439.0
13011,439.0
13012,439.0
13013,439.0
13014,439.0
13015,439.0
13016,439.0
13017,439.0
13018,439.0
13019,439.0
13020,439.0
13021,439.0
13022,439.0
13023,439.0
13024,439.0
13025,439.0
13026,439.0
13027,439.0
13028,439.0
13029,439.0
13030,439.0
13031,439.0
13032,439.0
13033,439.0
13034,439.0
13035,439.0
13036,439.0
13037,439.0
13038,439.0
13039,439.0
13040,439.0
13041,439.0
13042,439.0
13043,439.0
13044,439.0
13045,439.0
13046,439.0
13047,439.0
13048,439.0
13049,439.0
13050,439.0
13051,439.0
13052,439.0
13053,439.0
13054,439.0
13055,439.0
13056,439.0
13057,439.0
13058,439.0
13059,439.0
13060,439.0
13061,439.0
13062,439.0
13063,439.0
13064,439.0
13065,439.0
13066,439.0
13067,439.0
13068,439.0
13069,439.0
13070,439.0
13071,439.0
13072,439.0
13073,439.0
13074,439.0
13075,439.0
13076,439.0
13077,439.0
13078,439.0
13079,439.0
13080,439.0
13081,439.0
13082,439.0
13083,439.0
13084,439.0
13085,439.0
13086,439.0
13087,439.0
13088,439.0
13089,439.0
13090,439.0
13091,439.0
13092,439.0
13093,439.0
13094,439.0
13095,439.0
13096,439.0
13097,439.0
13098,439.0
13099,439.0
13100,439.0
13101,439.0
13102,439.0
13103,439.0
13104,439.0
13105,439.0
13106,439.0
13107,439.0
13108,439.0
13109,439.0
13110,439.0
13111,439.0
13112,439.0
13113,439.0
13114,439.0
13115,439.0
13116,439.0
13117,439.0
13118,439.0
13119,439.0
13120,439.0
13121,439.0
13122,439.0
13123,439.0
13124,439.0
13125,439.0
13126,439.0
13127,439.0
13128,439.0
13129,439.0
13130,439.0
13131,439.0
13132,439.0
13133,439.0
13134,439.0
13135,439.0
13136,439.0
13137,439.0
13138,439.0
13139,439.0
13140,439.0
13141,439.0
13142,439.0
13143,439.0
13144,439.0
13145,439.0
13146,439.0
13147,439.0
13148,439.0
13149,439.0
13150,439.0
13151,439.0
13152,439.0
13153,439.0
13154,439.0
13155,439.0
13156,439.0
13157,439.0
13158,439.0
13159,439.0
13160,439.0
13161,439.0
13162,439.0
13163,439.0
13164,439.0
13165,439.0
13166,439.0
13167,439.0
13168,439.0
13169,439.0
13170,439.0
13171,439.0
13172,439.0
13173,439.0
13174,439.0
13175,439.0
13176,439.0
13177,439.0
13178,439.0
13179,439.0
13180,439.0
13181,439.0
13182,439.0
13183,439.0
13184,439.0
13185,439.0
13186,439.0
13187,439.0
13188,439.0
13189,439.0
13190,439.0
13191,439.0
13192,439.0
13193,439.0
13194,439.0
13195,439.0
13196,439.0
13197,439.0
13198,439.0
13199,439.0
13200,439.0
13201,439.0
13202,439.0
13203,439.0
13204,439.0
13205,439.0
13206,439.0
13207,439.0
13208,439.0
13209,439.0
13210,439.0
13211,439.0
13212,439.0
13213,439.0
13214,439.0
13215,439.0
13216,439.0
13217,439.0
13218,439.0
13219,439.0
13220,439.0
13221,439.0
13222,439.0
13223,439.0
13224,439.0
13225,439.0
13226,439.0
13227,439.0
13228,439.0
13229,439.0
13230,439.0
13231,439.0
13232,439.0
13233,439.0
13234,439.0
13235,439.0
13236,439.0
13237,284.0
13238,284.0
13239,284.0
13240,284.0
13241,284.0
13242,284.0
13243,284.0
13244,284.0
13245,284.0
13246,284.0
13247,284.0
13248,284.0
13249,284.0
13250,284.0
13251,284.0
13252,284.0
13253,284.0
13254,284.0
13255,284.0
13256,284.0
13257,284.0
13258,284.0
13259,284.0
13260,284.0
13261,284.0
13262,284.0
13263,284.0
13264,284.0
13265,284.0
13266,284.0
13267,284.0
13268,284.0
13269,284.0
13270,284.0
13271,284.0
13272,284.0
13273,284.0
13274,284.0
13275,284.0
13276,284.0
13277,284.0
13278,284.0
13279,284.0
13280,284.0
13281,284.0
13282,284.0
13283,284.0
13284,284.0
13285,284.0
13286,284.0
13287,284.0
13288,284.0
13289,284.0
13290,284.0
13291,284.0
13292,284.0
13293,284.0
13294,284.0
13295,284.0
13296,284.0
13297,284.0
13298,284.0
13299,284.0
13300,284.0
13301,284.0
13302,284.0
13303,284.0
13304,284.0
13305,284.0
13306,284.0
13307,284.0
13308,284.0
13309,284.0
13310,284.0
13311,284.0
13312,284.0
13313,284.0
13314,284.0
13315,284.0
13316,284.0
13317,284.0
13318,284.0
13319,284.0
13320,284.0
13321,284.0
13322,284.0
13323,284.0
13324,284.0
13325,284.0
13326,284.0
13327,284.0
13328,284.0
13329,284.0
13330,284.0
13331,284.0
13332,284.0
13333,284.0
13334,284.0
13335,284.0
13336,284.0
13337,284.0
13338,284.0
13339,284.0
13340,284.0
13341,284.0
13342,284.0
13343,284.0
13344,284.0
13345,284.0
13346,284.0
13347,284.0
13348,284.0
13349,284.0
13350,284.0
13351,284.0
13352,284.0
13353,284.0
13354,284.0
13355,284.0
13356,284.0
13357,284.0
13358,284.0
13359,284.0
13360,284.0
13361,284.0
13362,284.0
13363,284.0
13364,284.0
13365,284.0
13366,284.0
13367,284.0
13368,284.0
13369,284.0
13370,284.0
13371,284.0
13372,284.0
13373,284.0
13374,284.0
13375,284.0
13376,284.0
13377,284.0
13378,284.0
13379,284.0
13380,284.0
13381,284.0
13382,284.0
13383,284.0
13384,284.0
13385,284.0
13386,284.0
13387,284.0
13388,284.0
13389,284.0
13390,284.0
13391,284.0
13392,284.0
13393,284.0
13394,284.0
13395,284.0
13396,284.0
13397,284.0
13398,284.0
13399,284.0
13400,284.0
13401,284.0
13402,284.0
13403,284.0
13404,284.0
13405,284.0
13406,284.0
13407,284.0
13408,284.0
13409,284.0
13410,284.0
13411,284.0
13412,284.0
13413,284.0
13414,284.0
13415,284.0
13416,284.0
13417,284.0
13418,284.0
13419,284.0
13420,284.0
13421,284.0
13422,284.0
13423,284.0
13424,284.0
13425,284.0
13426,284.0
13427,284.0
13428,284.0
13429,284.0
13430,284.0
13431,284.0
13432,284.0
13433,284.0
13434,284.0
13435,284.0
13436,284.0
13437,284.0
13438,284.0
13439,284.0
13440,284.0
13441,284.0
13442,284.0
13443,284.0
13444,284.0
13445,284.0
13446,284.0
13447,284.0
13448,284.0
13449,284.0
13450,284.0
13451,284.0
13452,284.0
13453,284.0
13454,284.0
13455,284.0
13456,284.0
13457,284.0
13458,284.0
13459,284.0
13460,284.0
13461,284.0
13462,284.0
13463,284.0
13464,284.0
13465,284.0
13466,284.0
13467,284.0
13468,284.0
13469,284.0
13470,284.0
13471,284.0
13472,284.0
13473,284.0
13474,284.0
13475,284.0
13476,284.0
13477,284.0
13478,284.0
13479,284.0
13480,284.0
13481,284.0
13482,284.0
13483,284.0
13484,284.0
13485,284.0
13486,284.0
13487,284.0
13488,284.0
13489,284.0
13490,284.0
13491,284.0
13492,284.0
13493,284.0
13494,284.0
13495,284.0
13496,284.0
13497,284.0
13498,284.0
13499,284.0
13500,284.0
13501,284.0
13502,284.0
13503,284.0
13504,284.0
13505,284.0
13506,284.0
13507,284.0
13508,284.0
13509,284.0
13510,284.0
13511,284.0
13512,284.0
13513,284.0
13514,284.0
13515,284.0
13516,284.0
13517,284.0
13518,284.0
13519,284.0
13520,284.0
13521,284.0
13522,284.0
13523,284.0
13524,284.0
13525,284.0
13526,284.0
13527,284.0
13528,284.0
13529,284.0
13530,284.0
13531,284.0
13532,284.0
13533,284.0
13534,284.0
13535,284.0
13536,284.0
13537,284.0
13538,284.0
13539,284.0
13540,284.0
13541,284.0
13542,284.0
13543,284.0
13544,284.0
13545,284.0
13546,284.0
13547,284.0
13548,284.0
13549,284.0
13550,284.0
13551,284.0
13552,284.0
13553,284.0
13554,284.0
13555,284.0
13556,284.0
13557,284.0
13558,284.0
13559,284.0
13560,284.0
13561,284.0
13562,284.0
13563,284.0
13564,284.0
13565,284.0
13566,284.0
13567,284.0
13568,284.0
13569,284.0
13570,284.0
13571,284.0
13572,284.0
13573,284.0
13574,284.0
13575,284.0
13576,284.0
13577,284.0
13578,284.0
13579,284.0
13580,284.0
13581,284.0
13582,284.0
13583,284.0
13584,284.0
13585,284.0
13586,284.0
13587,284.0
13588,284.0
13589,284.0
13590,284.0
13591,284.0
13592,284.0
13593,284.0
13594,284.0
13595,284.0
13596,284.0
13597,284.0
13598,284.0
13599,284.0
13600,284.0
13601,284.0
13602,284.0
13603,284.0
13604,284.0
13605,284.0
13606,284.0
13607,284.0
13608,284.0
13609,284.0
13610,284.0
13611,284.0
13612,284.0
13613,284.0
13614,284.0
13615,284.0
13616,284.0
13617,284.0
13618,284.0
13619,284.0
13620,284.0
13621,284.0
13622,284.0
13623,284.0
13624,284.0
13625,284.0
13626,284.0
13627,284.0
13628,284.0
13629,284.0
13630,284.0
13631,284.0
13632,284.0
13633,284.0
13634,284.0
13635,284.0
13636,284.0
13637,284.0
13638,284.0
13639,284.0
13640,284.0
13641,284.0
13642,284.0
13643,284.0
13644,284.0
13645,284.0
13646,284.0
13647,284.0
13648,284.0
13649,284.0
13650,284.0
13651,284.0
13652,284.0
13653,284.0
13654,284.0
13655,284.0
13656,284.0
13657,284.0
13658,284.0
13659,284.0
13660,284.0
13661,284.0
13662,284.0
13663,284.0
13664,284.0
13665,284.0
13666,284.0
13667,284.0
13668,284.0
13669,284.0
13670,284.0
13671,284.0
13672,284.0
13673,284.0
13674,284.0
13675,284.0
13676,284.0
13677,284.0
13678,284.0
13679,284.0
13680,284.0
13681,284.0
13682,284.0
13683,284.0
13684,284.0
13685,284.0
13686,284.0
13687,284.0
13688,284.0
13689,284.0
13690,284.0
13691,284.0
13692,284.0
13693,284.0
13694,284.0
13695,284.0
13696,284.0
13697,284.0
13698,284.0
13699,284.0
13700,284.0
13701,284.0
13702,284.0
13703,284.0
13704,284.0
13705,284.0
13706,284.0
13707,284.0
13708,284.0
13709,284.0
13710,284.0
13711,284.0
13712,284.0
13713,284.0
13714,284.0
13715,284.0
13716,284.0
13717,284.0
13718,284.0
13719,284.0
13720,284.0
13721,284.0
13722,284.0
13723,284.0
13724,284.0
13725,284.0
13726,284.0
13727,284.0
13728,284.0
13729,284.0
13730,284.0
13731,494.0
13732,494.0
13733,494.0
13734,494.0
13735,494.0
13736,494.0
13737,494.0
13738,494.0
13739,494.0
13740,494.0
13741,494.0
13742,494.0
13743,494.0
13744,494.0
13745,494.0
13746,494.0
13747,494.0
13748,494.0
13749,494.0
13750,494.0
13751,494.0
13752,494.0
13753,494.0
13754,494.0
13755,494.0
13756,494.0
13757,494.0
13758,494.0
13759,494.0
13760,494.0
13761,494.0
13762,494.0
13763,494.0
13764,494.0
13765,494.0
13766,494.0
13767,494.0
13768,494.0
13769,494.0
13770,494.0
13771,494.0
13772,494.0
13773,494.0
13774,494.0
13775,494.0
13776,494.0
13777,494.0
13778,494.0
13779,494.0
13780,494.0
13781,494.0
13782,494.0
13783,494.0
13784,494.0
13785,494.0
13786,494.0
13787,494.0
13788,494.0
13789,494.0
13790,494.0
13791,494.0
13792,494.0
13793,494.0
13794,494.0
13795,494.0
13796,494.0
13797,494.0
13798,494.0
13799,494.0
13800,494.0
13801,494.0
13802,494.0
13803,494.0
13804,494.0
13805,494.0
13806,494.0
13807,494.0
13808,494.0
13809,494.0
13810,494.0
13811,494.0
13812,494.0
13813,494.0
13814,494.0
13815,494.0
13816,494.0
13817,494.0
13818,494.0
13819,494.0
13820,494.0
13821,494.0
13822,494.0
13823,494.0
13824,494.0
13825,494.0
13826,494.0
13827,494.0
13828,494.0
13829,494.0
13830,494.0
13831,494.0
13832,494.0
13833,494.0
13834,494.0
13835,494.0
13836,494.0
13837,494.0
13838,494.0
13839,494.0
13840,494.0
13841,494.0
13842,494.0
13843,494.0
13844,494.0
13845,494.0
13846,494.0
13847,494.0
13848,494.0
13849,494.0
13850,494.0
13851,494.0
13852,494.0
13853,494.0
13854,494.0
13855,494.0
13856,494.0
13857,494.0
13858,494.0
13859,494.0
13860,494.0
13861,494.0
13862,494.0
13863,494.0
13864,494.0
13865,494.0
13866,494.0
13867,494.0
13868,494.0
13869,494.0
13870,494.0
13871,494.0
13872,494.0
13873,494.0
13874,494.0
13875,494.0
13876,494.0
13877,494.0
13878,494.0
13879,494.0
13880,494.0
13881,494.0
13882,494.0
13883,494.0
13884,494.0
13885,494.0
13886,494.0
13887,494.0
13888,494.0
13889,494.0
13890,494.0
13891,494.0
13892,494.0
13893,494.0
13894,494.0
13895,494.0
13896,494.0
13897,494.0
13898,494.0
13899,494.0
13900,494.0
13901,494.0
13902,494.0
13903,494.0
13904,494.0
13905,494.0
13906,494.0
13907,494.0
13908,494.0
13909,494.0
13910,494.0
13911,494.0
13912,494.0
13913,494.0
13914,494.0
13915,494.0
13916,494.0
13917,494.0
13918,494.0
13919,494.0
13920,494.0
13921,494.0
13922,494.0
13923,494.0
13924,494.0
13925,494.0
13926,494.0
13927,494.0
13928,494.0
13929,494.0
13930,494.0
13931,494.0
13932,494.0
13933,494.0
13934,494.0
13935,494.0
13936,494.0
13937,494.0
13938,494.0
13939,494.0
13940,494.0
13941,494.0
13942,211.0
13943,211.0
13944,211.0
13945,211.0
13946,211.0
13947,211.0
13948,211.0
13949,211.0
13950,211.0
13951,211.0
13952,211.0
13953,211.0
13954,211.0
13955,211.0
13956,211.0
13957,211.0
13958,211.0
13959,211.0
13960,211.0
13961,211.0
13962,211.0
13963,211.0
13964,211.0
13965,211.0
13966,211.0
13967,211.0
13968,211.0
13969,211.0
13970,211.0
13971,211.0
13972,211.0
13973,211.0
13974,211.0
13975,211.0
13976,211.0
13977,211.0
13978,211.0
13979,211.0
13980,211.0
13981,211.0
13982,211.0
13983,211.0
13984,211.0
13985,211.0
13986,211.0
13987,211.0
13988,211.0
13989,211.0
13990,211.0
13991,211.0
13992,211.0
13993,211.0
13994,211.0
13995,211.0
13996,211.0
13997,211.0
13998,211.0
13999,211.0
14000,211.0
14001,211.0
14002,211.0
14003,211.0
14004,211.0
14005,211.0
14006,211.0
14007,211.0
14008,211.0
14009,211.0
14010,211.0
14011,211.0
14012,211.0
14013,211.0
14014,211.0
14015,211.0
14016,211.0
14017,211.0
14018,211.0
14019,211.0
14020,211.0
14021,211.0
14022,211.0
14023,211.0
14024,211.0
14025,211.0
14026,211.0
14027,211.0
14028,211.0
14029,211.0
14030,211.0
14031,211.0
14032,211.0
14033,211.0
14034,211.0
14035,211.0
14036,211.0
14037,211.0
14038,211.0
14039,211.0
14040,211.0
14041,211.0
14042,211.0
14043,211.0
14044,211.0
14045,211.0
14046,211.0
14047,211.0
14048,211.0
14049,211.0
14050,211.0
14051,211.0
14052,211.0
14053,211.0
14054,211.0
14055,211.0
14056,211.0
14057,211.0
14058,211.0
14059,211.0
14060,211.0
14061,211.0
14062,211.0
14063,211.0
14064,211.0
14065,211.0
14066,211.0
14067,211.0
14068,211.0
14069,211.0
14070,211.0
14071,211.0
14072,211.0
14073,211.0
14074,211.0
14075,211.0
14076,211.0
14077,211.0
14078,211.0
14079,211.0
14080,211.0
14081,211.0
14082,211.0
14083,211.0
14084,211.0
14085,211.0
14086,211.0
14087,211.0
14088,211.0
14089,211.0
14090,211.0
14091,211.0
14092,211.0
14093,211.0
14094,211.0
14095,211.0
14096,211.0
14097,211.0
14098,211.0
14099,211.0
14100,211.0
14101,211.0
14102,211.0
14103,211.0
14104,211.0
14105,211.0
14106,211.0
14107,211.0
14108,211.0
14109,211.0
14110,211.0
14111,211.0
14112,211.0
14113,211.0
14114,211.0
14115,211.0
14116,211.0
14117,211.0
14118,211.0
14119,211.0
14120,211.0
14121,211.0
14122,211.0
14123,211.0
14124,211.0
14125,211.0
14126,211.0
14127,211.0
14128,211.0
14129,211.0
14130,211.0
14131,211.0
14132,211.0
14133,211.0
14134,211.0
14135,211.0
14136,211.0
14137,211.0
14138,211.0
14139,211.0
14140,211.0
14141,211.0
14142,211.0
14143,211.0
14144,211.0
14145,211.0
14146,211.0
14147,211.0
14148,211.0
14149,211.0
14150,211.0
14151,211.0
14152,211.0
14153,211.0
14154,211.0
14155,211.0
14156,211.0
14157,211.0
14158,211.0
14159,211.0
14160,211.0
14161,211.0
14162,211.0
14163,211.0
14164,211.0
14165,211.0
14166,211.0
14167,211.0
14168,211.0
14169,211.0
14170,211.0
14171,211.0
14172,211.0
14173,211.0
14174,211.0
14175,211.0
14176,211.0
14177,211.0
14178,211.0
14179,211.0
14180,211.0
14181,211.0
14182,211.0
14183,211.0
14184,211.0
14185,211.0
14186,211.0
14187,211.0
14188,211.0
14189,211.0
14190,211.0
14191,211.0
14192,211.0
14193,211.0
14194,211.0
14195,211.0
14196,211.0
14197,211.0
14198,211.0
14199,211.0
14200,211.0
14201,211.0
14202,211.0
14203,211.0
14204,211.0
14205,211.0
14206,211.0
14207,211.0
14208,211.0
14209,211.0
14210,211.0
14211,211.0
14212,211.0
14213,211.0
14214,211.0
14215,211.0
14216,211.0
14217,211.0
14218,211.0
14219,211.0
14220,211.0
14221,211.0
14222,211.0
14223,211.0
14224,211.0
14225,211.0
14226,211.0
14227,211.0
14228,286.0
14229,286.0
14230,286.0
14231,286.0
14232,286.0
14233,286.0
14234,286.0
14235,286.0
14236,286.0
14237,286.0
14238,286.0
14239,286.0
14240,286.0
14241,286.0
14242,286.0
14243,286.0
14244,286.0
14245,286.0
14246,286.0
14247,286.0
14248,286.0
14249,286.0
14250,286.0
14251,286.0
14252,286.0
14253,286.0
14254,286.0
14255,286.0
14256,286.0
14257,286.0
14258,286.0
14259,286.0
14260,286.0
14261,286.0
14262,286.0
14263,286.0
14264,286.0
14265,286.0
14266,286.0
14267,286.0
14268,286.0
14269,286.0
14270,286.0
14271,286.0
14272,286.0
14273,286.0
14274,286.0
14275,286.0
14276,286.0
14277,286.0
14278,286.0
14279,286.0
14280,286.0
14281,286.0
14282,286.0
14283,286.0
14284,286.0
14285,286.0
14286,286.0
14287,286.0
14288,286.0
14289,286.0
14290,286.0
14291,286.0
14292,286.0
14293,286.0
14294,286.0
14295,286.0
14296,286.0
14297,286.0
14298,286.0
14299,286.0
14300,286.0
14301,286.0
14302,286.0
14303,286.0
14304,286.0
14305,286.0
14306,286.0
14307,286.0
14308,286.0
14309,286.0
14310,286.0
14311,286.0
14312,286.0
14313,286.0
14314,286.0
14315,286.0
14316,286.0
14317,286.0
14318,286.0
14319,286.0
14320,286.0
14321,286.0
14322,286.0
14323,286.0
14324,286.0
14325,286.0
14326,286.0
14327,286.0
14328,286.0
14329,286.0
14330,286.0
14331,286.0
14332,286.0
14333,286.0
14334,286.0
14335,286.0
14336,286.0
14337,286.0
14338,286.0
14339,286.0
14340,286.0
14341,286.0
14342,286.0
14343,286.0
14344,286.0
14345,286.0
14346,286.0
14347,286.0
14348,286.0
14349,286.0
14350,286.0
14351,286.0
14352,286.0
14353,286.0
14354,286.0
14355,286.0
14356,286.0
14357,286.0
14358,286.0
14359,286.0
14360,286.0
14361,286.0
14362,286.0
14363,286.0
14364,286.0
14365,286.0
14366,286.0
14367,286.0
14368,286.0
14369,286.0
14370,286.0
14371,286.0
14372,286.0
14373,286.0
14374,286.0
14375,286.0
14376,286.0
14377,286.0
14378,286.0
14379,286.0
14380,286.0
14381,286.0
14382,286.0
14383,286.0
14384,286.0
14385,286.0
14386,286.0
14387,286.0
14388,286.0
14389,286.0
14390,286.0
14391,286.0
14392,286.0
14393,286.0
14394,286.0
14395,286.0
14396,286.0
14397,286.0
14398,286.0
14399,286.0
14400,286.0
14401,286.0
14402,286.0
14403,286.0
14404,286.0
14405,286.0
14406,286.0
14407,286.0
14408,286.0
14409,286.0
14410,286.0
14411,286.0
14412,286.0
14413,286.0
14414,286.0
14415,286.0
14416,286.0
14417,286.0
14418,286.0
14419,286.0
14420,286.0
14421,286.0
14422,286.0
14423,286.0
14424,286.0
14425,286.0
14426,286.0
14427,286.0
14428,286.0
14429,286.0
14430,286.0
14431,286.0
14432,286.0
14433,286.0
14434,286.0
14435,286.0
14436,286.0
14437,286.0
14438,286.0
14439,286.0
14440,286.0
14441,286.0
14442,286.0
14443,286.0
14444,286.0
14445,286.0
14446,286.0
14447,286.0
14448,286.0
14449,286.0
14450,286.0
14451,286.0
14452,286.0
14453,286.0
14454,286.0
14455,286.0
14456,286.0
14457,286.0
14458,286.0
14459,286.0
14460,286.0
14461,286.0
14462,286.0
14463,286.0
14464,286.0
14465,286.0
14466,286.0
14467,286.0
14468,286.0
14469,286.0
14470,286.0
14471,286.0
14472,286.0
14473,286.0
14474,286.0
14475,286.0
14476,286.0
14477,286.0
14478,286.0
14479,286.0
14480,286.0
14481,286.0
14482,286.0
14483,286.0
14484,286.0
14485,286.0
14486,286.0
14487,286.0
14488,286.0
14489,286.0
14490,286.0
14491,286.0
14492,286.0
14493,286.0
14494,286.0
14495,286.0
14496,286.0
14497,286.0
14498,286.0
14499,286.0
14500,286.0
14501,286.0
14502,286.0
14503,286.0
14504,286.0
14505,286.0
14506,286.0
14507,286.0
14508,286.0
14509,286.0
14510,282.0
14511,282.0
14512,282.0
14513,282.0
14514,282.0
14515,282.0
14516,282.0
14517,282.0
14518,282.0
14519,282.0
14520,282.0
14521,282.0
14522,282.0
14523,282.0
14524,282.0
14525,282.0
14526,282.0
14527,282.0
14528,282.0
14529,282.0
14530,282.0
14531,282.0
14532,282.0
14533,282.0
14534,282.0
14535,282.0
14536,282.0
14537,282.0
14538,282.0
14539,282.0
14540,282.0
14541,282.0
14542,282.0
14543,282.0
14544,282.0
14545,282.0
14546,282.0
14547,282.0
14548,282.0
14549,282.0
14550,282.0
14551,282.0
14552,282.0
14553,282.0
14554,282.0
14555,282.0
14556,282.0
14557,282.0
14558,282.0
14559,282.0
14560,282.0
14561,282.0
14562,282.0
14563,282.0
14564,282.0
14565,282.0
14566,282.0
14567,282.0
14568,282.0
14569,282.0
14570,282.0
14571,282.0
14572,282.0
14573,282.0
14574,282.0
14575,282.0
14576,282.0
14577,282.0
14578,282.0
14579,282.0
14580,282.0
14581,282.0
14582,282.0
14583,282.0
14584,282.0
14585,282.0
14586,282.0
14587,282.0
14588,282.0
14589,282.0
14590,282.0
14591,282.0
14592,282.0
14593,282.0
14594,282.0
14595,282.0
14596,282.0
14597,282.0
14598,282.0
14599,282.0
14600,282.0
14601,282.0
14602,282.0
14603,282.0
14604,282.0
14605,282.0
14606,282.0
14607,282.0
14608,282.0
14609,282.0
14610,282.0
14611,282.0
14612,282.0
14613,282.0
14614,282.0
14615,282.0
14616,282.0
14617,282.0
14618,282.0
14619,282.0
14620,282.0
14621,282.0
14622,282.0
14623,282.0
14624,282.0
14625,282.0
14626,282.0
14627,282.0
14628,282.0
14629,282.0
14630,282.0
14631,282.0
14632,282.0
14633,282.0
14634,282.0
14635,282.0
14636,282.0
14637,282.0
14638,282.0
14639,282.0
14640,282.0
14641,282.0
14642,282.0
14643,282.0
14644,282.0
14645,282.0
14646,282.0
14647,282.0
14648,282.0
14649,282.0
14650,282.0
14651,282.0
14652,282.0
14653,282.0
14654,282.0
14655,282.0
14656,282.0
14657,282.0
14658,282.0
14659,282.0
14660,282.0
14661,282.0
14662,282.0
14663,282.0
14664,282.0
14665,282.0
14666,282.0
14667,282.0
14668,282.0
14669,282.0
14670,282.0
14671,282.0
14672,282.0
14673,282.0
14674,282.0
14675,282.0
14676,282.0
14677,282.0
14678,282.0
14679,282.0
14680,282.0
14681,282.0
14682,282.0
14683,282.0
14684,282.0
14685,282.0
14686,282.0
14687,282.0
14688,282.0
14689,282.0
14690,282.0
14691,282.0
14692,282.0
14693,282.0
14694,282.0
14695,282.0
14696,282.0
14697,282.0
14698,282.0
14699,282.0
14700,282.0
14701,282.0
14702,282.0
14703,282.0
14704,282.0
14705,282.0
14706,282.0
14707,282.0
14708,282.0
14709,282.0
14710,282.0
14711,282.0
14712,282.0
14713,282.0
14714,282.0
14715,282.0
14716,282.0
14717,282.0
14718,282.0
14719,282.0
14720,282.0
14721,282.0
14722,282.0
14723,282.0
14724,282.0
14725,282.0
14726,282.0
14727,282.0
14728,282.0
14729,282.0
14730,282.0
14731,282.0
14732,282.0
14733,282.0
14734,282.0
14735,282.0
14736,282.0
14737,282.0
14738,282.0
14739,282.0
14740,282.0
14741,282.0
14742,282.0
14743,282.0
14744,282.0
14745,282.0
14746,282.0
14747,282.0
14748,282.0
14749,282.0
14750,282.0
14751,282.0
14752,282.0
14753,282.0
14754,282.0
14755,282.0
14756,282.0
14757,282.0
14758,282.0
14759,282.0
14760,282.0
14761,282.0
14762,282.0
14763,282.0
14764,282.0
14765,282.0
14766,282.0
14767,282.0
14768,282.0
14769,282.0
14770,282.0
14771,282.0
14772,282.0
14773,282.0
14774,282.0
14775,282.0
14776,282.0
14777,282.0
14778,282.0
14779,282.0
14780,282.0
14781,282.0
14782,282.0
14783,282.0
14784,282.0
14785,282.0
14786,282.0
14787,282.0
14788,282.0
14789,282.0
14790,282.0
14791,282.0
14792,282.0
14793,282.0
14794,282.0
14795,282.0
14796,282.0
14797,282.0
14798,282.0
14799,282.0
14800,282.0
14801,282.0
14802,282.0
14803,282.0
14804,282.0
14805,282.0
14806,282.0
14807,282.0
14808,282.0
14809,282.0
14810,282.0
14811,282.0
14812,282.0
14813,282.0
14814,282.0
14815,282.0
14816,282.0
14817,282.0
14818,282.0
14819,282.0
14820,282.0
14821,282.0
14822,282.0
14823,282.0
14824,282.0
14825,282.0
14826,282.0
14827,282.0
14828,282.0
14829,282.0
14830,282.0
14831,282.0
14832,282.0
14833,282.0
14834,282.0
14835,282.0
14836,282.0
14837,282.0
14838,282.0
14839,282.0
14840,282.0
14841,282.0
14842,282.0
14843,282.0
14844,282.0
14845,335.0
14846,335.0
14847,335.0
14848,335.0
14849,335.0
14850,335.0
14851,335.0
14852,335.0
14853,335.0
14854,335.0
14855,335.0
14856,335.0
14857,335.0
14858,335.0
14859,335.0
14860,335.0
14861,335.0
14862,335.0
14863,335.0
14864,335.0
14865,335.0
14866,335.0
14867,335.0
14868,335.0
14869,335.0
14870,335.0
14871,335.0
14872,335.0
14873,335.0
14874,335.0
14875,335.0
14876,335.0
14877,335.0
14878,335.0
14879,335.0
14880,335.0
14881,335.0
14882,335.0
14883,335.0
14884,335.0
14885,335.0
14886,335.0
14887,335.0
14888,335.0
14889,335.0
14890,335.0
14891,335.0
14892,335.0
14893,335.0
14894,335.0
14895,335.0
14896,335.0
14897,335.0
14898,335.0
14899,335.0
14900,335.0
14901,335.0
14902,335.0
14903,335.0
14904,335.0
14905,335.0
14906,335.0
14907,335.0
14908,335.0
14909,335.0
14910,335.0
14911,335.0
14912,335.0
14913,335.0
14914,335.0
14915,335.0
14916,335.0
14917,335.0
14918,335.0
14919,335.0
14920,335.0
14921,335.0
14922,335.0
14923,335.0
14924,335.0
14925,335.0
14926,335.0
14927,335.0
14928,335.0
14929,335.0
14930,335.0
14931,335.0
14932,335.0
14933,335.0
14934,335.0
14935,335.0
14936,335.0
14937,335.0
14938,335.0
14939,335.0
14940,335.0
14941,335.0
14942,335.0
14943,335.0
14944,335.0
14945,335.0
14946,335.0
14947,335.0
14948,335.0
14949,335.0
14950,335.0
14951,335.0
14952,335.0
14953,335.0
14954,335.0
14955,335.0
14956,335.0
14957,335.0
14958,335.0
14959,335.0
14960,335.0
14961,335.0
14962,335.0
14963,335.0
14964,335.0
14965,335.0
14966,335.0
14967,335.0
14968,335.0
14969,335.0
14970,335.0
14971,335.0
14972,335.0
14973,335.0
14974,335.0
14975,335.0
14976,335.0
14977,335.0
14978,335.0
14979,335.0
14980,335.0
14981,335.0
14982,335.0
14983,335.0
14984,335.0
14985,335.0
14986,335.0
14987,335.0
14988,335.0
14989,335.0
14990,335.0
14991,335.0
14992,335.0
14993,335.0
14994,335.0
14995,335.0
14996,335.0
14997,335.0
14998,335.0
14999,335.0
15000,335.0
15001,335.0
15002,335.0
15003,335.0
15004,335.0
15005,335.0
15006,335.0
15007,335.0
15008,335.0
15009,335.0
15010,335.0
15011,335.0
15012,335.0
15013,335.0
15014,335.0
15015,335.0
15016,335.0
15017,335.0
15018,335.0
15019,335.0
15020,335.0
15021,335.0
15022,335.0
15023,335.0
15024,335.0
15025,335.0
15026,335.0
15027,335.0
15028,335.0
15029,335.0
15030,335.0
15031,335.0
15032,335.0
15033,335.0
15034,335.0
15035,335.0
15036,335.0
15037,335.0
15038,335.0
15039,335.0
15040,335.0
15041,335.0
15042,335.0
15043,335.0
15044,335.0
15045,335.0
15046,335.0
15047,335.0
15048,335.0
15049,335.0
15050,335.0
15051,335.0
15052,335.0
15053,335.0
15054,335.0
15055,335.0
15056,335.0
15057,335.0
15058,335.0
15059,335.0
15060,335.0
15061,335.0
15062,335.0
15063,335.0
15064,335.0
15065,335.0
15066,335.0
15067,335.0
15068,335.0
15069,335.0
15070,335.0
15071,335.0
15072,335.0
15073,335.0
15074,335.0
15075,335.0
15076,335.0
15077,335.0
15078,335.0
15079,335.0
15080,335.0
15081,335.0
15082,335.0
15083,335.0
15084,335.0
15085,335.0
15086,335.0
15087,335.0
15088,335.0
15089,335.0
15090,335.0
15091,335.0
15092,335.0
15093,335.0
15094,335.0
15095,335.0
15096,335.0
15097,335.0
15098,335.0
15099,335.0
15100,335.0
15101,335.0
15102,335.0
15103,335.0
15104,335.0
15105,335.0
15106,335.0
15107,335.0
15108,335.0
15109,335.0
15110,335.0
15111,335.0
15112,335.0
15113,335.0
15114,335.0
15115,335.0
15116,335.0
15117,335.0
15118,335.0
15119,335.0
15120,335.0
15121,335.0
15122,335.0
15123,335.0
15124,335.0
15125,335.0
15126,335.0
15127,335.0
15128,335.0
15129,335.0
15130,335.0
15131,335.0
15132,335.0
15133,335.0
15134,335.0
15135,290.0
15136,290.0
15137,290.0
15138,290.0
15139,290.0
15140,290.0
15141,290.0
15142,290.0
15143,290.0
15144,290.0
15145,290.0
15146,290.0
15147,290.0
15148,290.0
15149,290.0
15150,290.0
15151,290.0
15152,290.0
15153,290.0
15154,290.0
15155,290.0
15156,290.0
15157,290.0
15158,290.0
15159,290.0
15160,290.0
15161,290.0
15162,290.0
15163,290.0
15164,290.0
15165,290.0
15166,290.0
15167,290.0
15168,290.0
15169,290.0
15170,290.0
15171,290.0
15172,290.0
15173,290.0
15174,290.0
15175,290.0
15176,290.0
15177,290.0
15178,290.0
15179,290.0
15180,290.0
15181,290.0
15182,290.0
15183,290.0
15184,290.0
15185,290.0
15186,290.0
15187,290.0
15188,290.0
15189,290.0
15190,290.0
15191,290.0
15192,290.0
15193,290.0
15194,290.0
15195,290.0
15196,290.0
15197,290.0
15198,290.0
15199,290.0
15200,290.0
15201,290.0
15202,290.0
15203,290.0
15204,290.0
15205,290.0
15206,290.0
15207,290.0
15208,290.0
15209,290.0
15210,290.0
15211,290.0
15212,290.0
15213,290.0
15214,290.0
15215,290.0
15216,290.0
15217,290.0
15218,290.0
15219,290.0
15220,290.0
15221,290.0
15222,290.0
15223,290.0
15224,290.0
15225,290.0
15226,290.0
15227,290.0
15228,290.0
15229,290.0
15230,290.0
15231,290.0
15232,290.0
15233,290.0
15234,290.0
15235,290.0
15236,290.0
15237,290.0
15238,290.0
15239,290.0
15240,290.0
15241,290.0
15242,290.0
15243,290.0
15244,290.0
15245,290.0
15246,290.0
15247,290.0
15248,290.0
15249,290.0
15250,290.0
15251,290.0
15252,290.0
15253,290.0
15254,290.0
15255,290.0
15256,290.0
15257,290.0
15258,290.0
15259,290.0
15260,290.0
15261,290.0
15262,290.0
15263,290.0
15264,290.0
15265,290.0
15266,290.0
15267,290.0
15268,290.0
15269,290.0
15270,290.0
15271,290.0
15272,290.0
15273,290.0
15274,290.0
15275,290.0
15276,290.0
15277,290.0
15278,290.0
15279,290.0
15280,290.0
15281,290.0
15282,290.0
15283,290.0
15284,290.0
15285,290.0
15286,290.0
15287,290.0
15288,290.0
15289,290.0
15290,290.0
15291,290.0
15292,290.0
15293,290.0
15294,290.0
15295,290.0
15296,290.0
15297,290.0
15298,290.0
15299,290.0
15300,290.0
15301,290.0
15302,290.0
15303,290.0
15304,290.0
15305,290.0
15306,290.0
15307,290.0
15308,290.0
15309,290.0
15310,290.0
15311,290.0
15312,290.0
15313,290.0
15314,290.0
15315,290.0
15316,290.0
15317,290.0
15318,290.0
15319,290.0
15320,290.0
15321,290.0
15322,290.0
15323,290.0
15324,290.0
15325,290.0
15326,290.0
15327,290.0
15328,290.0
15329,290.0
15330,290.0
15331,290.0
15332,290.0
15333,290.0
15334,290.0
15335,290.0
15336,290.0
15337,290.0
15338,290.0
15339,290.0
15340,290.0
15341,290.0
15342,290.0
15343,290.0
15344,290.0
15345,290.0
15346,290.0
15347,290.0
15348,290.0
15349,290.0
15350,290.0
15351,290.0
15352,290.0
15353,290.0
15354,290.0
15355,290.0
15356,290.0
15357,290.0
15358,290.0
15359,290.0
15360,225.0
15361,225.0
15362,225.0
15363,225.0
15364,225.0
15365,225.0
15366,225.0
15367,225.0
15368,225.0
15369,225.0
15370,225.0
15371,225.0
15372,225.0
15373,225.0
15374,225.0
15375,225.0
15376,225.0
15377,225.0
15378,225.0
15379,225.0
15380,225.0
15381,225.0
15382,225.0
15383,225.0
15384,225.0
15385,225.0
15386,225.0
15387,225.0
15388,225.0
15389,225.0
15390,225.0
15391,225.0
15392,225.0
15393,225.0
15394,225.0
15395,225.0
15396,225.0
15397,225.0
15398,225.0
15399,225.0
15400,225.0
15401,225.0
15402,225.0
15403,225.0
15404,225.0
15405,225.0
15406,225.0
15407,225.0
15408,225.0
15409,225.0
15410,225.0
15411,225.0
15412,225.0
15413,225.0
15414,225.0
15415,225.0
15416,225.0
15417,225.0
15418,225.0
15419,225.0
15420,225.0
15421,225.0
15422,225.0
15423,225.0
15424,225.0
15425,225.0
15426,225.0
15427,225.0
15428,225.0
15429,225.0
15430,225.0
15431,225.0
15432,225.0
15433,225.0
15434,225.0
15435,225.0
15436,225.0
15437,225.0
15438,225.0
15439,225.0
15440,225.0
15441,225.0
15442,225.0
15443,225.0
15444,225.0
15445,225.0
15446,225.0
15447,225.0
15448,225.0
15449,225.0
15450,225.0
15451,225.0
15452,225.0
15453,225.0
15454,225.0
15455,225.0
15456,225.0
15457,225.0
15458,225.0
15459,225.0
15460,225.0
15461,225.0
15462,225.0
15463,225.0
15464,225.0
15465,225.0
15466,225.0
15467,225.0
15468,225.0
15469,225.0
15470,225.0
15471,225.0
15472,225.0
15473,225.0
15474,225.0
15475,225.0
15476,225.0
15477,225.0
15478,225.0
15479,225.0
15480,225.0
15481,225.0
15482,225.0
15483,225.0
15484,225.0
15485,225.0
15486,225.0
15487,225.0
15488,225.0
15489,225.0
15490,225.0
15491,225.0
15492,225.0
15493,225.0
15494,225.0
15495,225.0
15496,225.0
15497,225.0
15498,225.0
15499,225.0
15500,225.0
15501,225.0
15502,225.0
15503,225.0
15504,225.0
15505,225.0
15506,225.0
15507,225.0
15508,225.0
15509,225.0
15510,225.0
15511,225.0
15512,225.0
15513,225.0
15514,225.0
15515,225.0
15516,225.0
15517,225.0
15518,225.0
15519,225.0
15520,225.0
15521,225.0
15522,225.0
15523,225.0
15524,225.0
15525,225.0
15526,225.0
15527,225.0
15528,225.0
15529,225.0
15530,225.0
15531,225.0
15532,225.0
15533,225.0
15534,225.0
15535,225.0
15536,225.0
15537,225.0
15538,225.0
15539,225.0
15540,225.0
15541,225.0
15542,225.0
15543,225.0
15544,225.0
15545,225.0
15546,225.0
15547,225.0
15548,225.0
15549,225.0
15550,225.0
15551,225.0
15552,225.0
15553,225.0
15554,225.0
15555,225.0
15556,225.0
15557,225.0
15558,225.0
15559,225.0
15560,225.0
15561,225.0
15562,225.0
15563,225.0
15564,225.0
15565,225.0
15566,225.0
15567,225.0
15568,225.0
15569,225.0
15570,225.0
15571,225.0
15572,225.0
15573,225.0
15574,225.0
15575,225.0
15576,225.0
15577,225.0
15578,225.0
15579,225.0
15580,225.0
15581,225.0
15582,225.0
15583,225.0
15584,225.0
15585,225.0
15586,225.0
15587,225.0
15588,225.0
15589,225.0
15590,225.0
15591,225.0
15592,225.0
15593,225.0
15594,225.0
15595,225.0
15596,225.0
15597,225.0
15598,225.0
15599,225.0
15600,225.0
15601,225.0
15602,225.0
15603,225.0
15604,225.0
15605,225.0
15606,225.0
15607,225.0
15608,225.0
15609,225.0
15610,225.0
15611,225.0
15612,225.0
15613,225.0
15614,225.0
15615,225.0
15616,225.0
15617,225.0
15618,225.0
15619,225.0
15620,225.0
15621,225.0
15622,225.0
15623,225.0
15624,225.0
15625,225.0
15626,225.0
15627,225.0
15628,225.0
15629,225.0
15630,225.0
15631,225.0
15632,225.0
15633,225.0
15634,225.0
15635,225.0
15636,225.0
15637,225.0
15638,225.0
15639,225.0
15640,225.0
15641,225.0
15642,225.0
15643,225.0
15644,225.0
15645,225.0
15646,225.0
15647,225.0
15648,225.0
15649,225.0
15650,225.0
15651,225.0
15652,225.0
15653,225.0
15654,225.0
15655,225.0
15656,225.0
15657,225.0
15658,225.0
15659,225.0
15660,225.0
15661,225.0
15662,225.0
15663,225.0
15664,225.0
15665,225.0
15666,225.0
15667,225.0
15668,225.0
15669,225.0
15670,225.0
15671,225.0
15672,225.0
15673,225.0
15674,225.0
15675,225.0
15676,225.0
15677,225.0
15678,225.0
15679,225.0
15680,225.0
15681,225.0
15682,225.0
15683,225.0
15684,225.0
15685,225.0
15686,225.0
15687,225.0
15688,225.0
15689,225.0
15690,225.0
15691,225.0
15692,225.0
15693,225.0
15694,225.0
15695,225.0
15696,225.0
15697,225.0
15698,225.0
15699,225.0
15700,225.0
15701,225.0
15702,225.0
15703,225.0
15704,225.0
15705,225.0
15706,225.0
15707,225.0
15708,225.0
15709,225.0
15710,225.0
15711,225.0
15712,225.0
15713,225.0
15714,225.0
15715,225.0
15716,225.0
15717,225.0
15718,225.0
15719,225.0
15720,225.0
15721,225.0
15722,225.0
15723,225.0
15724,225.0
15725,225.0
15726,225.0
15727,225.0
15728,225.0
15729,225.0
15730,225.0
15731,225.0
15732,225.0
15733,225.0
15734,225.0
15735,225.0
15736,225.0
15737,225.0
15738,225.0
15739,225.0
15740,225.0
15741,225.0
15742,225.0
15743,225.0
15744,225.0
15745,225.0
15746,225.0
15747,225.0
15748,225.0
15749,225.0
15750,225.0
15751,225.0
15752,225.0
15753,225.0
15754,225.0
15755,225.0
15756,225.0
15757,225.0
15758,225.0
15759,225.0
15760,225.0
15761,225.0
15762,225.0
15763,225.0
15764,225.0
15765,225.0
15766,225.0
15767,225.0
15768,225.0
15769,225.0
15770,225.0
15771,225.0
15772,225.0
15773,225.0
15774,225.0
15775,225.0
15776,225.0
15777,225.0
15778,225.0
15779,225.0
15780,225.0
15781,225.0
15782,225.0
15783,225.0
15784,225.0
15785,225.0
15786,225.0
15787,225.0
15788,225.0
15789,225.0
15790,225.0
15791,225.0
15792,432.0
15793,432.0
15794,432.0
15795,432.0
15796,432.0
15797,432.0
15798,432.0
15799,432.0
15800,432.0
15801,432.0
15802,432.0
15803,432.0
15804,432.0
15805,432.0
15806,432.0
15807,432.0
15808,432.0
15809,432.0
15810,432.0
15811,432.0
15812,432.0
15813,432.0
15814,432.0
15815,432.0
15816,432.0
15817,432.0
15818,432.0
15819,432.0
15820,432.0
15821,432.0
15822,432.0
15823,432.0
15824,432.0
15825,432.0
15826,432.0
15827,432.0
15828,432.0
15829,432.0
15830,432.0
15831,432.0
15832,432.0
15833,432.0
15834,432.0
15835,432.0
15836,432.0
15837,432.0
15838,432.0
15839,432.0
15840,432.0
15841,432.0
15842,432.0
15843,432.0
15844,432.0
15845,432.0
15846,432.0
15847,432.0
15848,432.0
15849,432.0
15850,432.0
15851,432.0
15852,432.0
15853,432.0
15854,432.0
15855,432.0
15856,432.0
15857,432.0
15858,432.0
15859,432.0
15860,432.0
15861,432.0
15862,432.0
15863,432.0
15864,432.0
15865,432.0
15866,432.0
15867,432.0
15868,432.0
15869,432.0
15870,432.0
15871,432.0
15872,432.0
15873,432.0
15874,432.0
15875,432.0
15876,432.0
15877,432.0
15878,432.0
15879,432.0
15880,432.0
15881,432.0
15882,432.0
15883,432.0
15884,432.0
15885,432.0
15886,432.0
15887,432.0
15888,432.0
15889,432.0
15890,432.0
15891,432.0
15892,432.0
15893,432.0
15894,432.0
15895,432.0
15896,432.0
15897,432.0
15898,432.0
15899,432.0
15900,432.0
15901,432.0
15902,432.0
15903,432.0
15904,432.0
15905,432.0
15906,432.0
15907,432.0
15908,432.0
15909,432.0
15910,432.0
15911,432.0
15912,432.0
15913,432.0
15914,432.0
15915,432.0
15916,432.0
15917,432.0
15918,432.0
15919,432.0
15920,432.0
15921,432.0
15922,432.0
15923,432.0
15924,432.0
15925,432.0
15926,432.0
15927,432.0
15928,432.0
15929,432.0
15930,432.0
15931,432.0
15932,432.0
15933,432.0
15934,432.0
15935,432.0
15936,432.0
15937,432.0
15938,432.0
15939,432.0
15940,432.0
15941,432.0
15942,432.0
15943,432.0
15944,432.0
15945,432.0
15946,432.0
15947,432.0
15948,432.0
15949,432.0
15950,432.0
15951,432.0
15952,432.0
15953,432.0
15954,432.0
15955,432.0
15956,432.0
15957,432.0
15958,432.0
15959,432.0
15960,432.0
15961,432.0
15962,432.0
15963,432.0
15964,432.0
15965,432.0
15966,432.0
15967,432.0
15968,432.0
15969,432.0
15970,432.0
15971,432.0
15972,432.0
15973,432.0
15974,432.0
15975,432.0
15976,432.0
15977,432.0
15978,432.0
15979,432.0
15980,432.0
15981,432.0
15982,432.0
15983,432.0
15984,432.0
15985,432.0
15986,432.0
15987,432.0
15988,432.0
15989,432.0
15990,432.0
15991,432.0
15992,432.0
15993,432.0
15994,432.0
15995,432.0
15996,432.0
15997,432.0
15998,432.0
15999,432.0
16000,432.0
16001,432.0
16002,432.0
16003,432.0
16004,432.0
16005,432.0
16006,432.0
16007,432.0
16008,432.0
16009,432.0
16010,432.0
16011,432.0
16012,432.0
16013,432.0
16014,432.0
16015,432.0
16016,432.0
16017,432.0
16018,432.0
16019,432.0
16020,432.0
16021,432.0
16022,432.0
16023,432.0
16024,432.0
16025,432.0
16026,432.0
16027,432.0
16028,432.0
16029,432.0
16030,432.0
16031,432.0
16032,432.0
16033,432.0
16034,432.0
16035,432.0
16036,432.0
16037,432.0
16038,432.0
16039,432.0
16040,432.0
16041,432.0
16042,432.0
16043,432.0
16044,432.0
16045,432.0
16046,432.0
16047,432.0
16048,432.0
16049,432.0
16050,432.0
16051,432.0
16052,432.0
16053,432.0
16054,432.0
16055,432.0
16056,432.0
16057,432.0
16058,432.0
16059,432.0
16060,432.0
16061,432.0
16062,432.0
16063,432.0
16064,432.0
16065,432.0
16066,432.0
16067,432.0
16068,432.0
16069,432.0
16070,432.0
16071,432.0
16072,432.0
16073,432.0
16074,432.0
16075,432.0
16076,432.0
16077,432.0
16078,432.0
16079,432.0
16080,432.0
16081,432.0
16082,432.0
16083,432.0
16084,432.0
16085,432.0
16086,432.0
16087,432.0
16088,432.0
16089,432.0
16090,432.0
16091,432.0
16092,432.0
16093,432.0
16094,432.0
16095,432.0
16096,432.0
16097,432.0
16098,432.0
16099,432.0
16100,432.0
16101,432.0
16102,432.0
16103,432.0
16104,432.0
16105,432.0
16106,432.0
16107,432.0
16108,432.0
16109,432.0
16110,432.0
16111,432.0
16112,432.0
16113,432.0
16114,432.0
16115,432.0
16116,432.0
16117,432.0
16118,432.0
16119,432.0
16120,432.0
16121,432.0
16122,432.0
16123,432.0
16124,432.0
16125,432.0
16126,432.0
16127,432.0
16128,432.0
16129,432.0
16130,432.0
16131,432.0
16132,432.0
16133,432.0
16134,432.0
16135,432.0
16136,432.0
16137,432.0
16138,432.0
16139,432.0
16140,432.0
16141,432.0
16142,432.0
16143,432.0
16144,432.0
16145,432.0
16146,432.0
16147,432.0
16148,432.0
16149,432.0
16150,432.0
16151,432.0
16152,432.0
16153,432.0
16154,432.0
16155,432.0
16156,432.0
16157,432.0
16158,432.0
16159,432.0
16160,432.0
16161,432.0
16162,432.0
16163,432.0
16164,432.0
16165,432.0
16166,432.0
16167,432.0
16168,432.0
16169,432.0
16170,432.0
16171,432.0
16172,432.0
16173,432.0
16174,432.0
16175,432.0
16176,432.0
16177,432.0
16178,432.0
16179,432.0
16180,432.0
16181,432.0
16182,432.0
16183,432.0
16184,432.0
16185,432.0
16186,432.0
16187,432.0
16188,432.0
16189,432.0
16190,432.0
16191,432.0
16192,432.0
16193,432.0
16194,432.0
16195,432.0
16196,432.0
16197,432.0
16198,432.0
16199,432.0
16200,432.0
16201,432.0
16202,432.0
16203,432.0
16204,432.0
16205,432.0
16206,432.0
16207,432.0
16208,432.0
16209,432.0
16210,432.0
16211,432.0
16212,432.0
16213,432.0
16214,432.0
16215,432.0
16216,432.0
16217,432.0
16218,432.0
16219,432.0
16220,432.0
16221,432.0
16222,432.0
16223,432.0
16224,432.0
16225,432.0
16226,432.0
16227,435.0
16228,435.0
16229,435.0
16230,435.0
16231,435.0
16232,435.0
16233,435.0
16234,435.0
16235,435.0
16236,435.0
16237,435.0
16238,435.0
16239,435.0
16240,435.0
16241,435.0
16242,435.0
16243,435.0
16244,435.0
16245,435.0
16246,435.0
16247,435.0
16248,435.0
16249,435.0
16250,435.0
16251,435.0
16252,435.0
16253,435.0
16254,435.0
16255,435.0
16256,435.0
16257,435.0
16258,435.0
16259,435.0
16260,435.0
16261,435.0
16262,435.0
16263,435.0
16264,435.0
16265,435.0
16266,435.0
16267,435.0
16268,435.0
16269,435.0
16270,435.0
16271,435.0
16272,435.0
16273,435.0
16274,435.0
16275,435.0
16276,435.0
16277,435.0
16278,435.0
16279,435.0
16280,435.0
16281,435.0
16282,435.0
16283,435.0
16284,435.0
16285,435.0
16286,435.0
16287,435.0
16288,435.0
16289,435.0
16290,435.0
16291,435.0
16292,435.0
16293,435.0
16294,435.0
16295,435.0
16296,435.0
16297,435.0
16298,435.0
16299,435.0
16300,435.0
16301,435.0
16302,435.0
16303,435.0
16304,435.0
16305,435.0
16306,435.0
16307,435.0
16308,435.0
16309,435.0
16310,435.0
16311,435.0
16312,435.0
16313,435.0
16314,435.0
16315,435.0
16316,435.0
16317,435.0
16318,435.0
16319,435.0
16320,435.0
16321,435.0
16322,435.0
16323,435.0
16324,435.0
16325,435.0
16326,435.0
16327,435.0
16328,435.0
16329,435.0
16330,435.0
16331,435.0
16332,435.0
16333,435.0
16334,435.0
16335,435.0
16336,435.0
16337,435.0
16338,435.0
16339,435.0
16340,435.0
16341,435.0
16342,435.0
16343,435.0
16344,435.0
16345,435.0
16346,435.0
16347,435.0
16348,435.0
16349,435.0
16350,435.0
16351,435.0
16352,435.0
16353,435.0
16354,435.0
16355,435.0
16356,435.0
16357,435.0
16358,435.0
16359,435.0
16360,435.0
16361,435.0
16362,435.0
16363,435.0
16364,435.0
16365,435.0
16366,435.0
16367,435.0
16368,435.0
16369,435.0
16370,435.0
16371,435.0
16372,435.0
16373,435.0
16374,435.0
16375,435.0
16376,435.0
16377,435.0
16378,435.0
16379,435.0
16380,435.0
16381,435.0
16382,435.0
16383,435.0
16384,435.0
16385,435.0
16386,435.0
16387,435.0
16388,435.0
16389,435.0
16390,435.0
16391,435.0
16392,435.0
16393,435.0
16394,435.0
16395,435.0
16396,435.0
16397,435.0
16398,435.0
16399,435.0
16400,435.0
16401,435.0
16402,435.0
16403,435.0
16404,435.0
16405,435.0
16406,435.0
16407,435.0
16408,435.0
16409,435.0
16410,435.0
16411,435.0
16412,435.0
16413,435.0
16414,435.0
16415,435.0
16416,435.0
16417,435.0
16418,435.0
16419,435.0
16420,435.0
16421,435.0
16422,435.0
16423,435.0
16424,435.0
16425,435.0
16426,435.0
16427,435.0
16428,435.0
16429,435.0
16430,435.0
16431,435.0
16432,435.0
16433,435.0
16434,435.0
16435,435.0
16436,435.0
16437,435.0
16438,435.0
16439,435.0
16440,435.0
16441,435.0
16442,435.0
16443,435.0
16444,435.0
16445,435.0
16446,435.0
16447,435.0
16448,435.0
16449,435.0
16450,435.0
16451,435.0
16452,435.0
16453,435.0
16454,435.0
16455,435.0
16456,435.0
16457,435.0
16458,435.0
16459,435.0
16460,435.0
16461,435.0
16462,435.0
16463,435.0
16464,435.0
16465,435.0
16466,435.0
16467,435.0
16468,435.0
16469,435.0
16470,435.0
16471,435.0
16472,435.0
16473,435.0
16474,435.0
16475,435.0
16476,435.0
16477,435.0
16478,435.0
16479,435.0
16480,435.0
16481,435.0
16482,435.0
16483,435.0
16484,435.0
16485,435.0
16486,435.0
16487,435.0
16488,435.0
16489,435.0
16490,435.0
16491,435.0
16492,435.0
16493,435.0
16494,435.0
16495,435.0
16496,435.0
16497,435.0
16498,435.0
16499,435.0
16500,435.0
16501,435.0
16502,435.0
16503,435.0
16504,435.0
16505,435.0
16506,435.0
16507,435.0
16508,435.0
16509,435.0
16510,435.0
16511,435.0
16512,435.0
16513,435.0
16514,435.0
16515,435.0
16516,435.0
16517,435.0
16518,435.0
16519,435.0
16520,435.0
16521,435.0
16522,435.0
16523,435.0
16524,435.0
16525,435.0
16526,435.0
16527,435.0
16528,435.0
16529,435.0
16530,435.0
16531,435.0
16532,435.0
16533,435.0
16534,435.0
16535,435.0
16536,435.0
16537,435.0
16538,435.0
16539,435.0
16540,435.0
16541,435.0
16542,435.0
16543,435.0
16544,435.0
16545,435.0
16546,435.0
16547,435.0
16548,435.0
16549,435.0
16550,435.0
16551,435.0
16552,435.0
16553,435.0
16554,435.0
16555,435.0
16556,435.0
16557,435.0
16558,435.0
16559,435.0
16560,435.0
16561,435.0
16562,435.0
16563,435.0
16564,435.0
16565,435.0
16566,435.0
16567,435.0
16568,435.0
16569,342.0
16570,342.0
16571,342.0
16572,342.0
16573,342.0
16574,342.0
16575,342.0
16576,342.0
16577,342.0
16578,342.0
16579,342.0
16580,342.0
16581,342.0
16582,342.0
16583,342.0
16584,342.0
16585,342.0
16586,342.0
16587,342.0
16588,342.0
16589,342.0
16590,342.0
16591,342.0
16592,342.0
16593,342.0
16594,342.0
16595,342.0
16596,342.0
16597,342.0
16598,342.0
16599,342.0
16600,342.0
16601,342.0
16602,342.0
16603,342.0
16604,342.0
16605,342.0
16606,342.0
16607,342.0
16608,342.0
16609,342.0
16610,342.0
16611,342.0
16612,342.0
16613,342.0
16614,342.0
16615,342.0
16616,342.0
16617,342.0
16618,342.0
16619,342.0
16620,342.0
16621,342.0
16622,342.0
16623,342.0
16624,342.0
16625,342.0
16626,342.0
16627,342.0
16628,342.0
16629,342.0
16630,342.0
16631,342.0
16632,342.0
16633,342.0
16634,342.0
16635,342.0
16636,342.0
16637,342.0
16638,342.0
16639,342.0
16640,342.0
16641,342.0
16642,342.0
16643,342.0
16644,342.0
16645,342.0
16646,342.0
16647,342.0
16648,342.0
16649,342.0
16650,342.0
16651,342.0
16652,342.0
16653,342.0
16654,342.0
16655,342.0
16656,342.0
16657,342.0
16658,342.0
16659,342.0
16660,342.0
16661,342.0
16662,342.0
16663,342.0
16664,342.0
16665,342.0
16666,342.0
16667,342.0
16668,342.0
16669,342.0
16670,342.0
16671,342.0
16672,342.0
16673,342.0
16674,342.0
16675,342.0
16676,342.0
16677,342.0
16678,342.0
16679,342.0
16680,342.0
16681,342.0
16682,342.0
16683,342.0
16684,342.0
16685,342.0
16686,342.0
16687,342.0
16688,342.0
16689,342.0
16690,342.0
16691,342.0
16692,342.0
16693,342.0
16694,342.0
16695,342.0
16696,342.0
16697,342.0
16698,342.0
16699,342.0
16700,342.0
16701,342.0
16702,342.0
16703,342.0
16704,342.0
16705,342.0
16706,342.0
16707,342.0
16708,342.0
16709,342.0
16710,342.0
16711,342.0
16712,342.0
16713,342.0
16714,342.0
16715,342.0
16716,342.0
16717,342.0
16718,342.0
16719,342.0
16720,342.0
16721,342.0
16722,342.0
16723,342.0
16724,342.0
16725,342.0
16726,342.0
16727,342.0
16728,342.0
16729,342.0
16730,342.0
16731,342.0
16732,342.0
16733,342.0
16734,342.0
16735,342.0
16736,342.0
16737,342.0
16738,342.0
16739,342.0
16740,342.0
16741,342.0
16742,342.0
16743,342.0
16744,342.0
16745,342.0
16746,342.0
16747,342.0
16748,342.0
16749,342.0
16750,342.0
16751,342.0
16752,342.0
16753,342.0
16754,342.0
16755,342.0
16756,342.0
16757,342.0
16758,342.0
16759,342.0
16760,342.0
16761,342.0
16762,342.0
16763,342.0
16764,342.0
16765,342.0
16766,342.0
16767,342.0
16768,342.0
16769,342.0
16770,342.0
16771,342.0
16772,342.0
16773,342.0
16774,342.0
16775,342.0
16776,342.0
16777,342.0
16778,342.0
16779,342.0
16780,342.0
16781,342.0
16782,342.0
16783,342.0
16784,342.0
16785,342.0
16786,342.0
16787,342.0
16788,342.0
16789,342.0
16790,342.0
16791,342.0
16792,342.0
16793,342.0
16794,342.0
16795,342.0
16796,342.0
16797,342.0
16798,342.0
16799,342.0
16800,342.0
16801,342.0
16802,342.0
16803,342.0
16804,342.0
16805,342.0
16806,342.0
16807,342.0
16808,342.0
16809,342.0
16810,342.0
16811,342.0
16812,342.0
16813,342.0
16814,342.0
16815,342.0
16816,342.0
16817,342.0
16818,342.0
16819,342.0
16820,342.0
16821,342.0
16822,342.0
16823,342.0
16824,342.0
16825,342.0
16826,342.0
16827,342.0
16828,342.0
16829,342.0
16830,342.0
16831,342.0
16832,342.0
16833,342.0
16834,342.0
16835,342.0
16836,342.0
16837,342.0
16838,342.0
16839,342.0
16840,342.0
16841,342.0
16842,342.0
16843,342.0
16844,342.0
16845,342.0
16846,342.0
16847,342.0
16848,342.0
16849,342.0
16850,342.0
16851,342.0
16852,342.0
16853,342.0
16854,342.0
16855,342.0
16856,342.0
16857,342.0
16858,342.0
16859,342.0
16860,342.0
16861,342.0
16862,342.0
16863,342.0
16864,342.0
16865,342.0
16866,342.0
16867,342.0
16868,342.0
16869,342.0
16870,342.0
16871,342.0
16872,342.0
16873,342.0
16874,342.0
16875,342.0
16876,342.0
16877,342.0
16878,342.0
16879,342.0
16880,342.0
16881,342.0
16882,342.0
16883,342.0
16884,342.0
16885,342.0
16886,342.0
16887,342.0
16888,342.0
16889,342.0
16890,342.0
16891,342.0
16892,342.0
16893,342.0
16894,342.0
16895,342.0
16896,342.0
16897,342.0
16898,342.0
16899,342.0
16900,342.0
16901,342.0
16902,342.0
16903,342.0
16904,342.0
16905,342.0
16906,342.0
16907,342.0
16908,342.0
16909,342.0
16910,342.0
16911,342.0
16912,342.0
16913,342.0
16914,342.0
16915,342.0
16916,342.0
16917,342.0
16918,342.0
16919,342.0
16920,342.0
16921,342.0
16922,342.0
16923,342.0
16924,342.0
16925,342.0
16926,342.0
16927,342.0
16928,342.0
16929,342.0
16930,342.0
16931,342.0
16932,342.0
16933,342.0
16934,342.0
16935,342.0
16936,342.0
16937,342.0
16938,342.0
16939,342.0
16940,371.0
16941,371.0
16942,371.0
16943,371.0
16944,371.0
16945,371.0
16946,371.0
16947,371.0
16948,371.0
16949,371.0
16950,371.0
16951,371.0
16952,371.0
16953,371.0
16954,371.0
16955,371.0
16956,371.0
16957,371.0
16958,371.0
16959,371.0
16960,371.0
16961,371.0
16962,371.0
16963,371.0
16964,371.0
16965,371.0
16966,371.0
16967,371.0
16968,371.0
16969,371.0
16970,371.0
16971,371.0
16972,371.0
16973,371.0
16974,371.0
16975,371.0
16976,371.0
16977,371.0
16978,371.0
16979,371.0
16980,371.0
16981,371.0
16982,371.0
16983,371.0
16984,371.0
16985,371.0
16986,371.0
16987,371.0
16988,371.0
16989,371.0
16990,371.0
16991,371.0
16992,371.0
16993,371.0
16994,371.0
16995,371.0
16996,371.0
16997,371.0
16998,371.0
16999,371.0
17000,371.0
17001,371.0
17002,371.0
17003,371.0
17004,371.0
17005,371.0
17006,371.0
17007,371.0
17008,371.0
17009,371.0
17010,371.0
17011,371.0
17012,371.0
17013,371.0
17014,371.0
17015,371.0
17016,371.0
17017,371.0
17018,371.0
17019,371.0
17020,371.0
17021,371.0
17022,371.0
17023,371.0
17024,371.0
17025,371.0
17026,371.0
17027,371.0
17028,371.0
17029,371.0
17030,371.0
17031,371.0
17032,371.0
17033,371.0
17034,371.0
17035,371.0
17036,371.0
17037,371.0
17038,371.0
17039,371.0
17040,371.0
17041,371.0
17042,371.0
17043,371.0
17044,371.0
17045,371.0
17046,371.0
17047,371.0
17048,371.0
17049,371.0
17050,371.0
17051,371.0
17052,371.0
17053,371.0
17054,371.0
17055,371.0
17056,371.0
17057,371.0
17058,371.0
17059,371.0
17060,371.0
17061,371.0
17062,371.0
17063,371.0
17064,371.0
17065,371.0
17066,371.0
17067,371.0
17068,371.0
17069,371.0
17070,371.0
17071,371.0
17072,371.0
17073,371.0
17074,371.0
17075,371.0
17076,371.0
17077,371.0
17078,371.0
17079,371.0
17080,371.0
17081,371.0
17082,371.0
17083,371.0
17084,371.0
17085,371.0
17086,371.0
17087,371.0
17088,371.0
17089,371.0
17090,371.0
17091,371.0
17092,371.0
17093,371.0
17094,371.0
17095,371.0
17096,371.0
17097,371.0
17098,371.0
17099,371.0
17100,371.0
17101,371.0
17102,371.0
17103,371.0
17104,371.0
17105,371.0
17106,371.0
17107,371.0
17108,371.0
17109,371.0
17110,371.0
17111,371.0
17112,371.0
17113,371.0
17114,371.0
17115,371.0
17116,371.0
17117,371.0
17118,371.0
17119,371.0
17120,371.0
17121,371.0
17122,371.0
17123,371.0
17124,371.0
17125,371.0
17126,371.0
17127,371.0
17128,371.0
17129,371.0
17130,371.0
17131,371.0
17132,371.0
17133,371.0
17134,371.0
17135,371.0
17136,371.0
17137,371.0
17138,371.0
17139,371.0
17140,371.0
17141,371.0
17142,371.0
17143,371.0
17144,371.0
17145,371.0
17146,371.0
17147,371.0
17148,371.0
17149,371.0
17150,371.0
17151,371.0
17152,371.0
17153,371.0
17154,371.0
17155,371.0
17156,371.0
17157,371.0
17158,371.0
17159,371.0
17160,371.0
17161,371.0
17162,371.0
17163,371.0
17164,371.0
17165,371.0
17166,371.0
17167,371.0
17168,371.0
17169,371.0
17170,371.0
17171,371.0
17172,371.0
17173,371.0
17174,371.0
17175,371.0
17176,371.0
17177,371.0
17178,371.0
17179,371.0
17180,371.0
17181,371.0
17182,371.0
17183,371.0
17184,371.0
17185,371.0
17186,371.0
17187,371.0
17188,371.0
17189,371.0
17190,371.0
17191,371.0
17192,371.0
17193,371.0
17194,371.0
17195,371.0
17196,371.0
17197,371.0
17198,371.0
17199,371.0
17200,371.0
17201,371.0
17202,371.0
17203,371.0
17204,371.0
17205,371.0
17206,371.0
17207,371.0
17208,371.0
17209,371.0
17210,371.0
17211,371.0
17212,371.0
17213,371.0
17214,371.0
17215,371.0
17216,371.0
17217,371.0
17218,371.0
17219,371.0
17220,371.0
17221,371.0
17222,371.0
17223,371.0
17224,371.0
17225,371.0
17226,371.0
17227,371.0
17228,371.0
17229,371.0
17230,371.0
17231,371.0
17232,371.0
17233,371.0
17234,371.0
17235,371.0
17236,371.0
17237,371.0
17238,371.0
17239,371.0
17240,371.0
17241,371.0
17242,371.0
17243,371.0
17244,371.0
17245,371.0
17246,371.0
17247,371.0
17248,371.0
17249,371.0
17250,371.0
17251,371.0
17252,371.0
17253,371.0
17254,371.0
17255,371.0
17256,371.0
17257,371.0
17258,371.0
17259,371.0
17260,371.0
17261,371.0
17262,371.0
17263,371.0
17264,371.0
17265,371.0
17266,371.0
17267,371.0
17268,371.0
17269,371.0
17270,371.0
17271,371.0
17272,371.0
17273,371.0
17274,371.0
17275,371.0
17276,371.0
17277,371.0
17278,371.0
17279,371.0
17280,371.0
17281,371.0
17282,371.0
17283,371.0
17284,371.0
17285,371.0
17286,371.0
17287,371.0
17288,371.0
17289,371.0
17290,371.0
17291,371.0
17292,371.0
17293,371.0
17294,371.0
17295,371.0
17296,371.0
17297,371.0
17298,371.0
17299,371.0
17300,371.0
17301,371.0
17302,371.0
17303,371.0
17304,371.0
17305,371.0
17306,371.0
17307,371.0
17308,371.0
17309,371.0
17310,371.0
17311,371.0
17312,371.0
17313,371.0
17314,371.0
17315,371.0
17316,371.0
17317,371.0
17318,371.0
17319,371.0
17320,371.0
17321,371.0
17322,371.0
17323,371.0
17324,371.0
17325,371.0
17326,371.0
17327,371.0
17328,371.0
17329,371.0
17330,371.0
17331,371.0
17332,371.0
17333,371.0
17334,371.0
17335,371.0
17336,371.0
17337,371.0
17338,371.0
17339,371.0
17340,371.0
17341,371.0
17342,371.0
17343,371.0
17344,371.0
17345,371.0
17346,371.0
17347,371.0
17348,371.0
17349,371.0
17350,371.0
17351,371.0
17352,371.0
17353,371.0
17354,371.0
17355,371.0
17356,371.0
17357,371.0
17358,371.0
17359,371.0
17360,371.0
17361,371.0
17362,371.0
17363,371.0
17364,371.0
17365,371.0
17366,371.0
17367,371.0
17368,371.0
17369,371.0
17370,371.0
17371,371.0
17372,371.0
17373,371.0
17374,371.0
17375,371.0
17376,371.0
17377,371.0
17378,371.0
17379,371.0
17380,371.0
17381,371.0
17382,371.0
17383,371.0
17384,371.0
17385,371.0
17386,371.0
17387,371.0
17388,371.0
17389,371.0
17390,371.0
17391,371.0
17392,452.0
17393,452.0
17394,452.0
17395,452.0
17396,452.0
17397,452.0
17398,452.0
17399,452.0
17400,452.0
17401,452.0
17402,452.0
17403,452.0
17404,452.0
17405,452.0
17406,452.0
17407,452.0
17408,452.0
17409,452.0
17410,452.0
17411,452.0
17412,452.0
17413,452.0
17414,452.0
17415,452.0
17416,452.0
17417,452.0
17418,452.0
17419,452.0
17420,452.0
17421,452.0
17422,452.0
17423,452.0
17424,452.0
17425,452.0
17426,452.0
17427,452.0
17428,452.0
17429,452.0
17430,452.0
17431,452.0
17432,452.0
17433,452.0
17434,452.0
17435,452.0
17436,452.0
17437,452.0
17438,452.0
17439,452.0
17440,452.0
17441,452.0
17442,452.0
17443,452.0
17444,452.0
17445,452.0
17446,452.0
17447,452.0
17448,452.0
17449,452.0
17450,452.0
17451,452.0
17452,452.0
17453,452.0
17454,452.0
17455,452.0
17456,452.0
17457,452.0
17458,452.0
17459,452.0
17460,452.0
17461,452.0
17462,452.0
17463,452.0
17464,452.0
17465,452.0
17466,452.0
17467,452.0
17468,452.0
17469,452.0
17470,452.0
17471,452.0
17472,452.0
17473,452.0
17474,452.0
17475,452.0
17476,452.0
17477,452.0
17478,452.0
17479,452.0
17480,452.0
17481,452.0
17482,452.0
17483,452.0
17484,452.0
17485,452.0
17486,452.0
17487,452.0
17488,452.0
17489,452.0
17490,452.0
17491,452.0
17492,452.0
17493,452.0
17494,452.0
17495,452.0
17496,452.0
17497,452.0
17498,452.0
17499,452.0
17500,452.0
17501,452.0
17502,452.0
17503,452.0
17504,452.0
17505,452.0
17506,452.0
17507,452.0
17508,452.0
17509,452.0
17510,452.0
17511,452.0
17512,452.0
17513,452.0
17514,452.0
17515,452.0
17516,452.0
17517,452.0
17518,452.0
17519,452.0
17520,452.0
17521,452.0
17522,452.0
17523,452.0
17524,452.0
17525,452.0
17526,452.0
17527,452.0
17528,452.0
17529,452.0
17530,452.0
17531,452.0
17532,452.0
17533,452.0
17534,452.0
17535,452.0
17536,452.0
17537,452.0
17538,452.0
17539,452.0
17540,452.0
17541,452.0
17542,452.0
17543,452.0
17544,452.0
17545,452.0
17546,452.0
17547,452.0
17548,452.0
17549,452.0
17550,452.0
17551,452.0
17552,452.0
17553,452.0
17554,452.0
17555,452.0
17556,452.0
17557,452.0
17558,452.0
17559,452.0
17560,452.0
17561,452.0
17562,452.0
17563,452.0
17564,452.0
17565,452.0
17566,452.0
17567,452.0
17568,452.0
17569,452.0
17570,452.0
17571,452.0
17572,452.0
17573,452.0
17574,452.0
17575,452.0
17576,452.0
17577,452.0
17578,452.0
17579,452.0
17580,452.0
17581,452.0
17582,452.0
17583,452.0
17584,452.0
17585,452.0
17586,452.0
17587,452.0
17588,452.0
17589,452.0
17590,452.0
17591,452.0
17592,452.0
17593,452.0
17594,452.0
17595,452.0
17596,452.0
17597,452.0
17598,452.0
17599,452.0
17600,452.0
17601,452.0
17602,452.0
17603,452.0
17604,452.0
17605,452.0
17606,452.0
17607,452.0
17608,452.0
17609,452.0
17610,452.0
17611,452.0
17612,452.0
17613,452.0
17614,452.0
17615,452.0
17616,452.0
17617,452.0
17618,452.0
17619,452.0
17620,452.0
17621,452.0
17622,452.0
17623,452.0
17624,452.0
17625,452.0
17626,452.0
17627,452.0
17628,452.0
17629,452.0
17630,452.0
17631,452.0
17632,452.0
17633,452.0
17634,452.0
17635,452.0
17636,452.0
17637,452.0
17638,452.0
17639,452.0
17640,452.0
17641,452.0
17642,452.0
17643,452.0
17644,452.0
17645,452.0
17646,452.0
17647,452.0
17648,452.0
17649,452.0
17650,452.0
17651,452.0
17652,452.0
17653,452.0
17654,452.0
17655,452.0
17656,452.0
17657,452.0
17658,452.0
17659,452.0
17660,452.0
17661,452.0
17662,452.0
17663,452.0
17664,452.0
17665,452.0
17666,452.0
17667,452.0
17668,452.0
17669,452.0
17670,452.0
17671,452.0
17672,452.0
17673,452.0
17674,452.0
17675,452.0
17676,452.0
17677,452.0
17678,452.0
17679,452.0
17680,452.0
17681,452.0
17682,452.0
17683,452.0
17684,452.0
17685,452.0
17686,452.0
17687,452.0
17688,452.0
17689,452.0
17690,452.0
17691,452.0
17692,452.0
17693,452.0
17694,452.0
17695,452.0
17696,452.0
17697,452.0
17698,452.0
17699,452.0
17700,452.0
17701,452.0
17702,452.0
17703,452.0
17704,452.0
17705,452.0
17706,452.0
17707,452.0
17708,452.0
17709,452.0
17710,452.0
17711,452.0
17712,452.0
17713,452.0
17714,452.0
17715,452.0
17716,452.0
17717,452.0
17718,452.0
17719,452.0
17720,452.0
17721,452.0
17722,452.0
17723,452.0
17724,452.0
17725,452.0
17726,452.0
17727,452.0
17728,452.0
17729,452.0
17730,452.0
17731,452.0
17732,452.0
17733,452.0
17734,452.0
17735,452.0
17736,452.0
17737,452.0
17738,452.0
17739,452.0
17740,452.0
17741,452.0
17742,452.0
17743,452.0
17744,452.0
17745,452.0
17746,452.0
17747,452.0
17748,452.0
17749,452.0
17750,452.0
17751,452.0
17752,452.0
17753,452.0
17754,452.0
17755,452.0
17756,452.0
17757,452.0
17758,452.0
17759,452.0
17760,452.0
17761,452.0
17762,452.0
17763,452.0
17764,452.0
17765,452.0
17766,452.0
17767,452.0
17768,452.0
17769,452.0
17770,452.0
17771,452.0
17772,452.0
17773,452.0
17774,452.0
17775,452.0
17776,452.0
17777,452.0
17778,452.0
17779,452.0
17780,452.0
17781,452.0
17782,452.0
17783,452.0
17784,452.0
17785,452.0
17786,452.0
17787,452.0
17788,452.0
17789,452.0
17790,452.0
17791,452.0
17792,452.0
17793,452.0
17794,452.0
17795,452.0
17796,452.0
17797,452.0
17798,452.0
17799,452.0
17800,452.0
17801,409.0
17802,409.0
17803,409.0
17804,409.0
17805,409.0
17806,409.0
17807,409.0
17808,409.0
17809,409.0
17810,409.0
17811,409.0
17812,409.0
17813,409.0
17814,409.0
17815,409.0
17816,409.0
17817,409.0
17818,409.0
17819,409.0
17820,409.0
17821,409.0
17822,409.0
17823,409.0
17824,409.0
17825,409.0
17826,409.0
17827,409.0
17828,409.0
17829,409.0
17830,409.0
17831,409.0
17832,409.0
17833,409.0
17834,409.0
17835,409.0
17836,409.0
17837,409.0
17838,409.0
17839,409.0
17840,409.0
17841,409.0
17842,409.0
17843,409.0
17844,409.0
17845,409.0
17846,409.0
17847,409.0
17848,409.0
17849,409.0
17850,409.0
17851,409.0
17852,409.0
17853,409.0
17854,409.0
17855,409.0
17856,409.0
17857,409.0
17858,409.0
17859,409.0
17860,409.0
17861,409.0
17862,409.0
17863,409.0
17864,409.0
17865,409.0
17866,409.0
17867,409.0
17868,409.0
17869,409.0
17870,409.0
17871,409.0
17872,409.0
17873,409.0
17874,409.0
17875,409.0
17876,409.0
17877,409.0
17878,409.0
17879,409.0
17880,409.0
17881,409.0
17882,409.0
17883,409.0
17884,409.0
17885,409.0
17886,409.0
17887,409.0
17888,409.0
17889,409.0
17890,409.0
17891,409.0
17892,409.0
17893,409.0
17894,409.0
17895,409.0
17896,409.0
17897,409.0
17898,409.0
17899,409.0
17900,409.0
17901,409.0
17902,409.0
17903,409.0
17904,409.0
17905,409.0
17906,409.0
17907,409.0
17908,409.0
17909,409.0
17910,409.0
17911,409.0
17912,409.0
17913,409.0
17914,409.0
17915,409.0
17916,409.0
17917,409.0
17918,409.0
17919,409.0
17920,409.0
17921,409.0
17922,409.0
17923,409.0
17924,409.0
17925,409.0
17926,409.0
17927,409.0
17928,409.0
17929,409.0
17930,409.0
17931,409.0
17932,409.0
17933,409.0
17934,409.0
17935,409.0
17936,409.0
17937,409.0
17938,409.0
17939,409.0
17940,409.0
17941,409.0
17942,409.0
17943,409.0
17944,409.0
17945,409.0
17946,409.0
17947,409.0
17948,409.0
17949,409.0
17950,409.0
17951,409.0
17952,409.0
17953,409.0
17954,409.0
17955,409.0
17956,409.0
17957,409.0
17958,409.0
17959,409.0
17960,409.0
17961,409.0
17962,409.0
17963,409.0
17964,409.0
17965,409.0
17966,409.0
17967,409.0
17968,409.0
17969,409.0
17970,409.0
17971,409.0
17972,409.0
17973,409.0
17974,409.0
17975,409.0
17976,409.0
17977,409.0
17978,409.0
17979,409.0
17980,409.0
17981,409.0
17982,409.0
17983,409.0
17984,409.0
17985,409.0
17986,409.0
17987,409.0
17988,409.0
17989,409.0
17990,409.0
17991,409.0
17992,409.0
17993,409.0
17994,409.0
17995,409.0
17996,409.0
17997,409.0
17998,409.0
17999,409.0
18000,409.0
18001,409.0
18002,409.0
18003,409.0
18004,409.0
18005,409.0
18006,409.0
18007,409.0
18008,409.0
18009,409.0
18010,409.0
18011,409.0
18012,409.0
18013,409.0
18014,409.0
18015,409.0
18016,409.0
18017,409.0
18018,409.0
18019,409.0
18020,409.0
18021,409.0
18022,409.0
18023,409.0
18024,409.0
18025,409.0
18026,409.0
18027,409.0
18028,409.0
18029,409.0
18030,409.0
18031,409.0
18032,409.0
18033,409.0
18034,409.0
18035,409.0
18036,409.0
18037,409.0
18038,409.0
18039,409.0
18040,409.0
18041,409.0
18042,409.0
18043,409.0
18044,409.0
18045,409.0
18046,409.0
18047,409.0
18048,409.0
18049,409.0
18050,409.0
18051,409.0
18052,409.0
18053,409.0
18054,409.0
18055,409.0
18056,409.0
18057,409.0
18058,409.0
18059,409.0
18060,409.0
18061,409.0
18062,409.0
18063,409.0
18064,409.0
18065,409.0
18066,409.0
18067,409.0
18068,409.0
18069,409.0
18070,409.0
18071,409.0
18072,409.0
18073,409.0
18074,409.0
18075,409.0
18076,409.0
18077,409.0
18078,409.0
18079,409.0
18080,409.0
18081,409.0
18082,409.0
18083,409.0
18084,409.0
18085,409.0
18086,409.0
18087,409.0
18088,409.0
18089,409.0
18090,409.0
18091,409.0
18092,409.0
18093,409.0
18094,409.0
18095,409.0
18096,409.0
18097,409.0
18098,409.0
18099,409.0
18100,409.0
18101,409.0
18102,409.0
18103,409.0
18104,409.0
18105,409.0
18106,409.0
18107,409.0
18108,409.0
18109,409.0
18110,409.0
18111,409.0
18112,409.0
18113,409.0
18114,409.0
18115,409.0
18116,409.0
18117,409.0
18118,409.0
18119,409.0
18120,409.0
18121,409.0
18122,321.0
18123,321.0
18124,321.0
18125,321.0
18126,321.0
18127,321.0
18128,321.0
18129,321.0
18130,321.0
18131,321.0
18132,321.0
18133,321.0
18134,321.0
18135,321.0
18136,321.0
18137,321.0
18138,321.0
18139,321.0
18140,321.0
18141,321.0
18142,321.0
18143,321.0
18144,321.0
18145,321.0
18146,321.0
18147,321.0
18148,321.0
18149,321.0
18150,321.0
18151,321.0
18152,321.0
18153,321.0
18154,321.0
18155,321.0
18156,321.0
18157,321.0
18158,321.0
18159,321.0
18160,321.0
18161,321.0
18162,321.0
18163,321.0
18164,321.0
18165,321.0
18166,321.0
18167,321.0
18168,321.0
18169,321.0
18170,321.0
18171,321.0
18172,321.0
18173,321.0
18174,321.0
18175,321.0
18176,321.0
18177,321.0
18178,321.0
18179,321.0
18180,321.0
18181,321.0
18182,321.0
18183,321.0
18184,321.0
18185,321.0
18186,321.0
18187,321.0
18188,321.0
18189,321.0
18190,321.0
18191,321.0
18192,321.0
18193,321.0
18194,321.0
18195,321.0
18196,321.0
18197,321.0
18198,321.0
18199,321.0
18200,321.0
18201,321.0
18202,321.0
18203,321.0
18204,321.0
18205,321.0
18206,321.0
18207,321.0
18208,321.0
18209,321.0
18210,321.0
18211,321.0
18212,321.0
18213,321.0
18214,321.0
18215,321.0
18216,321.0
18217,321.0
18218,321.0
18219,321.0
18220,321.0
18221,321.0
18222,321.0
18223,321.0
18224,321.0
18225,321.0
18226,321.0
18227,321.0
18228,321.0
18229,321.0
18230,321.0
18231,321.0
18232,321.0
18233,321.0
18234,321.0
18235,321.0
18236,321.0
18237,321.0
18238,321.0
18239,321.0
18240,321.0
18241,321.0
18242,321.0
18243,321.0
18244,321.0
18245,321.0
18246,321.0
18247,321.0
18248,321.0
18249,321.0
18250,321.0
18251,321.0
18252,321.0
18253,321.0
18254,321.0
18255,321.0
18256,321.0
18257,321.0
18258,321.0
18259,321.0
18260,321.0
18261,321.0
18262,321.0
18263,321.0
18264,321.0
18265,321.0
18266,321.0
18267,321.0
18268,321.0
18269,321.0
18270,321.0
18271,321.0
18272,321.0
18273,321.0
18274,321.0
18275,321.0
18276,321.0
18277,321.0
18278,321.0
18279,321.0
18280,321.0
18281,321.0
18282,321.0
18283,321.0
18284,321.0
18285,321.0
18286,321.0
18287,321.0
18288,321.0
18289,321.0
18290,321.0
18291,321.0
18292,321.0
18293,321.0
18294,321.0
18295,321.0
18296,321.0
18297,321.0
18298,321.0
18299,321.0
18300,321.0
18301,321.0
18302,321.0
18303,321.0
18304,321.0
18305,321.0
18306,321.0
18307,321.0
18308,321.0
18309,321.0
18310,321.0
18311,321.0
18312,321.0
18313,321.0
18314,321.0
18315,321.0
18316,321.0
18317,321.0
18318,321.0
18319,321.0
18320,321.0
18321,321.0
18322,321.0
18323,321.0
18324,321.0
18325,321.0
18326,321.0
18327,321.0
18328,321.0
18329,321.0
18330,321.0
18331,321.0
18332,321.0
18333,321.0
18334,321.0
18335,321.0
18336,321.0
18337,321.0
18338,321.0
18339,321.0
18340,321.0
18341,321.0
18342,321.0
18343,321.0
18344,321.0
18345,321.0
18346,321.0
18347,321.0
18348,321.0
18349,321.0
18350,321.0
18351,321.0
18352,321.0
18353,321.0
18354,321.0
18355,321.0
18356,321.0
18357,321.0
18358,321.0
18359,321.0
18360,321.0
18361,321.0
18362,321.0
18363,321.0
18364,321.0
18365,321.0
18366,321.0
18367,321.0
18368,321.0
18369,321.0
18370,321.0
18371,321.0
18372,321.0
18373,321.0
18374,321.0
18375,321.0
18376,321.0
18377,321.0
18378,321.0
18379,321.0
18380,321.0
18381,321.0
18382,321.0
18383,321.0
18384,321.0
18385,321.0
18386,321.0
18387,321.0
18388,321.0
18389,321.0
18390,321.0
18391,321.0
18392,321.0
18393,321.0
18394,321.0
18395,321.0
18396,321.0
18397,321.0
18398,321.0
18399,321.0
18400,321.0
18401,321.0
18402,321.0
18403,321.0
18404,321.0
18405,321.0
18406,321.0
18407,321.0
18408,321.0
18409,321.0
18410,321.0
18411,321.0
18412,321.0
18413,321.0
18414,321.0
18415,321.0
18416,321.0
18417,321.0
18418,321.0
18419,321.0
18420,321.0
18421,321.0
18422,321.0
18423,321.0
18424,321.0
18425,321.0
18426,321.0
18427,321.0
18428,321.0
18429,321.0
18430,321.0
18431,321.0
18432,321.0
18433,321.0
18434,321.0
18435,321.0
18436,321.0
18437,321.0
18438,321.0
18439,321.0
18440,321.0
18441,321.0
18442,321.0
18443,321.0
18444,321.0
18445,321.0
18446,321.0
18447,321.0
18448,321.0
18449,321.0
18450,321.0
18451,321.0
18452,321.0
18453,321.0
18454,321.0
18455,321.0
18456,321.0
18457,321.0
18458,321.0
18459,321.0
18460,321.0
18461,321.0
18462,321.0
18463,321.0
18464,321.0
18465,321.0
18466,321.0
18467,321.0
18468,321.0
18469,321.0
18470,321.0
18471,321.0
18472,321.0
18473,321.0
18474,321.0
18475,321.0
18476,321.0
18477,321.0
18478,321.0
18479,321.0
18480,321.0
18481,321.0
18482,321.0
18483,321.0
18484,321.0
18485,321.0
18486,321.0
18487,321.0
18488,321.0
18489,321.0
18490,321.0
18491,321.0
18492,321.0
18493,321.0
18494,321.0
18495,321.0
18496,321.0
18497,321.0
18498,321.0
18499,321.0
18500,321.0
18501,321.0
18502,321.0
18503,321.0
18504,321.0
18505,321.0
18506,321.0
18507,321.0
18508,321.0
18509,321.0
18510,321.0
18511,321.0
18512,321.0
18513,321.0
18514,321.0
18515,321.0
18516,321.0
18517,321.0
18518,321.0
18519,321.0
18520,321.0
18521,321.0
18522,321.0
18523,321.0
18524,321.0
18525,321.0
18526,321.0
18527,321.0
18528,321.0
18529,321.0
18530,321.0
18531,321.0
18532,321.0
18533,321.0
18534,321.0
18535,321.0
18536,321.0
18537,321.0
18538,416.0
18539,416.0
18540,416.0
18541,416.0
18542,416.0
18543,416.0
18544,416.0
18545,416.0
18546,416.0
18547,416.0
18548,416.0
18549,416.0
18550,416.0
18551,416.0
18552,416.0
18553,416.0
18554,416.0
18555,416.0
18556,416.0
18557,416.0
18558,416.0
18559,416.0
18560,416.0
18561,416.0
18562,416.0
18563,416.0
18564,416.0
18565,416.0
18566,416.0
18567,416.0
18568,416.0
18569,416.0
18570,416.0
18571,416.0
18572,416.0
18573,416.0
18574,416.0
18575,416.0
18576,416.0
18577,416.0
18578,416.0
18579,416.0
18580,416.0
18581,416.0
18582,416.0
18583,416.0
18584,416.0
18585,416.0
18586,416.0
18587,416.0
18588,416.0
18589,416.0
18590,416.0
18591,416.0
18592,416.0
18593,416.0
18594,416.0
18595,416.0
18596,416.0
18597,416.0
18598,416.0
18599,416.0
18600,416.0
18601,416.0
18602,416.0
18603,416.0
18604,416.0
18605,416.0
18606,416.0
18607,416.0
18608,416.0
18609,416.0
18610,416.0
18611,416.0
18612,416.0
18613,416.0
18614,416.0
18615,416.0
18616,416.0
18617,416.0
18618,416.0
18619,416.0
18620,416.0
18621,416.0
18622,416.0
18623,416.0
18624,416.0
18625,416.0
18626,416.0
18627,416.0
18628,416.0
18629,416.0
18630,416.0
18631,416.0
18632,416.0
18633,416.0
18634,416.0
18635,416.0
18636,416.0
18637,416.0
18638,416.0
18639,416.0
18640,416.0
18641,416.0
18642,416.0
18643,416.0
18644,416.0
18645,416.0
18646,416.0
18647,416.0
18648,416.0
18649,416.0
18650,416.0
18651,416.0
18652,416.0
18653,416.0
18654,416.0
18655,416.0
18656,416.0
18657,416.0
18658,416.0
18659,416.0
18660,416.0
18661,416.0
18662,416.0
18663,416.0
18664,416.0
18665,416.0
18666,416.0
18667,416.0
18668,416.0
18669,416.0
18670,416.0
18671,416.0
18672,416.0
18673,416.0
18674,416.0
18675,416.0
18676,416.0
18677,416.0
18678,416.0
18679,416.0
18680,416.0
18681,416.0
18682,416.0
18683,416.0
18684,416.0
18685,416.0
18686,416.0
18687,416.0
18688,416.0
18689,416.0
18690,416.0
18691,416.0
18692,416.0
18693,416.0
18694,416.0
18695,416.0
18696,416.0
18697,416.0
18698,416.0
18699,416.0
18700,416.0
18701,416.0
18702,416.0
18703,416.0
18704,416.0
18705,416.0
18706,416.0
18707,416.0
18708,416.0
18709,416.0
18710,416.0
18711,416.0
18712,416.0
18713,416.0
18714,416.0
18715,416.0
18716,416.0
18717,416.0
18718,416.0
18719,416.0
18720,416.0
18721,416.0
18722,416.0
18723,416.0
18724,416.0
18725,416.0
18726,416.0
18727,416.0
18728,416.0
18729,416.0
18730,416.0
18731,416.0
18732,416.0
18733,416.0
18734,416.0
18735,416.0
18736,416.0
18737,416.0
18738,416.0
18739,416.0
18740,416.0
18741,416.0
18742,416.0
18743,416.0
18744,416.0
18745,416.0
18746,416.0
18747,416.0
18748,416.0
18749,416.0
18750,416.0
18751,416.0
18752,416.0
18753,416.0
18754,416.0
18755,416.0
18756,416.0
18757,416.0
18758,416.0
18759,416.0
18760,416.0
18761,416.0
18762,416.0
18763,416.0
18764,416.0
18765,416.0
18766,416.0
18767,416.0
18768,416.0
18769,416.0
18770,416.0
18771,416.0
18772,416.0
18773,416.0
18774,416.0
18775,416.0
18776,416.0
18777,416.0
18778,416.0
18779,416.0
18780,416.0
18781,416.0
18782,416.0
18783,416.0
18784,416.0
18785,416.0
18786,416.0
18787,416.0
18788,416.0
18789,416.0
18790,416.0
18791,416.0
18792,416.0
18793,416.0
18794,416.0
18795,416.0
18796,416.0
18797,416.0
18798,416.0
18799,416.0
18800,416.0
18801,416.0
18802,416.0
18803,416.0
18804,416.0
18805,416.0
18806,416.0
18807,416.0
18808,416.0
18809,416.0
18810,416.0
18811,416.0
18812,416.0
18813,416.0
18814,416.0
18815,416.0
18816,416.0
18817,416.0
18818,416.0
18819,416.0
18820,416.0
18821,416.0
18822,416.0
18823,416.0
18824,416.0
18825,416.0
18826,416.0
18827,416.0
18828,416.0
18829,416.0
18830,416.0
18831,416.0
18832,416.0
18833,416.0
18834,416.0
18835,416.0
18836,416.0
18837,416.0
18838,416.0
18839,416.0
18840,416.0
18841,416.0
18842,416.0
18843,416.0
18844,416.0
18845,416.0
18846,416.0
18847,416.0
18848,416.0
18849,416.0
18850,416.0
18851,416.0
18852,416.0
18853,416.0
18854,416.0
18855,416.0
18856,416.0
18857,416.0
18858,416.0
18859,416.0
18860,416.0
18861,416.0
18862,416.0
18863,416.0
18864,416.0
18865,416.0
18866,416.0
18867,416.0
18868,416.0
18869,416.0
18870,416.0
18871,416.0
18872,416.0
18873,416.0
18874,416.0
18875,416.0
18876,416.0
18877,416.0
18878,416.0
18879,416.0
18880,416.0
18881,416.0
18882,416.0
18883,416.0
18884,346.0
18885,346.0
18886,346.0
18887,346.0
18888,346.0
18889,346.0
18890,346.0
18891,346.0
18892,346.0
18893,346.0
18894,346.0
18895,346.0
18896,346.0
18897,346.0
18898,346.0
18899,346.0
18900,346.0
18901,346.0
18902,346.0
18903,346.0
18904,346.0
18905,346.0
18906,346.0
18907,346.0
18908,346.0
18909,346.0
18910,346.0
18911,346.0
18912,346.0
18913,346.0
18914,346.0
18915,346.0
18916,346.0
18917,346.0
18918,346.0
18919,346.0
18920,346.0
18921,346.0
18922,346.0
18923,346.0
18924,346.0
18925,346.0
18926,346.0
18927,346.0
18928,346.0
18929,346.0
18930,346.0
18931,346.0
18932,346.0
18933,346.0
18934,346.0
18935,346.0
18936,346.0
18937,346.0
18938,346.0
18939,346.0
18940,346.0
18941,346.0
18942,346.0
18943,346.0
18944,346.0
18945,346.0
18946,346.0
18947,346.0
18948,346.0
18949,346.0
18950,346.0
18951,346.0
18952,346.0
18953,346.0
18954,346.0
18955,346.0
18956,346.0
18957,346.0
18958,346.0
18959,346.0
18960,346.0
18961,346.0
18962,346.0
18963,346.0
18964,346.0
18965,346.0
18966,346.0
18967,346.0
18968,346.0
18969,346.0
18970,346.0
18971,346.0
18972,346.0
18973,346.0
18974,346.0
18975,346.0
18976,346.0
18977,346.0
18978,346.0
18979,346.0
18980,346.0
18981,346.0
18982,346.0
18983,346.0
18984,346.0
18985,346.0
18986,346.0
18987,346.0
18988,346.0
18989,346.0
18990,346.0
18991,346.0
18992,346.0
18993,346.0
18994,346.0
18995,346.0
18996,346.0
18997,346.0
18998,346.0
18999,346.0
19000,346.0
19001,346.0
19002,346.0
19003,346.0
19004,346.0
19005,346.0
19006,346.0
19007,346.0
19008,346.0
19009,346.0
19010,346.0
19011,346.0
19012,346.0
19013,346.0
19014,346.0
19015,346.0
19016,346.0
19017,346.0
19018,346.0
19019,346.0
19020,346.0
19021,346.0
19022,346.0
19023,346.0
19024,346.0
19025,346.0
19026,346.0
19027,346.0
19028,346.0
19029,346.0
19030,346.0
19031,346.0
19032,346.0
19033,346.0
19034,346.0
19035,346.0
19036,346.0
19037,346.0
19038,346.0
19039,346.0
19040,346.0
19041,346.0
19042,346.0
19043,346.0
19044,346.0
19045,346.0
19046,346.0
19047,346.0
19048,346.0
19049,346.0
19050,346.0
19051,346.0
19052,346.0
19053,346.0
19054,346.0
19055,346.0
19056,346.0
19057,346.0
19058,346.0
19059,346.0
19060,346.0
19061,346.0
19062,346.0
19063,346.0
19064,346.0
19065,346.0
19066,346.0
19067,346.0
19068,346.0
19069,346.0
19070,346.0
19071,346.0
19072,346.0
19073,346.0
19074,346.0
19075,346.0
19076,346.0
19077,346.0
19078,346.0
19079,346.0
19080,346.0
19081,346.0
19082,346.0
19083,346.0
19084,346.0
19085,346.0
19086,346.0
19087,346.0
19088,346.0
19089,346.0
19090,346.0
19091,346.0
19092,346.0
19093,346.0
19094,346.0
19095,346.0
19096,346.0
19097,346.0
19098,346.0
19099,346.0
19100,346.0
19101,346.0
19102,346.0
19103,346.0
19104,346.0
19105,346.0
19106,346.0
19107,346.0
19108,346.0
19109,346.0
19110,346.0
19111,346.0
19112,346.0
19113,346.0
19114,346.0
19115,346.0
19116,346.0
19117,346.0
19118,346.0
19119,346.0
19120,346.0
19121,346.0
19122,346.0
19123,346.0
19124,346.0
19125,346.0
19126,346.0
19127,346.0
19128,346.0
19129,346.0
19130,346.0
19131,346.0
19132,346.0
19133,346.0
19134,346.0
19135,346.0
19136,346.0
19137,346.0
19138,346.0
19139,346.0
19140,346.0
19141,346.0
19142,346.0
19143,346.0
19144,346.0
19145,346.0
19146,346.0
19147,346.0
19148,346.0
19149,346.0
19150,346.0
19151,346.0
19152,346.0
19153,346.0
19154,346.0
19155,346.0
19156,346.0
19157,346.0
19158,346.0
19159,346.0
19160,346.0
19161,346.0
19162,346.0
19163,346.0
19164,346.0
19165,346.0
19166,346.0
19167,346.0
19168,346.0
19169,346.0
19170,346.0
19171,346.0
19172,346.0
19173,346.0
19174,346.0
19175,346.0
19176,346.0
19177,346.0
19178,294.0
19179,294.0
19180,294.0
19181,294.0
19182,294.0
19183,294.0
19184,294.0
19185,294.0
19186,294.0
19187,294.0
19188,294.0
19189,294.0
19190,294.0
19191,294.0
19192,294.0
19193,294.0
19194,294.0
19195,294.0
19196,294.0
19197,294.0
19198,294.0
19199,294.0
19200,294.0
19201,294.0
19202,294.0
19203,294.0
19204,294.0
19205,294.0
19206,294.0
19207,294.0
19208,294.0
19209,294.0
19210,294.0
19211,294.0
19212,294.0
19213,294.0
19214,294.0
19215,294.0
19216,294.0
19217,294.0
19218,294.0
19219,294.0
19220,294.0
19221,294.0
19222,294.0
19223,294.0
19224,294.0
19225,294.0
19226,294.0
19227,294.0
19228,294.0
19229,294.0
19230,294.0
19231,294.0
19232,294.0
19233,294.0
19234,294.0
19235,294.0
19236,294.0
19237,294.0
19238,294.0
19239,294.0
19240,294.0
19241,294.0
19242,294.0
19243,294.0
19244,294.0
19245,294.0
19246,294.0
19247,294.0
19248,294.0
19249,294.0
19250,294.0
19251,294.0
19252,294.0
19253,294.0
19254,294.0
19255,294.0
19256,294.0
19257,294.0
19258,294.0
19259,294.0
19260,294.0
19261,294.0
19262,294.0
19263,294.0
19264,294.0
19265,294.0
19266,294.0
19267,294.0
19268,294.0
19269,294.0
19270,294.0
19271,294.0
19272,294.0
19273,294.0
19274,294.0
19275,294.0
19276,294.0
19277,294.0
19278,294.0
19279,294.0
19280,294.0
19281,294.0
19282,294.0
19283,294.0
19284,294.0
19285,294.0
19286,294.0
19287,294.0
19288,294.0
19289,294.0
19290,294.0
19291,294.0
19292,294.0
19293,294.0
19294,294.0
19295,294.0
19296,294.0
19297,294.0
19298,294.0
19299,294.0
19300,294.0
19301,294.0
19302,294.0
19303,294.0
19304,294.0
19305,294.0
19306,294.0
19307,294.0
19308,294.0
19309,294.0
19310,294.0
19311,294.0
19312,294.0
19313,294.0
19314,294.0
19315,294.0
19316,294.0
19317,294.0
19318,294.0
19319,294.0
19320,294.0
19321,294.0
19322,294.0
19323,294.0
19324,294.0
19325,294.0
19326,294.0
19327,294.0
19328,294.0
19329,294.0
19330,294.0
19331,294.0
19332,294.0
19333,294.0
19334,294.0
19335,294.0
19336,294.0
19337,294.0
19338,294.0
19339,294.0
19340,294.0
19341,294.0
19342,294.0
19343,294.0
19344,294.0
19345,294.0
19346,294.0
19347,294.0
19348,294.0
19349,294.0
19350,294.0
19351,294.0
19352,294.0
19353,294.0
19354,294.0
19355,294.0
19356,294.0
19357,294.0
19358,294.0
19359,294.0
19360,294.0
19361,294.0
19362,294.0
19363,294.0
19364,294.0
19365,294.0
19366,294.0
19367,294.0
19368,294.0
19369,294.0
19370,294.0
19371,294.0
19372,294.0
19373,294.0
19374,294.0
19375,294.0
19376,294.0
19377,294.0
19378,294.0
19379,294.0
19380,294.0
19381,294.0
19382,294.0
19383,294.0
19384,294.0
19385,294.0
19386,294.0
19387,294.0
19388,294.0
19389,294.0
19390,294.0
19391,294.0
19392,294.0
19393,294.0
19394,294.0
19395,294.0
19396,294.0
19397,294.0
19398,294.0
19399,294.0
19400,294.0
19401,294.0
19402,294.0
19403,294.0
19404,294.0
19405,294.0
19406,294.0
19407,294.0
19408,294.0
19409,294.0
19410,294.0
19411,294.0
19412,294.0
19413,294.0
19414,294.0
19415,294.0
19416,294.0
19417,294.0
19418,294.0
19419,294.0
19420,294.0
19421,294.0
19422,294.0
19423,294.0
19424,294.0
19425,294.0
19426,294.0
19427,294.0
19428,294.0
19429,294.0
19430,294.0
19431,294.0
19432,294.0
19433,294.0
19434,294.0
19435,294.0
19436,294.0
19437,294.0
19438,294.0
19439,294.0
19440,294.0
19441,294.0
19442,294.0
19443,294.0
19444,294.0
19445,294.0
19446,294.0
19447,294.0
19448,294.0
19449,294.0
19450,294.0
19451,294.0
19452,294.0
19453,294.0
19454,294.0
19455,294.0
19456,294.0
19457,294.0
19458,294.0
19459,294.0
19460,294.0
19461,294.0
19462,294.0
19463,294.0
19464,294.0
19465,294.0
19466,294.0
19467,294.0
19468,294.0
19469,294.0
19470,294.0
19471,294.0
19472,294.0
19473,294.0
19474,294.0
19475,294.0
19476,294.0
19477,294.0
19478,294.0
19479,294.0
19480,294.0
19481,294.0
19482,294.0
19483,294.0
19484,294.0
19485,294.0
19486,294.0
19487,294.0
19488,294.0
19489,294.0
19490,294.0
19491,294.0
19492,294.0
19493,294.0
19494,294.0
19495,294.0
19496,294.0
19497,294.0
19498,294.0
19499,294.0
19500,294.0
19501,294.0
19502,294.0
19503,294.0
19504,294.0
19505,294.0
19506,294.0
19507,294.0
19508,294.0
19509,294.0
19510,294.0
19511,294.0
19512,294.0
19513,294.0
19514,294.0
19515,294.0
19516,294.0
19517,294.0
19518,294.0
19519,294.0
19520,294.0
19521,294.0
19522,294.0
19523,294.0
19524,294.0
19525,294.0
19526,294.0
19527,294.0
19528,294.0
19529,294.0
19530,294.0
19531,294.0
19532,294.0
19533,294.0
19534,294.0
19535,294.0
19536,294.0
19537,294.0
19538,294.0
19539,294.0
19540,294.0
19541,294.0
19542,294.0
19543,294.0
19544,294.0
19545,294.0
19546,294.0
19547,294.0
19548,294.0
19549,294.0
19550,294.0
19551,294.0
19552,294.0
19553,294.0
19554,294.0
19555,294.0
19556,294.0
19557,294.0
19558,294.0
19559,294.0
19560,294.0
19561,294.0
19562,294.0
19563,294.0
19564,294.0
19565,294.0
19566,294.0
19567,294.0
19568,294.0
19569,294.0
19570,294.0
19571,294.0
19572,294.0
19573,294.0
19574,294.0
19575,294.0
19576,294.0
19577,294.0
19578,294.0
19579,294.0
19580,294.0
19581,294.0
19582,294.0
19583,294.0
19584,294.0
19585,294.0
19586,294.0
19587,294.0
19588,294.0
19589,294.0
19590,294.0
19591,294.0
19592,294.0
19593,294.0
19594,294.0
19595,294.0
19596,294.0
19597,294.0
19598,294.0
19599,294.0
19600,294.0
19601,294.0
19602,294.0
19603,294.0
19604,294.0
19605,294.0
19606,294.0
19607,294.0
19608,294.0
19609,294.0
19610,294.0
19611,294.0
19612,294.0
19613,294.0
19614,294.0
19615,294.0
19616,294.0
19617,294.0
19618,294.0
19619,294.0
19620,294.0
19621,294.0
19622,294.0
19623,294.0
19624,294.0
19625,294.0
19626,294.0
19627,294.0
19628,294.0
19629,294.0
19630,294.0
19631,294.0
19632,294.0
19633,294.0
19634,294.0
19635,294.0
19636,294.0
19637,294.0
19638,294.0
19639,294.0
19640,294.0
19641,294.0
19642,294.0
19643,294.0
19644,294.0
19645,294.0
19646,294.0
19647,294.0
19648,294.0
19649,294.0
19650,294.0
19651,294.0
19652,294.0
19653,294.0
19654,294.0
19655,294.0
19656,294.0
19657,294.0
19658,294.0
19659,294.0
19660,294.0
19661,294.0
19662,294.0
19663,294.0
19664,294.0
19665,294.0
19666,294.0
19667,294.0
19668,294.0
19669,294.0
19670,294.0
19671,294.0
19672,294.0
19673,294.0
19674,294.0
19675,294.0
19676,294.0
19677,294.0
19678,500.0
19679,500.0
19680,500.0
19681,500.0
19682,500.0
19683,500.0
19684,500.0
19685,500.0
19686,500.0
19687,500.0
19688,500.0
19689,500.0
19690,500.0
19691,500.0
19692,500.0
19693,500.0
19694,500.0
19695,500.0
19696,500.0
19697,500.0
19698,500.0
19699,500.0
19700,500.0
19701,500.0
19702,500.0
19703,500.0
19704,500.0
19705,500.0
19706,500.0
19707,500.0
19708,500.0
19709,500.0
19710,500.0
19711,500.0
19712,500.0
19713,500.0
19714,500.0
19715,500.0
19716,500.0
19717,500.0
19718,500.0
19719,500.0
19720,500.0
19721,500.0
19722,500.0
19723,500.0
19724,500.0
19725,500.0
19726,500.0
19727,500.0
19728,500.0
19729,500.0
19730,500.0
19731,500.0
19732,500.0
19733,500.0
19734,500.0
19735,500.0
19736,500.0
19737,500.0
19738,500.0
19739,500.0
19740,500.0
19741,500.0
19742,500.0
19743,500.0
19744,500.0
19745,500.0
19746,500.0
19747,500.0
19748,500.0
19749,500.0
19750,500.0
19751,500.0
19752,500.0
19753,500.0
19754,500.0
19755,500.0
19756,500.0
19757,500.0
19758,500.0
19759,500.0
19760,500.0
19761,500.0
19762,500.0
19763,500.0
19764,500.0
19765,500.0
19766,500.0
19767,500.0
19768,500.0
19769,500.0
19770,500.0
19771,500.0
19772,500.0
19773,500.0
19774,500.0
19775,500.0
19776,500.0
19777,500.0
19778,500.0
19779,500.0
19780,500.0
19781,500.0
19782,500.0
19783,500.0
19784,500.0
19785,500.0
19786,500.0
19787,500.0
19788,500.0
19789,500.0
19790,500.0
19791,500.0
19792,500.0
19793,500.0
19794,500.0
19795,500.0
19796,500.0
19797,500.0
19798,500.0
19799,500.0
19800,500.0
19801,500.0
19802,500.0
19803,500.0
19804,500.0
19805,500.0
19806,500.0
19807,500.0
19808,500.0
19809,500.0
19810,500.0
19811,500.0
19812,500.0
19813,500.0
19814,500.0
19815,500.0
19816,500.0
19817,500.0
19818,500.0
19819,500.0
19820,500.0
19821,500.0
19822,500.0
19823,500.0
19824,500.0
19825,500.0
19826,500.0
19827,500.0
19828,500.0
19829,500.0
19830,500.0
19831,500.0
19832,500.0
19833,500.0
19834,500.0
19835,500.0
19836,500.0
19837,500.0
19838,500.0
19839,500.0
19840,500.0
19841,500.0
19842,500.0
19843,500.0
19844,500.0
19845,500.0
19846,500.0
19847,500.0
19848,500.0
19849,500.0
19850,500.0
19851,500.0
19852,500.0
19853,500.0
19854,500.0
19855,500.0
19856,500.0
19857,500.0
19858,500.0
19859,500.0
19860,500.0
19861,500.0
19862,500.0
19863,500.0
19864,500.0
19865,500.0
19866,500.0
19867,500.0
19868,500.0
19869,500.0
19870,500.0
19871,500.0
19872,500.0
19873,500.0
19874,500.0
19875,500.0
19876,500.0
19877,500.0
19878,500.0
19879,500.0
19880,500.0
19881,500.0
19882,500.0
19883,500.0
19884,500.0
19885,500.0
19886,500.0
19887,500.0
19888,500.0
19889,500.0
19890,500.0
19891,500.0
19892,500.0
19893,500.0
19894,500.0
19895,500.0
19896,500.0
19897,500.0
19898,500.0
19899,500.0
19900,500.0
19901,500.0
19902,500.0
19903,500.0
19904,500.0
19905,500.0
19906,500.0
19907,500.0
19908,500.0
19909,500.0
19910,500.0
19911,500.0
19912,500.0
19913,500.0
19914,500.0
19915,500.0
19916,500.0
19917,500.0
19918,500.0
19919,500.0
19920,500.0
19921,500.0
19922,500.0
19923,500.0
19924,500.0
19925,500.0
19926,500.0
19927,500.0
19928,500.0
19929,500.0
19930,500.0
19931,500.0
19932,500.0
19933,500.0
19934,500.0
19935,500.0
19936,500.0
19937,500.0
19938,500.0
19939,500.0
19940,500.0
19941,500.0
19942,500.0
19943,500.0
19944,500.0
19945,500.0
19946,500.0
19947,500.0
19948,500.0
19949,500.0
19950,500.0
19951,500.0
19952,500.0
19953,500.0
19954,500.0
19955,500.0
19956,500.0
19957,500.0
19958,500.0
19959,500.0
19960,500.0
19961,500.0
19962,500.0
19963,500.0
19964,500.0
19965,500.0
19966,500.0
19967,500.0
19968,500.0
19969,500.0
19970,500.0
19971,500.0
19972,500.0
19973,500.0
19974,500.0
19975,500.0
19976,500.0
19977,500.0
19978,500.0
19979,500.0
19980,500.0
19981,500.0
19982,500.0
19983,500.0
19984,500.0
19985,500.0
19986,500.0
19987,500.0
19988,500.0
19989,500.0
19990,500.0
19991,500.0
19992,500.0
19993,500.0
19994,500.0
19995,500.0
19996,500.0
19997,500.0
19998,500.0
19999,500.0
20000,500.0
20001,500.0
20002,500.0
20003,500.0
20004,500.0
20005,500.0
20006,500.0
20007,500.0
20008,500.0
20009,500.0
20010,500.0
20011,500.0
20012,500.0
20013,500.0
20014,500.0
20015,500.0
20016,500.0
20017,500.0
20018,500.0
20019,500.0
20020,500.0
20021,500.0
20022,500.0
20023,500.0
20024,500.0
20025,500.0
20026,500.0
20027,500.0
20028,500.0
20029,500.0
20030,500.0
20031,500.0
20032,500.0
20033,500.0
20034,500.0
20035,500.0
20036,500.0
20037,500.0
20038,500.0
20039,500.0
20040,500.0
20041,500.0
20042,500.0
20043,500.0
20044,500.0
20045,500.0
20046,500.0
20047,500.0
20048,500.0
20049,500.0
20050,500.0
20051,500.0
20052,500.0
20053,500.0
20054,500.0
20055,500.0
20056,500.0
20057,500.0
20058,500.0
20059,500.0
20060,500.0
20061,500.0
20062,500.0
20063,500.0
20064,500.0
20065,500.0
20066,500.0
20067,500.0
20068,500.0
20069,500.0
20070,500.0
20071,500.0
20072,500.0
20073,500.0
20074,500.0
20075,500.0
20076,500.0
20077,500.0
20078,500.0
20079,500.0
20080,500.0
20081,500.0
20082,500.0
20083,500.0
20084,500.0
20085,500.0
20086,500.0
20087,500.0
20088,500.0
20089,500.0
20090,500.0
20091,500.0
20092,500.0
20093,500.0
20094,500.0
20095,500.0
20096,500.0
20097,500.0
20098,500.0
20099,500.0
20100,500.0
20101,500.0
20102,500.0
20103,500.0
20104,500.0
20105,500.0
20106,500.0
20107,500.0
20108,500.0
20109,500.0
20110,500.0
20111,500.0
20112,500.0
20113,500.0
20114,500.0
20115,500.0
20116,500.0
20117,500.0
20118,500.0
20119,500.0
20120,500.0
20121,500.0
20122,500.0
20123,500.0
20124,500.0
20125,500.0
20126,500.0
20127,500.0
20128,500.0
20129,500.0
20130,500.0
20131,500.0
20132,500.0
20133,500.0
20134,500.0
20135,500.0
20136,500.0
20137,500.0
20138,500.0
20139,500.0
20140,500.0
20141,500.0
20142,500.0
20143,500.0
20144,500.0
20145,500.0
20146,500.0
20147,500.0
20148,500.0
20149,500.0
20150,500.0
20151,500.0
20152,500.0
20153,500.0
20154,500.0
20155,500.0
20156,500.0
20157,500.0
20158,500.0
20159,500.0
20160,500.0
20161,500.0
20162,500.0
20163,500.0
20164,500.0
20165,500.0
20166,500.0
20167,500.0
20168,500.0
20169,500.0
20170,500.0
20171,500.0
20172,500.0
20173,500.0
20174,500.0
20175,500.0
20176,500.0
20177,500.0
20178,500.0
20179,500.0
20180,500.0
20181,500.0
20182,500.0
20183,500.0
20184,500.0
20185,500.0
20186,500.0
20187,500.0
20188,500.0
20189,500.0
20190,500.0
20191,500.0
20192,500.0
20193,500.0
20194,500.0
20195,500.0
20196,500.0
20197,500.0
20198,500.0
20199,500.0
20200,500.0
20201,500.0
20202,500.0
20203,500.0
20204,500.0
20205,500.0
20206,500.0
20207,500.0
20208,500.0
20209,500.0
20210,500.0
20211,500.0
20212,500.0
20213,500.0
20214,500.0
20215,500.0
20216,500.0
20217,500.0
20218,500.0
20219,500.0
20220,500.0
20221,500.0
20222,500.0
20223,500.0
20224,500.0
20225,500.0
20226,500.0
20227,500.0
20228,500.0
20229,500.0
20230,500.0
20231,500.0
20232,500.0
20233,500.0
20234,500.0
20235,500.0
20236,500.0
20237,500.0
20238,500.0
20239,500.0
20240,500.0
20241,500.0
20242,500.0
20243,500.0
20244,500.0
20245,500.0
20246,500.0
20247,500.0
20248,500.0
20249,500.0
20250,500.0
20251,500.0
20252,500.0
20253,500.0
20254,500.0
20255,500.0
20256,500.0
20257,500.0
20258,500.0
20259,500.0
20260,500.0
20261,500.0
20262,500.0
20263,500.0
20264,500.0
20265,500.0
20266,500.0
20267,500.0
20268,500.0
20269,500.0
20270,500.0
20271,500.0
20272,500.0
20273,500.0
20274,500.0
20275,500.0
20276,500.0
20277,500.0
20278,500.0
20279,500.0
20280,500.0
20281,500.0
20282,500.0
20283,500.0
20284,500.0
20285,500.0
20286,500.0
20287,500.0
20288,500.0
20289,500.0
20290,500.0
20291,500.0
20292,500.0
20293,500.0
20294,500.0
20295,500.0
20296,500.0
20297,500.0
20298,500.0
20299,500.0
20300,500.0
20301,500.0
20302,500.0
20303,500.0
20304,500.0
20305,500.0
20306,500.0
20307,500.0
20308,500.0
20309,500.0
20310,500.0
20311,500.0
20312,500.0
20313,500.0
20314,500.0
20315,500.0
20316,500.0
20317,500.0
20318,500.0
20319,500.0
20320,500.0
20321,500.0
20322,500.0
20323,500.0
20324,500.0
20325,500.0
20326,500.0
20327,500.0
20328,500.0
20329,500.0
20330,500.0
20331,500.0
20332,500.0
20333,500.0
20334,500.0
20335,500.0
20336,500.0
20337,500.0
20338,500.0
20339,500.0
20340,500.0
20341,500.0
20342,500.0
20343,500.0
20344,500.0
20345,500.0
20346,500.0
20347,500.0
20348,500.0
20349,500.0
20350,500.0
20351,500.0
20352,500.0
20353,500.0
20354,500.0
20355,500.0
20356,500.0
20357,500.0
20358,500.0
20359,500.0
20360,500.0
20361,500.0
20362,500.0
20363,500.0
20364,500.0
20365,500.0
20366,500.0
20367,500.0
20368,500.0
20369,500.0
20370,500.0
20371,500.0
20372,500.0
20373,500.0
20374,500.0
20375,500.0
20376,500.0
20377,500.0
20378,500.0
20379,500.0
20380,500.0
20381,500.0
20382,500.0
20383,500.0
20384,500.0
20385,500.0
20386,500.0
20387,500.0
20388,500.0
20389,500.0
20390,500.0
20391,500.0
20392,500.0
20393,500.0
20394,500.0
20395,500.0
20396,500.0
20397,500.0
20398,500.0
20399,500.0
20400,500.0
20401,500.0
20402,500.0
20403,500.0
20404,500.0
20405,500.0
20406,500.0
20407,500.0
20408,500.0
20409,500.0
20410,500.0
20411,500.0
20412,500.0
20413,500.0
20414,500.0
20415,500.0
20416,500.0
20417,500.0
20418,500.0
20419,500.0
20420,500.0
20421,500.0
20422,500.0
20423,500.0
20424,500.0
20425,500.0
20426,500.0
20427,500.0
20428,500.0
20429,500.0
20430,500.0
20431,500.0
20432,500.0
20433,500.0
20434,500.0
20435,500.0
20436,500.0
20437,500.0
20438,500.0
20439,500.0
20440,500.0
20441,500.0
20442,500.0
20443,500.0
20444,500.0
20445,500.0
20446,500.0
20447,500.0
20448,500.0
20449,500.0
20450,500.0
20451,500.0
20452,500.0
20453,500.0
20454,500.0
20455,500.0
20456,500.0
20457,500.0
20458,500.0
20459,500.0
20460,500.0
20461,500.0
20462,500.0
20463,500.0
20464,500.0
20465,500.0
20466,500.0
20467,500.0
20468,500.0
20469,500.0
20470,500.0
20471,500.0
20472,500.0
20473,500.0
20474,500.0
20475,500.0
20476,500.0
20477,500.0
20478,500.0
20479,500.0
20480,500.0
20481,500.0
20482,500.0
20483,500.0
20484,500.0
20485,500.0
20486,500.0
20487,500.0
20488,500.0
20489,500.0
20490,500.0
20491,500.0
20492,500.0
20493,500.0
20494,500.0
20495,500.0
20496,500.0
20497,500.0
20498,500.0
20499,500.0
20500,500.0
20501,500.0
20502,500.0
20503,500.0
20504,500.0
20505,500.0
20506,500.0
20507,500.0
20508,500.0
20509,500.0
20510,500.0
20511,500.0
20512,500.0
20513,500.0
20514,500.0
20515,500.0
20516,500.0
20517,500.0
20518,500.0
20519,500.0
20520,500.0
20521,500.0
20522,500.0
20523,500.0
20524,500.0
20525,500.0
20526,500.0
20527,500.0
20528,500.0
20529,500.0
20530,500.0
20531,500.0
20532,500.0
20533,500.0
20534,500.0
20535,500.0
20536,500.0
20537,500.0
20538,500.0
20539,500.0
20540,500.0
20541,500.0
20542,500.0
20543,500.0
20544,500.0
20545,500.0
20546,500.0
20547,500.0
20548,500.0
20549,500.0
20550,500.0
20551,500.0
20552,500.0
20553,500.0
20554,500.0
20555,500.0
20556,500.0
20557,500.0
20558,500.0
20559,500.0
20560,500.0
20561,500.0
20562,500.0
20563,500.0
20564,500.0
20565,500.0
20566,500.0
20567,500.0
20568,500.0
20569,500.0
20570,500.0
20571,500.0
20572,500.0
20573,500.0
20574,500.0
20575,500.0
20576,500.0
20577,500.0
20578,500.0
20579,500.0
20580,500.0
20581,500.0
20582,500.0
20583,500.0
20584,500.0
20585,500.0
20586,500.0
20587,500.0
20588,500.0
20589,500.0
20590,500.0
20591,500.0
20592,500.0
20593,500.0
20594,500.0
20595,500.0
20596,500.0
20597,500.0
20598,500.0
20599,500.0
20600,500.0
20601,500.0
20602,500.0
20603,500.0
20604,500.0
20605,500.0
20606,500.0
20607,500.0
20608,500.0
20609,500.0
20610,500.0
20611,500.0
20612,500.0
20613,500.0
20614,500.0
20615,500.0
20616,500.0
20617,500.0
20618,500.0
20619,500.0
20620,500.0
20621,500.0
20622,500.0
20623,500.0
20624,500.0
20625,500.0
20626,500.0
20627,500.0
20628,500.0
20629,500.0
20630,500.0
20631,500.0
20632,500.0
20633,500.0
20634,500.0
20635,500.0
20636,500.0
20637,500.0
20638,500.0
20639,500.0
20640,500.0
20641,500.0
20642,500.0
20643,500.0
20644,500.0
20645,500.0
20646,500.0
20647,500.0
20648,500.0
20649,500.0
20650,500.0
20651,500.0
20652,500.0
20653,500.0
20654,500.0
20655,500.0
20656,500.0
20657,500.0
20658,500.0
20659,500.0
20660,500.0
20661,500.0
20662,500.0
20663,500.0
20664,500.0
20665,500.0
20666,500.0
20667,500.0
20668,500.0
20669,500.0
20670,500.0
20671,500.0
20672,494.0
20673,494.0
20674,494.0
20675,494.0
20676,494.0
20677,494.0
20678,494.0
20679,494.0
20680,494.0
20681,494.0
20682,494.0
20683,494.0
20684,494.0
20685,494.0
20686,494.0
20687,494.0
20688,494.0
20689,494.0
20690,494.0
20691,494.0
20692,494.0
20693,494.0
20694,494.0
20695,494.0
20696,494.0
20697,494.0
20698,494.0
20699,494.0
20700,494.0
20701,494.0
20702,494.0
20703,494.0
20704,494.0
20705,494.0
20706,494.0
20707,494.0
20708,494.0
20709,494.0
20710,494.0
20711,494.0
20712,494.0
20713,494.0
20714,494.0
20715,494.0
20716,494.0
20717,494.0
20718,494.0
20719,494.0
20720,494.0
20721,494.0
20722,494.0
20723,494.0
20724,494.0
20725,494.0
20726,494.0
20727,494.0
20728,494.0
20729,494.0
20730,494.0
20731,494.0
20732,494.0
20733,494.0
20734,494.0
20735,494.0
20736,494.0
20737,494.0
20738,494.0
20739,494.0
20740,494.0
20741,494.0
20742,494.0
20743,494.0
20744,494.0
20745,494.0
20746,494.0
20747,494.0
20748,494.0
20749,494.0
20750,494.0
20751,494.0
20752,494.0
20753,494.0
20754,494.0
20755,494.0
20756,494.0
20757,494.0
20758,494.0
20759,494.0
20760,494.0
20761,494.0
20762,494.0
20763,494.0
20764,494.0
20765,494.0
20766,494.0
20767,494.0
20768,494.0
20769,494.0
20770,494.0
20771,494.0
20772,494.0
20773,494.0
20774,494.0
20775,494.0
20776,494.0
20777,494.0
20778,494.0
20779,494.0
20780,494.0
20781,494.0
20782,494.0
20783,494.0
20784,494.0
20785,494.0
20786,494.0
20787,494.0
20788,494.0
20789,494.0
20790,494.0
20791,494.0
20792,494.0
20793,494.0
20794,494.0
20795,494.0
20796,494.0
20797,494.0
20798,494.0
20799,494.0
20800,494.0
20801,494.0
20802,494.0
20803,494.0
20804,494.0
20805,494.0
20806,494.0
20807,494.0
20808,494.0
20809,494.0
20810,494.0
20811,494.0
20812,494.0
20813,494.0
20814,494.0
20815,494.0
20816,494.0
20817,494.0
20818,494.0
20819,494.0
20820,494.0
20821,494.0
20822,494.0
20823,494.0
20824,494.0
20825,494.0
20826,494.0
20827,494.0
20828,494.0
20829,494.0
20830,494.0
20831,494.0
20832,494.0
20833,494.0
20834,494.0
20835,494.0
20836,494.0
20837,494.0
20838,494.0
20839,494.0
20840,494.0
20841,494.0
20842,494.0
20843,494.0
20844,494.0
20845,494.0
20846,494.0
20847,494.0
20848,494.0
20849,494.0
20850,494.0
20851,494.0
20852,494.0
20853,494.0
20854,494.0
20855,494.0
20856,494.0
20857,494.0
20858,494.0
20859,494.0
20860,494.0
20861,494.0
20862,494.0
20863,494.0
20864,494.0
20865,494.0
20866,494.0
20867,494.0
20868,494.0
20869,494.0
20870,494.0
20871,494.0
20872,494.0
20873,494.0
20874,494.0
20875,494.0
20876,494.0
20877,494.0
20878,494.0
20879,494.0
20880,494.0
20881,494.0
20882,494.0
20883,494.0
20884,494.0
20885,494.0
20886,494.0
20887,494.0
20888,494.0
20889,494.0
20890,494.0
20891,494.0
20892,494.0
20893,494.0
20894,494.0
20895,494.0
20896,494.0
20897,494.0
20898,494.0
20899,494.0
20900,494.0
20901,494.0
20902,494.0
20903,494.0
20904,494.0
20905,494.0
20906,494.0
20907,494.0
20908,494.0
20909,494.0
20910,494.0
20911,494.0
20912,494.0
20913,494.0
20914,494.0
20915,494.0
20916,494.0
20917,494.0
20918,494.0
20919,494.0
20920,494.0
20921,494.0
20922,494.0
20923,494.0
20924,494.0
20925,494.0
20926,494.0
20927,494.0
20928,494.0
20929,494.0
20930,494.0
20931,494.0
20932,494.0
20933,494.0
20934,494.0
20935,494.0
20936,494.0
20937,494.0
20938,494.0
20939,494.0
20940,494.0
20941,494.0
20942,494.0
20943,494.0
20944,494.0
20945,494.0
20946,494.0
20947,494.0
20948,494.0
20949,494.0
20950,494.0
20951,494.0
20952,494.0
20953,494.0
20954,494.0
20955,494.0
20956,494.0
20957,494.0
20958,494.0
20959,494.0
20960,494.0
20961,494.0
20962,494.0
20963,494.0
20964,494.0
20965,494.0
20966,494.0
20967,494.0
20968,494.0
20969,494.0
20970,494.0
20971,494.0
20972,494.0
20973,494.0
20974,494.0
20975,494.0
20976,494.0
20977,494.0
20978,494.0
20979,494.0
20980,494.0
20981,494.0
20982,494.0
20983,494.0
20984,494.0
20985,494.0
20986,494.0
20987,494.0
20988,494.0
20989,317.0
20990,317.0
20991,317.0
20992,317.0
20993,317.0
20994,317.0
20995,317.0
20996,317.0
20997,317.0
20998,317.0
20999,317.0
21000,317.0
21001,317.0
21002,317.0
21003,317.0
21004,317.0
21005,317.0
21006,317.0
21007,317.0
21008,317.0
21009,317.0
21010,317.0
21011,317.0
21012,317.0
21013,317.0
21014,317.0
21015,317.0
21016,317.0
21017,317.0
21018,317.0
21019,317.0
21020,317.0
21021,317.0
21022,317.0
21023,317.0
21024,317.0
21025,317.0
21026,317.0
21027,317.0
21028,317.0
21029,317.0
21030,317.0
21031,317.0
21032,317.0
21033,317.0
21034,317.0
21035,317.0
21036,317.0
21037,317.0
21038,317.0
21039,317.0
21040,317.0
21041,317.0
21042,317.0
21043,317.0
21044,317.0
21045,317.0
21046,317.0
21047,317.0
21048,317.0
21049,317.0
21050,317.0
21051,317.0
21052,317.0
21053,317.0
21054,317.0
21055,317.0
21056,317.0
21057,317.0
21058,317.0
21059,317.0
21060,317.0
21061,317.0
21062,317.0
21063,317.0
21064,317.0
21065,317.0
21066,317.0
21067,317.0
21068,317.0
21069,317.0
21070,317.0
21071,317.0
21072,317.0
21073,317.0
21074,317.0
21075,317.0
21076,317.0
21077,317.0
21078,317.0
21079,317.0
21080,317.0
21081,317.0
21082,317.0
21083,317.0
21084,317.0
21085,317.0
21086,317.0
21087,317.0
21088,317.0
21089,317.0
21090,317.0
21091,317.0
21092,317.0
21093,317.0
21094,317.0
21095,317.0
21096,317.0
21097,317.0
21098,317.0
21099,317.0
21100,317.0
21101,317.0
21102,317.0
21103,317.0
21104,317.0
21105,317.0
21106,317.0
21107,317.0
21108,317.0
21109,317.0
21110,317.0
21111,317.0
21112,317.0
21113,317.0
21114,317.0
21115,317.0
21116,317.0
21117,317.0
21118,317.0
21119,317.0
21120,317.0
21121,317.0
21122,317.0
21123,317.0
21124,317.0
21125,317.0
21126,317.0
21127,317.0
21128,317.0
21129,317.0
21130,317.0
21131,317.0
21132,317.0
21133,317.0
21134,317.0
21135,317.0
21136,317.0
21137,317.0
21138,317.0
21139,317.0
21140,317.0
21141,317.0
21142,317.0
21143,317.0
21144,317.0
21145,317.0
21146,317.0
21147,317.0
21148,317.0
21149,317.0
21150,317.0
21151,317.0
21152,317.0
21153,317.0
21154,317.0
21155,317.0
21156,317.0
21157,317.0
21158,317.0
21159,317.0
21160,317.0
21161,317.0
21162,317.0
21163,317.0
21164,317.0
21165,317.0
21166,317.0
21167,317.0
21168,317.0
21169,317.0
21170,317.0
21171,317.0
21172,317.0
21173,317.0
21174,317.0
21175,317.0
21176,317.0
21177,317.0
21178,317.0
21179,317.0
21180,317.0
21181,317.0
21182,317.0
21183,317.0
21184,317.0
21185,317.0
21186,317.0
21187,317.0
21188,317.0
21189,317.0
21190,317.0
21191,317.0
21192,317.0
21193,317.0
21194,317.0
21195,317.0
21196,317.0
21197,317.0
21198,317.0
21199,317.0
21200,317.0
21201,317.0
21202,317.0
21203,317.0
21204,317.0
21205,317.0
21206,317.0
21207,317.0
21208,317.0
21209,317.0
21210,317.0
21211,317.0
21212,317.0
21213,317.0
21214,317.0
21215,317.0
21216,317.0
21217,317.0
21218,317.0
21219,317.0
21220,317.0
21221,317.0
21222,317.0
21223,317.0
21224,317.0
21225,317.0
21226,317.0
21227,317.0
21228,317.0
21229,317.0
21230,317.0
21231,317.0
21232,317.0
21233,317.0
21234,317.0
21235,317.0
21236,317.0
21237,317.0
21238,317.0
21239,317.0
21240,317.0
21241,317.0
21242,317.0
21243,317.0
21244,317.0
21245,317.0
21246,317.0
21247,317.0
21248,317.0
21249,317.0
21250,317.0
21251,317.0
21252,317.0
21253,317.0
21254,317.0
21255,317.0
21256,317.0
21257,317.0
21258,317.0
21259,317.0
21260,317.0
21261,317.0
21262,317.0
21263,317.0
21264,317.0
21265,317.0
21266,317.0
21267,317.0
21268,317.0
21269,317.0
21270,317.0
21271,317.0
21272,317.0
21273,317.0
21274,317.0
21275,317.0
21276,317.0
21277,317.0
21278,317.0
21279,317.0
21280,317.0
21281,317.0
21282,317.0
21283,317.0
21284,317.0
21285,317.0
21286,317.0
21287,317.0
21288,317.0
21289,317.0
21290,317.0
21291,317.0
21292,317.0
21293,317.0
21294,317.0
21295,317.0
21296,317.0
21297,317.0
21298,317.0
21299,317.0
21300,317.0
21301,317.0
21302,317.0
21303,317.0
21304,317.0
21305,317.0
21306,317.0
21307,317.0
21308,317.0
21309,317.0
21310,317.0
21311,317.0
21312,317.0
21313,317.0
21314,317.0
21315,317.0
21316,317.0
21317,317.0
21318,317.0
21319,317.0
21320,317.0
21321,317.0
21322,317.0
21323,317.0
21324,317.0
21325,317.0
21326,317.0
21327,317.0
21328,317.0
21329,317.0
21330,317.0
21331,317.0
21332,317.0
21333,317.0
21334,317.0
21335,317.0
21336,317.0
21337,317.0
21338,317.0
21339,317.0
21340,317.0
21341,317.0
21342,317.0
21343,317.0
21344,317.0
21345,317.0
21346,317.0
21347,317.0
21348,317.0
21349,317.0
21350,317.0
21351,317.0
21352,317.0
21353,317.0
21354,317.0
21355,317.0
21356,317.0
21357,317.0
21358,317.0
21359,317.0
21360,317.0
21361,317.0
21362,317.0
21363,317.0
21364,317.0
21365,317.0
21366,317.0
21367,317.0
21368,317.0
21369,317.0
21370,381.0
21371,381.0
21372,381.0
21373,381.0
21374,381.0
21375,381.0
21376,381.0
21377,381.0
21378,381.0
21379,381.0
21380,381.0
21381,381.0
21382,381.0
21383,381.0
21384,381.0
21385,381.0
21386,381.0
21387,381.0
21388,381.0
21389,381.0
21390,381.0
21391,381.0
21392,381.0
21393,381.0
21394,381.0
21395,381.0
21396,381.0
21397,381.0
21398,381.0
21399,381.0
21400,381.0
21401,381.0
21402,381.0
21403,381.0
21404,381.0
21405,381.0
21406,381.0
21407,381.0
21408,381.0
21409,381.0
21410,381.0
21411,381.0
21412,381.0
21413,381.0
21414,381.0
21415,381.0
21416,381.0
21417,381.0
21418,381.0
21419,381.0
21420,381.0
21421,381.0
21422,381.0
21423,381.0
21424,381.0
21425,381.0
21426,381.0
21427,381.0
21428,381.0
21429,381.0
21430,381.0
21431,381.0
21432,381.0
21433,381.0
21434,381.0
21435,381.0
21436,381.0
21437,381.0
21438,381.0
21439,381.0
21440,381.0
21441,381.0
21442,381.0
21443,381.0
21444,381.0
21445,381.0
21446,381.0
21447,381.0
21448,381.0
21449,381.0
21450,381.0
21451,381.0
21452,381.0
21453,381.0
21454,381.0
21455,381.0
21456,381.0
21457,381.0
21458,381.0
21459,381.0
21460,381.0
21461,381.0
21462,381.0
21463,381.0
21464,381.0
21465,381.0
21466,381.0
21467,381.0
21468,381.0
21469,381.0
21470,381.0
21471,381.0
21472,381.0
21473,381.0
21474,381.0
21475,381.0
21476,381.0
21477,381.0
21478,381.0
21479,381.0
21480,381.0
21481,381.0
21482,381.0
21483,381.0
21484,381.0
21485,381.0
21486,381.0
21487,381.0
21488,381.0
21489,381.0
21490,381.0
21491,381.0
21492,381.0
21493,381.0
21494,381.0
21495,381.0
21496,381.0
21497,381.0
21498,381.0
21499,381.0
21500,381.0
21501,381.0
21502,381.0
21503,381.0
21504,381.0
21505,381.0
21506,381.0
21507,381.0
21508,381.0
21509,381.0
21510,381.0
21511,381.0
21512,381.0
21513,381.0
21514,381.0
21515,381.0
21516,381.0
21517,381.0
21518,381.0
21519,381.0
21520,381.0
21521,381.0
21522,381.0
21523,381.0
21524,381.0
21525,381.0
21526,381.0
21527,381.0
21528,381.0
21529,381.0
21530,381.0
21531,381.0
21532,381.0
21533,381.0
21534,381.0
21535,381.0
21536,381.0
21537,381.0
21538,381.0
21539,381.0
21540,381.0
21541,381.0
21542,381.0
21543,381.0
21544,381.0
21545,381.0
21546,381.0
21547,381.0
21548,381.0
21549,381.0
21550,381.0
21551,381.0
21552,381.0
21553,381.0
21554,381.0
21555,381.0
21556,381.0
21557,381.0
21558,381.0
21559,381.0
21560,381.0
21561,381.0
21562,381.0
21563,381.0
21564,381.0
21565,381.0
21566,381.0
21567,381.0
21568,381.0
21569,381.0
21570,381.0
21571,381.0
21572,381.0
21573,381.0
21574,381.0
21575,381.0
21576,381.0
21577,381.0
21578,381.0
21579,381.0
21580,381.0
21581,381.0
21582,381.0
21583,381.0
21584,381.0
21585,381.0
21586,381.0
21587,381.0
21588,381.0
21589,381.0
21590,381.0
21591,381.0
21592,381.0
21593,381.0
21594,381.0
21595,381.0
21596,381.0
21597,381.0
21598,381.0
21599,381.0
21600,381.0
21601,381.0
21602,381.0
21603,381.0
21604,381.0
21605,381.0
21606,381.0
21607,381.0
21608,381.0
21609,381.0
21610,381.0
21611,381.0
21612,381.0
21613,381.0
21614,381.0
21615,381.0
21616,381.0
21617,381.0
21618,381.0
21619,381.0
21620,381.0
21621,381.0
21622,381.0
21623,381.0
21624,381.0
21625,381.0
21626,381.0
21627,381.0
21628,381.0
21629,381.0
21630,381.0
21631,381.0
21632,381.0
21633,381.0
21634,381.0
21635,381.0
21636,381.0
21637,381.0
21638,381.0
21639,381.0
21640,381.0
21641,381.0
21642,381.0
21643,381.0
21644,381.0
21645,381.0
21646,381.0
21647,381.0
21648,381.0
21649,381.0
21650,381.0
21651,381.0
21652,381.0
21653,381.0
21654,381.0
21655,381.0
21656,381.0
21657,381.0
21658,381.0
21659,381.0
21660,381.0
21661,381.0
21662,381.0
21663,381.0
21664,381.0
21665,381.0
21666,381.0
21667,381.0
21668,381.0
21669,381.0
21670,381.0
21671,381.0
21672,381.0
21673,381.0
21674,381.0
21675,381.0
21676,381.0
21677,381.0
21678,381.0
21679,381.0
21680,381.0
21681,381.0
21682,381.0
21683,381.0
21684,381.0
21685,381.0
21686,381.0
21687,381.0
21688,381.0
21689,381.0
21690,381.0
21691,381.0
21692,381.0
21693,381.0
21694,381.0
21695,381.0
21696,381.0
21697,381.0
21698,381.0
21699,381.0
21700,381.0
21701,381.0
21702,381.0
21703,381.0
21704,381.0
21705,381.0
21706,381.0
21707,381.0
21708,381.0
21709,381.0
21710,381.0
21711,381.0
21712,381.0
21713,381.0
21714,381.0
21715,381.0
21716,381.0
21717,381.0
21718,381.0
21719,381.0
21720,381.0
21721,381.0
21722,381.0
21723,381.0
21724,381.0
21725,381.0
21726,381.0
21727,381.0
21728,381.0
21729,381.0
21730,381.0
21731,381.0
21732,381.0
21733,381.0
21734,381.0
21735,381.0
21736,381.0
21737,381.0
21738,381.0
21739,381.0
21740,381.0
21741,381.0
21742,381.0
21743,381.0
21744,381.0
21745,381.0
21746,381.0
21747,381.0
21748,381.0
21749,381.0
21750,381.0
21751,381.0
21752,381.0
21753,381.0
21754,381.0
21755,381.0
21756,381.0
21757,381.0
21758,381.0
21759,381.0
21760,381.0
21761,381.0
21762,381.0
21763,381.0
21764,381.0
21765,381.0
21766,381.0
21767,381.0
21768,381.0
21769,381.0
21770,381.0
21771,381.0
21772,381.0
21773,381.0
21774,381.0
21775,381.0
21776,381.0
21777,381.0
21778,381.0
21779,381.0
21780,381.0
21781,381.0
21782,381.0
21783,381.0
21784,381.0
21785,381.0
21786,381.0
21787,381.0
21788,381.0
21789,381.0
21790,381.0
21791,381.0
21792,381.0
21793,381.0
21794,381.0
21795,381.0
21796,381.0
21797,381.0
21798,381.0
21799,381.0
21800,381.0
21801,381.0
21802,381.0
21803,381.0
21804,381.0
21805,381.0
21806,381.0
21807,437.0
21808,437.0
21809,437.0
21810,437.0
21811,437.0
21812,437.0
21813,437.0
21814,437.0
21815,437.0
21816,437.0
21817,437.0
21818,437.0
21819,437.0
21820,437.0
21821,437.0
21822,437.0
21823,437.0
21824,437.0
21825,437.0
21826,437.0
21827,437.0
21828,437.0
21829,437.0
21830,437.0
21831,437.0
21832,437.0
21833,437.0
21834,437.0
21835,437.0
21836,437.0
21837,437.0
21838,437.0
21839,437.0
21840,437.0
21841,437.0
21842,437.0
21843,437.0
21844,437.0
21845,437.0
21846,437.0
21847,437.0
21848,437.0
21849,437.0
21850,437.0
21851,437.0
21852,437.0
21853,437.0
21854,437.0
21855,437.0
21856,437.0
21857,437.0
21858,437.0
21859,437.0
21860,437.0
21861,437.0
21862,437.0
21863,437.0
21864,437.0
21865,437.0
21866,437.0
21867,437.0
21868,437.0
21869,437.0
21870,437.0
21871,437.0
21872,437.0
21873,437.0
21874,437.0
21875,437.0
21876,437.0
21877,437.0
21878,437.0
21879,437.0
21880,437.0
21881,437.0
21882,437.0
21883,437.0
21884,437.0
21885,437.0
21886,437.0
21887,437.0
21888,437.0
21889,437.0
21890,437.0
21891,437.0
21892,437.0
21893,437.0
21894,437.0
21895,437.0
21896,437.0
21897,437.0
21898,437.0
21899,437.0
21900,437.0
21901,437.0
21902,437.0
21903,437.0
21904,437.0
21905,437.0
21906,437.0
21907,437.0
21908,437.0
21909,437.0
21910,437.0
21911,437.0
21912,437.0
21913,437.0
21914,437.0
21915,437.0
21916,437.0
21917,437.0
21918,437.0
21919,437.0
21920,437.0
21921,437.0
21922,437.0
21923,437.0
21924,437.0
21925,437.0
21926,437.0
21927,437.0
21928,437.0
21929,437.0
21930,437.0
21931,437.0
21932,437.0
21933,437.0
21934,437.0
21935,437.0
21936,437.0
21937,437.0
21938,437.0
21939,437.0
21940,437.0
21941,437.0
21942,437.0
21943,437.0
21944,437.0
21945,437.0
21946,437.0
21947,437.0
21948,437.0
21949,437.0
21950,437.0
21951,437.0
21952,437.0
21953,437.0
21954,437.0
21955,437.0
21956,437.0
21957,437.0
21958,437.0
21959,437.0
21960,437.0
21961,437.0
21962,437.0
21963,437.0
21964,437.0
21965,437.0
21966,437.0
21967,437.0
21968,437.0
21969,437.0
21970,437.0
21971,437.0
21972,437.0
21973,437.0
21974,437.0
21975,437.0
21976,437.0
21977,437.0
21978,437.0
21979,437.0
21980,437.0
21981,437.0
21982,437.0
21983,437.0
21984,437.0
21985,437.0
21986,437.0
21987,437.0
21988,437.0
21989,437.0
21990,437.0
21991,437.0
21992,437.0
21993,437.0
21994,437.0
21995,437.0
21996,437.0
21997,437.0
21998,437.0
21999,437.0
22000,437.0
22001,437.0
22002,437.0
22003,437.0
22004,437.0
22005,437.0
22006,437.0
22007,437.0
22008,437.0
22009,437.0
22010,437.0
22011,437.0
22012,437.0
22013,437.0
22014,437.0
22015,437.0
22016,437.0
22017,437.0
22018,437.0
22019,437.0
22020,437.0
22021,437.0
22022,437.0
22023,437.0
22024,437.0
22025,437.0
22026,437.0
22027,437.0
22028,437.0
22029,437.0
22030,437.0
22031,437.0
22032,437.0
22033,437.0
22034,437.0
22035,437.0
22036,437.0
22037,437.0
22038,437.0
22039,437.0
22040,437.0
22041,437.0
22042,437.0
22043,437.0
22044,437.0
22045,437.0
22046,437.0
22047,437.0
22048,437.0
22049,437.0
22050,437.0
22051,437.0
22052,437.0
22053,437.0
22054,437.0
22055,437.0
22056,437.0
22057,437.0
22058,437.0
22059,437.0
22060,437.0
22061,437.0
22062,437.0
22063,437.0
22064,437.0
22065,437.0
22066,437.0
22067,437.0
22068,437.0
22069,437.0
22070,437.0
22071,437.0
22072,437.0
22073,437.0
22074,437.0
22075,437.0
22076,437.0
22077,437.0
22078,437.0
22079,437.0
22080,437.0
22081,437.0
22082,437.0
22083,437.0
22084,437.0
22085,437.0
22086,437.0
22087,437.0
22088,437.0
22089,437.0
22090,437.0
22091,437.0
22092,437.0
22093,437.0
22094,437.0
22095,437.0
22096,437.0
22097,437.0
22098,437.0
22099,437.0
22100,437.0
22101,437.0
22102,437.0
22103,437.0
22104,437.0
22105,437.0
22106,437.0
22107,437.0
22108,437.0
22109,437.0
22110,437.0
22111,437.0
22112,437.0
22113,437.0
22114,437.0
22115,437.0
22116,437.0
22117,437.0
22118,437.0
22119,437.0
22120,437.0
22121,437.0
22122,437.0
22123,437.0
22124,437.0
22125,437.0
22126,437.0
22127,437.0
22128,437.0
22129,437.0
22130,437.0
22131,437.0
22132,437.0
22133,437.0
22134,437.0
22135,437.0
22136,437.0
22137,437.0
22138,437.0
22139,437.0
22140,437.0
22141,437.0
22142,437.0
22143,437.0
22144,437.0
22145,437.0
22146,437.0
22147,437.0
22148,437.0
22149,437.0
22150,437.0
22151,437.0
22152,437.0
22153,437.0
22154,347.0
22155,347.0
22156,347.0
22157,347.0
22158,347.0
22159,347.0
22160,347.0
22161,347.0
22162,347.0
22163,347.0
22164,347.0
22165,347.0
22166,347.0
22167,347.0
22168,347.0
22169,347.0
22170,347.0
22171,347.0
22172,347.0
22173,347.0
22174,347.0
22175,347.0
22176,347.0
22177,347.0
22178,347.0
22179,347.0
22180,347.0
22181,347.0
22182,347.0
22183,347.0
22184,347.0
22185,347.0
22186,347.0
22187,347.0
22188,347.0
22189,347.0
22190,347.0
22191,347.0
22192,347.0
22193,347.0
22194,347.0
22195,347.0
22196,347.0
22197,347.0
22198,347.0
22199,347.0
22200,347.0
22201,347.0
22202,347.0
22203,347.0
22204,347.0
22205,347.0
22206,347.0
22207,347.0
22208,347.0
22209,347.0
22210,347.0
22211,347.0
22212,347.0
22213,347.0
22214,347.0
22215,347.0
22216,347.0
22217,347.0
22218,347.0
22219,347.0
22220,347.0
22221,347.0
22222,347.0
22223,347.0
22224,347.0
22225,347.0
22226,347.0
22227,347.0
22228,347.0
22229,347.0
22230,347.0
22231,347.0
22232,347.0
22233,347.0
22234,347.0
22235,347.0
22236,347.0
22237,347.0
22238,347.0
22239,347.0
22240,347.0
22241,347.0
22242,347.0
22243,347.0
22244,347.0
22245,347.0
22246,347.0
22247,347.0
22248,347.0
22249,347.0
22250,347.0
22251,347.0
22252,347.0
22253,347.0
22254,347.0
22255,347.0
22256,347.0
22257,347.0
22258,347.0
22259,347.0
22260,347.0
22261,347.0
22262,347.0
22263,347.0
22264,347.0
22265,347.0
22266,347.0
22267,347.0
22268,347.0
22269,347.0
22270,347.0
22271,347.0
22272,347.0
22273,347.0
22274,347.0
22275,347.0
22276,347.0
22277,347.0
22278,347.0
22279,347.0
22280,347.0
22281,347.0
22282,347.0
22283,347.0
22284,347.0
22285,347.0
22286,347.0
22287,347.0
22288,347.0
22289,347.0
22290,347.0
22291,347.0
22292,347.0
22293,347.0
22294,347.0
22295,347.0
22296,347.0
22297,347.0
22298,347.0
22299,347.0
22300,347.0
22301,347.0
22302,347.0
22303,347.0
22304,347.0
22305,347.0
22306,347.0
22307,347.0
22308,347.0
22309,347.0
22310,347.0
22311,347.0
22312,347.0
22313,347.0
22314,347.0
22315,347.0
22316,347.0
22317,347.0
22318,347.0
22319,347.0
22320,347.0
22321,347.0
22322,347.0
22323,347.0
22324,347.0
22325,347.0
22326,347.0
22327,347.0
22328,347.0
22329,347.0
22330,347.0
22331,347.0
22332,347.0
22333,347.0
22334,347.0
22335,347.0
22336,347.0
22337,347.0
22338,347.0
22339,347.0
22340,347.0
22341,347.0
22342,347.0
22343,347.0
22344,347.0
22345,347.0
22346,347.0
22347,347.0
22348,347.0
22349,347.0
22350,347.0
22351,347.0
22352,347.0
22353,347.0
22354,347.0
22355,347.0
22356,347.0
22357,347.0
22358,347.0
22359,347.0
22360,347.0
22361,347.0
22362,347.0
22363,347.0
22364,347.0
22365,347.0
22366,347.0
22367,347.0
22368,347.0
22369,347.0
22370,347.0
22371,347.0
22372,347.0
22373,347.0
22374,347.0
22375,347.0
22376,347.0
22377,347.0
22378,347.0
22379,347.0
22380,347.0
22381,347.0
22382,347.0
22383,347.0
22384,347.0
22385,347.0
22386,347.0
22387,347.0
22388,347.0
22389,347.0
22390,347.0
22391,347.0
22392,347.0
22393,347.0
22394,347.0
22395,347.0
22396,347.0
22397,347.0
22398,347.0
22399,347.0
22400,347.0
22401,347.0
22402,347.0
22403,347.0
22404,347.0
22405,347.0
22406,347.0
22407,347.0
22408,347.0
22409,347.0
22410,347.0
22411,347.0
22412,347.0
22413,347.0
22414,347.0
22415,347.0
22416,347.0
22417,347.0
22418,347.0
22419,347.0
22420,347.0
22421,347.0
22422,347.0
22423,347.0
22424,347.0
22425,347.0
22426,347.0
22427,347.0
22428,347.0
22429,347.0
22430,347.0
22431,347.0
22432,347.0
22433,347.0
22434,347.0
22435,347.0
22436,347.0
22437,347.0
22438,347.0
22439,347.0
22440,347.0
22441,347.0
22442,347.0
22443,347.0
22444,347.0
22445,347.0
22446,347.0
22447,347.0
22448,347.0
22449,347.0
22450,347.0
22451,347.0
22452,347.0
22453,299.0
22454,299.0
22455,299.0
22456,299.0
22457,299.0
22458,299.0
22459,299.0
22460,299.0
22461,299.0
22462,299.0
22463,299.0
22464,299.0
22465,299.0
22466,299.0
22467,299.0
22468,299.0
22469,299.0
22470,299.0
22471,299.0
22472,299.0
22473,299.0
22474,299.0
22475,299.0
22476,299.0
22477,299.0
22478,299.0
22479,299.0
22480,299.0
22481,299.0
22482,299.0
22483,299.0
22484,299.0
22485,299.0
22486,299.0
22487,299.0
22488,299.0
22489,299.0
22490,299.0
22491,299.0
22492,299.0
22493,299.0
22494,299.0
22495,299.0
22496,299.0
22497,299.0
22498,299.0
22499,299.0
22500,299.0
22501,299.0
22502,299.0
22503,299.0
22504,299.0
22505,299.0
22506,299.0
22507,299.0
22508,299.0
22509,299.0
22510,299.0
22511,299.0
22512,299.0
22513,299.0
22514,299.0
22515,299.0
22516,299.0
22517,299.0
22518,299.0
22519,299.0
22520,299.0
22521,299.0
22522,299.0
22523,299.0
22524,299.0
22525,299.0
22526,299.0
22527,299.0
22528,299.0
22529,299.0
22530,299.0
22531,299.0
22532,299.0
22533,299.0
22534,299.0
22535,299.0
22536,299.0
22537,299.0
22538,299.0
22539,299.0
22540,299.0
22541,299.0
22542,299.0
22543,299.0
22544,299.0
22545,299.0
22546,299.0
22547,299.0
22548,299.0
22549,299.0
22550,299.0
22551,299.0
22552,299.0
22553,299.0
22554,299.0
22555,299.0
22556,299.0
22557,299.0
22558,299.0
22559,299.0
22560,299.0
22561,299.0
22562,299.0
22563,299.0
22564,299.0
22565,299.0
22566,299.0
22567,299.0
22568,299.0
22569,299.0
22570,299.0
22571,299.0
22572,299.0
22573,299.0
22574,299.0
22575,299.0
22576,299.0
22577,299.0
22578,299.0
22579,299.0
22580,299.0
22581,299.0
22582,299.0
22583,299.0
22584,299.0
22585,299.0
22586,299.0
22587,299.0
22588,299.0
22589,299.0
22590,299.0
22591,299.0
22592,299.0
22593,299.0
22594,299.0
22595,299.0
22596,299.0
22597,299.0
22598,299.0
22599,299.0
22600,299.0
22601,299.0
22602,299.0
22603,299.0
22604,299.0
22605,299.0
22606,299.0
22607,299.0
22608,299.0
22609,299.0
22610,299.0
22611,299.0
22612,299.0
22613,299.0
22614,299.0
22615,299.0
22616,299.0
22617,299.0
22618,299.0
22619,299.0
22620,299.0
22621,299.0
22622,299.0
22623,299.0
22624,299.0
22625,299.0
22626,299.0
22627,299.0
22628,299.0
22629,299.0
22630,299.0
22631,299.0
22632,299.0
22633,299.0
22634,299.0
22635,299.0
22636,299.0
22637,299.0
22638,299.0
22639,299.0
22640,299.0
22641,299.0
22642,299.0
22643,299.0
22644,299.0
22645,299.0
22646,299.0
22647,299.0
22648,299.0
22649,299.0
22650,299.0
22651,299.0
22652,299.0
22653,299.0
22654,299.0
22655,299.0
22656,299.0
22657,299.0
22658,299.0
22659,299.0
22660,299.0
22661,299.0
22662,299.0
22663,299.0
22664,299.0
22665,299.0
22666,299.0
22667,299.0
22668,299.0
22669,299.0
22670,299.0
22671,299.0
22672,299.0
22673,299.0
22674,299.0
22675,299.0
22676,299.0
22677,299.0
22678,299.0
22679,299.0
22680,299.0
22681,299.0
22682,299.0
22683,299.0
22684,299.0
22685,299.0
22686,299.0
22687,299.0
22688,299.0
22689,299.0
22690,299.0
22691,299.0
22692,299.0
22693,299.0
22694,299.0
22695,299.0
22696,299.0
22697,299.0
22698,299.0
22699,299.0
22700,299.0
22701,299.0
22702,299.0
22703,299.0
22704,299.0
22705,299.0
22706,299.0
22707,299.0
22708,299.0
22709,299.0
22710,299.0
22711,299.0
22712,299.0
22713,299.0
22714,299.0
22715,299.0
22716,299.0
22717,299.0
22718,299.0
22719,299.0
22720,299.0
22721,268.0
22722,268.0
22723,268.0
22724,268.0
22725,268.0
22726,268.0
22727,268.0
22728,268.0
22729,268.0
22730,268.0
22731,268.0
22732,268.0
22733,268.0
22734,268.0
22735,268.0
22736,268.0
22737,268.0
22738,268.0
22739,268.0
22740,268.0
22741,268.0
22742,268.0
22743,268.0
22744,268.0
22745,268.0
22746,268.0
22747,268.0
22748,268.0
22749,268.0
22750,268.0
22751,268.0
22752,268.0
22753,268.0
22754,268.0
22755,268.0
22756,268.0
22757,268.0
22758,268.0
22759,268.0
22760,268.0
22761,268.0
22762,268.0
22763,268.0
22764,268.0
22765,268.0
22766,268.0
22767,268.0
22768,268.0
22769,268.0
22770,268.0
22771,268.0
22772,268.0
22773,268.0
22774,268.0
22775,268.0
22776,268.0
22777,268.0
22778,268.0
22779,268.0
22780,268.0
22781,268.0
22782,268.0
22783,268.0
22784,268.0
22785,268.0
22786,268.0
22787,268.0
22788,268.0
22789,268.0
22790,268.0
22791,268.0
22792,268.0
22793,268.0
22794,268.0
22795,268.0
22796,268.0
22797,268.0
22798,268.0
22799,268.0
22800,268.0
22801,268.0
22802,268.0
22803,268.0
22804,268.0
22805,268.0
22806,268.0
22807,268.0
22808,268.0
22809,268.0
22810,268.0
22811,268.0
22812,268.0
22813,268.0
22814,268.0
22815,268.0
22816,268.0
22817,268.0
22818,268.0
22819,268.0
22820,268.0
22821,268.0
22822,268.0
22823,268.0
22824,268.0
22825,268.0
22826,268.0
22827,268.0
22828,268.0
22829,268.0
22830,268.0
22831,268.0
22832,268.0
22833,268.0
22834,268.0
22835,268.0
22836,268.0
22837,268.0
22838,268.0
22839,268.0
22840,268.0
22841,268.0
22842,268.0
22843,268.0
22844,268.0
22845,268.0
22846,268.0
22847,268.0
22848,268.0
22849,268.0
22850,268.0
22851,268.0
22852,268.0
22853,268.0
22854,268.0
22855,268.0
22856,268.0
22857,268.0
22858,268.0
22859,268.0
22860,268.0
22861,268.0
22862,268.0
22863,268.0
22864,268.0
22865,268.0
22866,268.0
22867,268.0
22868,268.0
22869,268.0
22870,268.0
22871,268.0
22872,268.0
22873,268.0
22874,268.0
22875,268.0
22876,268.0
22877,268.0
22878,268.0
22879,268.0
22880,268.0
22881,268.0
22882,268.0
22883,268.0
22884,268.0
22885,268.0
22886,268.0
22887,268.0
22888,268.0
22889,268.0
22890,268.0
22891,268.0
22892,268.0
22893,268.0
22894,268.0
22895,268.0
22896,268.0
22897,268.0
22898,268.0
22899,268.0
22900,268.0
22901,268.0
22902,268.0
22903,268.0
22904,268.0
22905,268.0
22906,268.0
22907,268.0
22908,268.0
22909,268.0
22910,268.0
22911,268.0
22912,268.0
22913,268.0
22914,268.0
22915,268.0
22916,268.0
22917,268.0
22918,268.0
22919,268.0
22920,268.0
22921,268.0
22922,268.0
22923,268.0
22924,268.0
22925,268.0
22926,268.0
22927,268.0
22928,268.0
22929,268.0
22930,268.0
22931,268.0
22932,268.0
22933,268.0
22934,268.0
22935,268.0
22936,268.0
22937,268.0
22938,268.0
22939,268.0
22940,268.0
22941,268.0
22942,268.0
22943,268.0
22944,268.0
22945,268.0
22946,268.0
22947,268.0
22948,268.0
22949,268.0
22950,268.0
22951,268.0
22952,268.0
22953,268.0
22954,268.0
22955,268.0
22956,268.0
22957,268.0
22958,268.0
22959,268.0
22960,268.0
22961,268.0
22962,268.0
22963,268.0
22964,268.0
22965,268.0
22966,268.0
22967,268.0
22968,268.0
22969,268.0
22970,268.0
22971,268.0
22972,268.0
22973,268.0
22974,268.0
22975,268.0
22976,268.0
22977,268.0
22978,268.0
22979,268.0
22980,268.0
22981,268.0
22982,268.0
22983,268.0
22984,268.0
22985,268.0
22986,268.0
22987,268.0
22988,268.0
22989,268.0
22990,268.0
22991,268.0
22992,268.0
22993,268.0
22994,268.0
22995,268.0
22996,268.0
22997,268.0
22998,268.0
22999,268.0
23000,268.0
23001,268.0
23002,268.0
23003,268.0
23004,268.0
23005,268.0
23006,268.0
23007,268.0
23008,268.0
23009,268.0
23010,268.0
23011,268.0
23012,268.0
23013,268.0
23014,268.0
23015,268.0
23016,268.0
23017,268.0
23018,268.0
23019,268.0
23020,268.0
23021,268.0
23022,268.0
23023,268.0
23024,268.0
23025,268.0
23026,268.0
23027,268.0
23028,268.0
23029,268.0
23030,268.0
23031,268.0
23032,268.0
23033,268.0
23034,268.0
23035,268.0
23036,268.0
23037,268.0
23038,268.0
23039,268.0
23040,268.0
23041,268.0
23042,268.0
23043,268.0
23044,268.0
23045,268.0
23046,268.0
23047,268.0
23048,268.0
23049,268.0
23050,268.0
23051,268.0
23052,268.0
23053,268.0
23054,268.0
23055,268.0
23056,268.0
23057,268.0
23058,268.0
23059,268.0
23060,268.0
23061,268.0
23062,268.0
23063,268.0
23064,268.0
23065,268.0
23066,268.0
23067,268.0
23068,268.0
23069,268.0
23070,268.0
23071,268.0
23072,268.0
23073,268.0
23074,268.0
23075,268.0
23076,268.0
23077,268.0
23078,268.0
23079,268.0
23080,268.0
23081,268.0
23082,268.0
23083,268.0
23084,268.0
23085,268.0
23086,268.0
23087,268.0
23088,268.0
23089,268.0
23090,268.0
23091,268.0
23092,268.0
23093,268.0
23094,268.0
23095,268.0
23096,268.0
23097,268.0
23098,268.0
23099,268.0
23100,268.0
23101,268.0
23102,268.0
23103,268.0
23104,268.0
23105,268.0
23106,268.0
23107,268.0
23108,268.0
23109,268.0
23110,268.0
23111,268.0
23112,268.0
23113,268.0
23114,268.0
23115,268.0
23116,268.0
23117,268.0
23118,268.0
23119,268.0
23120,268.0
23121,268.0
23122,268.0
23123,268.0
23124,268.0
23125,268.0
23126,268.0
23127,268.0
23128,268.0
23129,268.0
23130,268.0
23131,268.0
23132,268.0
23133,268.0
23134,268.0
23135,268.0
23136,268.0
23137,268.0
23138,268.0
23139,268.0
23140,268.0
23141,268.0
23142,268.0
23143,268.0
23144,268.0
23145,268.0
23146,268.0
23147,268.0
23148,268.0
23149,268.0
23150,268.0
23151,268.0
23152,268.0
23153,268.0
23154,268.0
23155,268.0
23156,268.0
23157,268.0
23158,268.0
23159,268.0
23160,268.0
23161,268.0
23162,268.0
23163,268.0
23164,268.0
23165,268.0
23166,268.0
23167,268.0
23168,268.0
23169,268.0
23170,268.0
23171,268.0
23172,268.0
23173,268.0
23174,268.0
23175,268.0
23176,268.0
23177,268.0
23178,268.0
23179,268.0
23180,268.0
23181,268.0
23182,268.0
23183,268.0
23184,268.0
23185,268.0
23186,268.0
23187,268.0
23188,268.0
23189,268.0
23190,268.0
23191,268.0
23192,268.0
23193,268.0
23194,268.0
23195,268.0
23196,268.0
23197,268.0
23198,268.0
23199,268.0
23200,268.0
23201,268.0
23202,268.0
23203,268.0
23204,268.0
23205,268.0
23206,268.0
23207,268.0
23208,268.0
23209,268.0
23210,268.0
23211,268.0
23212,268.0
23213,268.0
23214,268.0
23215,268.0
23216,268.0
23217,268.0
23218,268.0
23219,268.0
23220,268.0
23221,500.0
23222,500.0
23223,500.0
23224,500.0
23225,500.0
23226,500.0
23227,500.0
23228,500.0
23229,500.0
23230,500.0
23231,500.0
23232,500.0
23233,500.0
23234,500.0
23235,500.0
23236,500.0
23237,500.0
23238,500.0
23239,500.0
23240,500.0
23241,500.0
23242,500.0
23243,500.0
23244,500.0
23245,500.0
23246,500.0
23247,500.0
23248,500.0
23249,500.0
23250,500.0
23251,500.0
23252,500.0
23253,500.0
23254,500.0
23255,500.0
23256,500.0
23257,500.0
23258,500.0
23259,500.0
23260,500.0
23261,500.0
23262,500.0
23263,500.0
23264,500.0
23265,500.0
23266,500.0
23267,500.0
23268,500.0
23269,500.0
23270,500.0
23271,500.0
23272,500.0
23273,500.0
23274,500.0
23275,500.0
23276,500.0
23277,500.0
23278,500.0
23279,500.0
23280,500.0
23281,500.0
23282,500.0
23283,500.0
23284,500.0
23285,500.0
23286,500.0
23287,500.0
23288,500.0
23289,500.0
23290,500.0
23291,500.0
23292,500.0
23293,500.0
23294,500.0
23295,500.0
23296,500.0
23297,500.0
23298,500.0
23299,500.0
23300,500.0
23301,500.0
23302,500.0
23303,500.0
23304,500.0
23305,500.0
23306,500.0
23307,500.0
23308,500.0
23309,500.0
23310,500.0
23311,500.0
23312,500.0
23313,500.0
23314,500.0
23315,500.0
23316,500.0
23317,500.0
23318,500.0
23319,500.0
23320,500.0
23321,500.0
23322,500.0
23323,500.0
23324,500.0
23325,500.0
23326,500.0
23327,500.0
23328,500.0
23329,500.0
23330,500.0
23331,500.0
23332,500.0
23333,500.0
23334,500.0
23335,500.0
23336,500.0
23337,500.0
23338,500.0
23339,500.0
23340,500.0
23341,500.0
23342,500.0
23343,500.0
23344,500.0
23345,500.0
23346,500.0
23347,500.0
23348,500.0
23349,500.0
23350,500.0
23351,500.0
23352,500.0
23353,500.0
23354,500.0
23355,500.0
23356,500.0
23357,500.0
23358,500.0
23359,500.0
23360,500.0
23361,500.0
23362,500.0
23363,500.0
23364,500.0
23365,500.0
23366,500.0
23367,500.0
23368,500.0
23369,500.0
23370,500.0
23371,500.0
23372,500.0
23373,500.0
23374,500.0
23375,500.0
23376,500.0
23377,500.0
23378,500.0
23379,500.0
23380,500.0
23381,500.0
23382,500.0
23383,500.0
23384,500.0
23385,500.0
23386,500.0
23387,500.0
23388,500.0
23389,500.0
23390,500.0
23391,500.0
23392,500.0
23393,500.0
23394,500.0
23395,500.0
23396,500.0
23397,500.0
23398,500.0
23399,500.0
23400,500.0
23401,500.0
23402,500.0
23403,500.0
23404,500.0
23405,500.0
23406,500.0
23407,500.0
23408,500.0
23409,500.0
23410,500.0
23411,500.0
23412,500.0
23413,500.0
23414,500.0
23415,500.0
23416,500.0
23417,500.0
23418,500.0
23419,500.0
23420,500.0
23421,500.0
23422,500.0
23423,500.0
23424,500.0
23425,500.0
23426,500.0
23427,500.0
23428,500.0
23429,500.0
23430,500.0
23431,500.0
23432,500.0
23433,500.0
23434,500.0
23435,500.0
23436,500.0
23437,500.0
23438,500.0
23439,500.0
23440,500.0
23441,500.0
23442,500.0
23443,500.0
23444,500.0
23445,500.0
23446,500.0
23447,500.0
23448,500.0
23449,500.0
23450,500.0
23451,500.0
23452,500.0
23453,500.0
23454,500.0
23455,500.0
23456,500.0
23457,500.0
23458,500.0
23459,500.0
23460,500.0
23461,500.0
23462,500.0
23463,500.0
23464,500.0
23465,500.0
23466,500.0
23467,500.0
23468,500.0
23469,500.0
23470,500.0
23471,500.0
23472,500.0
23473,500.0
23474,500.0
23475,500.0
23476,500.0
23477,500.0
23478,500.0
23479,500.0
23480,500.0
23481,500.0
23482,500.0
23483,500.0
23484,500.0
23485,500.0
23486,500.0
23487,500.0
23488,500.0
23489,500.0
23490,500.0
23491,500.0
23492,500.0
23493,500.0
23494,500.0
23495,500.0
23496,500.0
23497,500.0
23498,500.0
23499,500.0
23500,500.0
23501,500.0
23502,500.0
23503,500.0
23504,500.0
23505,500.0
23506,500.0
23507,500.0
23508,500.0
23509,500.0
23510,500.0
23511,500.0
23512,500.0
23513,500.0
23514,500.0
23515,500.0
23516,500.0
23517,500.0
23518,500.0
23519,500.0
23520,500.0
23521,500.0
23522,500.0
23523,500.0
23524,500.0
23525,500.0
23526,500.0
23527,500.0
23528,500.0
23529,500.0
23530,500.0
23531,500.0
23532,500.0
23533,500.0
23534,500.0
23535,500.0
23536,500.0
23537,500.0
23538,500.0
23539,500.0
23540,500.0
23541,500.0
23542,500.0
23543,500.0
23544,500.0
23545,500.0
23546,500.0
23547,500.0
23548,500.0
23549,500.0
23550,500.0
23551,500.0
23552,500.0
23553,500.0
23554,500.0
23555,500.0
23556,500.0
23557,500.0
23558,500.0
23559,500.0
23560,500.0
23561,500.0
23562,500.0
23563,500.0
23564,500.0
23565,500.0
23566,500.0
23567,500.0
23568,500.0
23569,500.0
23570,500.0
23571,500.0
23572,500.0
23573,500.0
23574,500.0
23575,500.0
23576,500.0
23577,500.0
23578,500.0
23579,500.0
23580,500.0
23581,500.0
23582,500.0
23583,500.0
23584,500.0
23585,500.0
23586,500.0
23587,500.0
23588,500.0
23589,500.0
23590,500.0
23591,500.0
23592,500.0
23593,500.0
23594,500.0
23595,500.0
23596,500.0
23597,500.0
23598,500.0
23599,500.0
23600,500.0
23601,500.0
23602,500.0
23603,500.0
23604,500.0
23605,500.0
23606,500.0
23607,500.0
23608,500.0
23609,500.0
23610,500.0
23611,500.0
23612,500.0
23613,500.0
23614,500.0
23615,500.0
23616,500.0
23617,500.0
23618,500.0
23619,500.0
23620,500.0
23621,500.0
23622,500.0
23623,500.0
23624,500.0
23625,500.0
23626,500.0
23627,500.0
23628,500.0
23629,500.0
23630,500.0
23631,500.0
23632,500.0
23633,500.0
23634,500.0
23635,500.0
23636,500.0
23637,500.0
23638,500.0
23639,500.0
23640,500.0
23641,500.0
23642,500.0
23643,500.0
23644,500.0
23645,500.0
23646,500.0
23647,500.0
23648,500.0
23649,500.0
23650,500.0
23651,500.0
23652,500.0
23653,500.0
23654,500.0
23655,500.0
23656,500.0
23657,500.0
23658,500.0
23659,500.0
23660,500.0
23661,500.0
23662,500.0
23663,500.0
23664,500.0
23665,500.0
23666,500.0
23667,500.0
23668,500.0
23669,500.0
23670,500.0
23671,500.0
23672,500.0
23673,500.0
23674,500.0
23675,500.0
23676,500.0
23677,500.0
23678,500.0
23679,458.0
23680,458.0
23681,458.0
23682,458.0
23683,458.0
23684,458.0
23685,458.0
23686,458.0
23687,458.0
23688,458.0
23689,458.0
23690,458.0
23691,458.0
23692,458.0
23693,458.0
23694,458.0
23695,458.0
23696,458.0
23697,458.0
23698,458.0
23699,458.0
23700,458.0
23701,458.0
23702,458.0
23703,458.0
23704,458.0
23705,458.0
23706,458.0
23707,458.0
23708,458.0
23709,458.0
23710,458.0
23711,458.0
23712,458.0
23713,458.0
23714,458.0
23715,458.0
23716,458.0
23717,458.0
23718,458.0
23719,458.0
23720,458.0
23721,458.0
23722,458.0
23723,458.0
23724,458.0
23725,458.0
23726,458.0
23727,458.0
23728,458.0
23729,458.0
23730,458.0
23731,458.0
23732,458.0
23733,458.0
23734,458.0
23735,458.0
23736,458.0
23737,458.0
23738,458.0
23739,458.0
23740,458.0
23741,458.0
23742,458.0
23743,458.0
23744,458.0
23745,458.0
23746,458.0
23747,458.0
23748,458.0
23749,458.0
23750,458.0
23751,458.0
23752,458.0
23753,458.0
23754,458.0
23755,458.0
23756,458.0
23757,458.0
23758,458.0
23759,458.0
23760,458.0
23761,458.0
23762,458.0
23763,458.0
23764,458.0
23765,458.0
23766,458.0
23767,458.0
23768,458.0
23769,458.0
23770,458.0
23771,458.0
23772,458.0
23773,458.0
23774,458.0
23775,458.0
23776,458.0
23777,458.0
23778,458.0
23779,458.0
23780,458.0
23781,458.0
23782,458.0
23783,458.0
23784,458.0
23785,458.0
23786,458.0
23787,458.0
23788,458.0
23789,458.0
23790,458.0
23791,458.0
23792,458.0
23793,458.0
23794,458.0
23795,458.0
23796,458.0
23797,458.0
23798,458.0
23799,458.0
23800,458.0
23801,458.0
23802,458.0
23803,458.0
23804,458.0
23805,458.0
23806,458.0
23807,458.0
23808,458.0
23809,458.0
23810,458.0
23811,458.0
23812,458.0
23813,458.0
23814,458.0
23815,458.0
23816,458.0
23817,458.0
23818,458.0
23819,458.0
23820,458.0
23821,458.0
23822,458.0
23823,458.0
23824,458.0
23825,458.0
23826,458.0
23827,458.0
23828,458.0
23829,458.0
23830,458.0
23831,458.0
23832,458.0
23833,458.0
23834,458.0
23835,458.0
23836,458.0
23837,458.0
23838,458.0
23839,458.0
23840,458.0
23841,458.0
23842,458.0
23843,458.0
23844,458.0
23845,458.0
23846,458.0
23847,458.0
23848,458.0
23849,458.0
23850,458.0
23851,458.0
23852,458.0
23853,458.0
23854,458.0
23855,458.0
23856,458.0
23857,458.0
23858,458.0
23859,458.0
23860,458.0
23861,458.0
23862,458.0
23863,458.0
23864,458.0
23865,458.0
23866,458.0
23867,458.0
23868,458.0
23869,458.0
23870,458.0
23871,458.0
23872,458.0
23873,458.0
23874,458.0
23875,458.0
23876,458.0
23877,458.0
23878,458.0
23879,458.0
23880,458.0
23881,458.0
23882,458.0
23883,458.0
23884,458.0
23885,458.0
23886,458.0
23887,458.0
23888,458.0
23889,458.0
23890,458.0
23891,458.0
23892,458.0
23893,458.0
23894,458.0
23895,458.0
23896,458.0
23897,458.0
23898,458.0
23899,458.0
23900,458.0
23901,458.0
23902,458.0
23903,458.0
23904,458.0
23905,458.0
23906,458.0
23907,458.0
23908,458.0
23909,458.0
23910,458.0
23911,458.0
23912,458.0
23913,458.0
23914,458.0
23915,458.0
23916,458.0
23917,458.0
23918,458.0
23919,458.0
23920,458.0
23921,458.0
23922,458.0
23923,458.0
23924,458.0
23925,458.0
23926,458.0
23927,458.0
23928,458.0
23929,458.0
23930,458.0
23931,458.0
23932,458.0
23933,458.0
23934,458.0
23935,458.0
23936,458.0
23937,458.0
23938,458.0
23939,458.0
23940,458.0
23941,458.0
23942,458.0
23943,458.0
23944,458.0
23945,458.0
23946,458.0
23947,458.0
23948,458.0
23949,458.0
23950,458.0
23951,458.0
23952,458.0
23953,458.0
23954,458.0
23955,458.0
23956,458.0
23957,458.0
23958,458.0
23959,458.0
23960,458.0
23961,458.0
23962,458.0
23963,458.0
23964,458.0
23965,458.0
23966,458.0
23967,458.0
23968,458.0
23969,458.0
23970,458.0
23971,458.0
23972,458.0
23973,458.0
23974,458.0
23975,458.0
23976,458.0
23977,458.0
23978,458.0
23979,458.0
23980,458.0
23981,458.0
23982,458.0
23983,458.0
23984,458.0
23985,458.0
23986,458.0
23987,458.0
23988,458.0
23989,458.0
23990,458.0
23991,458.0
23992,458.0
23993,458.0
23994,458.0
23995,458.0
23996,458.0
23997,458.0
23998,458.0
23999,458.0
24000,458.0
24001,458.0
24002,458.0
24003,458.0
24004,458.0
24005,458.0
24006,458.0
24007,458.0
24008,458.0
24009,458.0
24010,458.0
24011,458.0
24012,458.0
24013,458.0
24014,458.0
24015,458.0
24016,458.0
24017,458.0
24018,458.0
24019,458.0
24020,458.0
24021,458.0
24022,458.0
24023,458.0
24024,458.0
24025,458.0
24026,458.0
24027,458.0
24028,458.0
24029,458.0
24030,458.0
24031,458.0
24032,458.0
24033,458.0
24034,458.0
24035,458.0
24036,458.0
24037,458.0
24038,458.0
24039,458.0
24040,458.0
24041,458.0
24042,458.0
24043,458.0
24044,458.0
24045,458.0
24046,458.0
24047,458.0
24048,458.0
24049,370.0
24050,370.0
24051,370.0
24052,370.0
24053,370.0
24054,370.0
24055,370.0
24056,370.0
24057,370.0
24058,370.0
24059,370.0
24060,370.0
24061,370.0
24062,370.0
24063,370.0
24064,370.0
24065,370.0
24066,370.0
24067,370.0
24068,370.0
24069,370.0
24070,370.0
24071,370.0
24072,370.0
24073,370.0
24074,370.0
24075,370.0
24076,370.0
24077,370.0
24078,370.0
24079,370.0
24080,370.0
24081,370.0
24082,370.0
24083,370.0
24084,370.0
24085,370.0
24086,370.0
24087,370.0
24088,370.0
24089,370.0
24090,370.0
24091,370.0
24092,370.0
24093,370.0
24094,370.0
24095,370.0
24096,370.0
24097,370.0
24098,370.0
24099,370.0
24100,370.0
24101,370.0
24102,370.0
24103,370.0
24104,370.0
24105,370.0
24106,370.0
24107,370.0
24108,370.0
24109,370.0
24110,370.0
24111,370.0
24112,370.0
24113,370.0
24114,370.0
24115,370.0
24116,370.0
24117,370.0
24118,370.0
24119,370.0
24120,370.0
24121,370.0
24122,370.0
24123,370.0
24124,370.0
24125,370.0
24126,370.0
24127,370.0
24128,370.0
24129,370.0
24130,370.0
24131,370.0
24132,370.0
24133,370.0
24134,370.0
24135,370.0
24136,370.0
24137,370.0
24138,370.0
24139,370.0
24140,370.0
24141,370.0
24142,370.0
24143,370.0
24144,370.0
24145,370.0
24146,370.0
24147,370.0
24148,370.0
24149,370.0
24150,370.0
24151,370.0
24152,370.0
24153,370.0
24154,370.0
24155,370.0
24156,370.0
24157,370.0
24158,370.0
24159,370.0
24160,370.0
24161,370.0
24162,370.0
24163,370.0
24164,370.0
24165,370.0
24166,370.0
24167,370.0
24168,370.0
24169,370.0
24170,370.0
24171,370.0
24172,370.0
24173,370.0
24174,370.0
24175,370.0
24176,370.0
24177,370.0
24178,370.0
24179,370.0
24180,370.0
24181,370.0
24182,370.0
24183,370.0
24184,370.0
24185,370.0
24186,370.0
24187,370.0
24188,370.0
24189,370.0
24190,370.0
24191,370.0
24192,370.0
24193,370.0
24194,370.0
24195,370.0
24196,370.0
24197,370.0
24198,370.0
24199,370.0
24200,370.0
24201,370.0
24202,370.0
24203,370.0
24204,370.0
24205,370.0
24206,370.0
24207,370.0
24208,370.0
24209,370.0
24210,370.0
24211,370.0
24212,370.0
24213,370.0
24214,370.0
24215,370.0
24216,370.0
24217,370.0
24218,370.0
24219,370.0
24220,370.0
24221,370.0
24222,370.0
24223,370.0
24224,370.0
24225,370.0
24226,370.0
24227,370.0
24228,370.0
24229,370.0
24230,370.0
24231,370.0
24232,370.0
24233,370.0
24234,370.0
24235,370.0
24236,370.0
24237,370.0
24238,370.0
24239,370.0
24240,370.0
24241,370.0
24242,370.0
24243,370.0
24244,370.0
24245,370.0
24246,370.0
24247,370.0
24248,370.0
24249,370.0
24250,370.0
24251,370.0
24252,370.0
24253,370.0
24254,370.0
24255,370.0
24256,370.0
24257,370.0
24258,370.0
24259,370.0
24260,370.0
24261,370.0
24262,370.0
24263,370.0
24264,370.0
24265,370.0
24266,370.0
24267,370.0
24268,370.0
24269,370.0
24270,370.0
24271,370.0
24272,370.0
24273,370.0
24274,370.0
24275,370.0
24276,370.0
24277,370.0
24278,370.0
24279,370.0
24280,370.0
24281,370.0
24282,370.0
24283,370.0
24284,370.0
24285,370.0
24286,370.0
24287,370.0
24288,370.0
24289,370.0
24290,370.0
24291,370.0
24292,370.0
24293,370.0
24294,370.0
24295,370.0
24296,370.0
24297,370.0
24298,370.0
24299,370.0
24300,370.0
24301,370.0
24302,370.0
24303,370.0
24304,370.0
24305,370.0
24306,370.0
24307,370.0
24308,370.0
24309,370.0
24310,370.0
24311,370.0
24312,370.0
24313,370.0
24314,370.0
24315,370.0
24316,370.0
24317,370.0
24318,370.0
24319,370.0
24320,370.0
24321,370.0
24322,370.0
24323,370.0
24324,370.0
24325,370.0
24326,370.0
24327,370.0
24328,370.0
24329,370.0
24330,370.0
24331,370.0
24332,370.0
24333,370.0
24334,370.0
24335,370.0
24336,370.0
24337,370.0
24338,370.0
24339,370.0
24340,370.0
24341,370.0
24342,370.0
24343,370.0
24344,370.0
24345,370.0
24346,370.0
24347,370.0
24348,370.0
24349,370.0
24350,370.0
24351,370.0
24352,370.0
24353,370.0
24354,370.0
24355,370.0
24356,370.0
24357,370.0
24358,370.0
24359,370.0
24360,370.0
24361,370.0
24362,370.0
24363,370.0
24364,370.0
24365,370.0
24366,370.0
24367,370.0
24368,370.0
24369,370.0
24370,370.0
24371,370.0
24372,370.0
24373,370.0
24374,370.0
24375,370.0
24376,370.0
24377,370.0
24378,370.0
24379,370.0
24380,370.0
24381,370.0
24382,370.0
24383,370.0
24384,370.0
24385,370.0
24386,370.0
24387,370.0
24388,370.0
24389,370.0
24390,370.0
24391,370.0
24392,370.0
24393,370.0
24394,370.0
24395,370.0
24396,370.0
24397,370.0
24398,370.0
24399,370.0
24400,370.0
24401,370.0
24402,370.0
24403,370.0
24404,370.0
24405,370.0
24406,370.0
24407,370.0
24408,370.0
24409,370.0
24410,370.0
24411,370.0
24412,370.0
24413,370.0
24414,370.0
24415,370.0
24416,370.0
24417,370.0
24418,370.0
24419,370.0
24420,370.0
24421,370.0
24422,370.0
24423,370.0
24424,370.0
24425,370.0
24426,370.0
24427,370.0
24428,370.0
24429,370.0
24430,370.0
24431,370.0
24432,370.0
24433,370.0
24434,370.0
24435,370.0
24436,370.0
24437,370.0
24438,370.0
24439,370.0
24440,370.0
24441,370.0
24442,370.0
24443,370.0
24444,370.0
24445,370.0
24446,370.0
24447,370.0
24448,370.0
24449,370.0
24450,370.0
24451,370.0
24452,370.0
24453,370.0
24454,370.0
24455,370.0
24456,370.0
24457,370.0
24458,370.0
24459,370.0
24460,370.0
24461,370.0
24462,370.0
24463,370.0
24464,370.0
24465,370.0
24466,417.0
24467,417.0
24468,417.0
24469,417.0
24470,417.0
24471,417.0
24472,417.0
24473,417.0
24474,417.0
24475,417.0
24476,417.0
24477,417.0
24478,417.0
24479,417.0
24480,417.0
24481,417.0
24482,417.0
24483,417.0
24484,417.0
24485,417.0
24486,417.0
24487,417.0
24488,417.0
24489,417.0
24490,417.0
24491,417.0
24492,417.0
24493,417.0
24494,417.0
24495,417.0
24496,417.0
24497,417.0
24498,417.0
24499,417.0
24500,417.0
24501,417.0
24502,417.0
24503,417.0
24504,417.0
24505,417.0
24506,417.0
24507,417.0
24508,417.0
24509,417.0
24510,417.0
24511,417.0
24512,417.0
24513,417.0
24514,417.0
24515,417.0
24516,417.0
24517,417.0
24518,417.0
24519,417.0
24520,417.0
24521,417.0
24522,417.0
24523,417.0
24524,417.0
24525,417.0
24526,417.0
24527,417.0
24528,417.0
24529,417.0
24530,417.0
24531,417.0
24532,417.0
24533,417.0
24534,417.0
24535,417.0
24536,417.0
24537,417.0
24538,417.0
24539,417.0
24540,417.0
24541,417.0
24542,417.0
24543,417.0
24544,417.0
24545,417.0
24546,417.0
24547,417.0
24548,417.0
24549,417.0
24550,417.0
24551,417.0
24552,417.0
24553,417.0
24554,417.0
24555,417.0
24556,417.0
24557,417.0
24558,417.0
24559,417.0
24560,417.0
24561,417.0
24562,417.0
24563,417.0
24564,417.0
24565,417.0
24566,417.0
24567,417.0
24568,417.0
24569,417.0
24570,417.0
24571,417.0
24572,417.0
24573,417.0
24574,417.0
24575,417.0
24576,417.0
24577,417.0
24578,417.0
24579,417.0
24580,417.0
24581,417.0
24582,417.0
24583,417.0
24584,417.0
24585,417.0
24586,417.0
24587,417.0
24588,417.0
24589,417.0
24590,417.0
24591,417.0
24592,417.0
24593,417.0
24594,417.0
24595,417.0
24596,417.0
24597,417.0
24598,417.0
24599,417.0
24600,417.0
24601,417.0
24602,417.0
24603,417.0
24604,417.0
24605,417.0
24606,417.0
24607,417.0
24608,417.0
24609,417.0
24610,417.0
24611,417.0
24612,417.0
24613,417.0
24614,417.0
24615,417.0
24616,417.0
24617,417.0
24618,417.0
24619,417.0
24620,417.0
24621,417.0
24622,417.0
24623,417.0
24624,417.0
24625,417.0
24626,417.0
24627,417.0
24628,417.0
24629,417.0
24630,417.0
24631,417.0
24632,417.0
24633,417.0
24634,417.0
24635,417.0
24636,417.0
24637,417.0
24638,417.0
24639,417.0
24640,417.0
24641,417.0
24642,417.0
24643,417.0
24644,417.0
24645,417.0
24646,417.0
24647,417.0
24648,417.0
24649,417.0
24650,417.0
24651,417.0
24652,417.0
24653,417.0
24654,417.0
24655,417.0
24656,417.0
24657,417.0
24658,417.0
24659,417.0
24660,417.0
24661,417.0
24662,417.0
24663,417.0
24664,417.0
24665,417.0
24666,417.0
24667,417.0
24668,417.0
24669,417.0
24670,417.0
24671,417.0
24672,417.0
24673,417.0
24674,417.0
24675,417.0
24676,417.0
24677,417.0
24678,417.0
24679,417.0
24680,417.0
24681,417.0
24682,417.0
24683,417.0
24684,417.0
24685,417.0
24686,417.0
24687,417.0
24688,417.0
24689,417.0
24690,417.0
24691,417.0
24692,417.0
24693,417.0
24694,417.0
24695,417.0
24696,417.0
24697,417.0
24698,417.0
24699,417.0
24700,417.0
24701,417.0
24702,417.0
24703,417.0
24704,417.0
24705,417.0
24706,417.0
24707,417.0
24708,417.0
24709,417.0
24710,417.0
24711,417.0
24712,417.0
24713,417.0
24714,417.0
24715,417.0
24716,417.0
24717,417.0
24718,417.0
24719,417.0
24720,417.0
24721,417.0
24722,417.0
24723,417.0
24724,417.0
24725,417.0
24726,417.0
24727,417.0
24728,417.0
24729,417.0
24730,417.0
24731,417.0
24732,417.0
24733,417.0
24734,417.0
24735,417.0
24736,417.0
24737,417.0
24738,417.0
24739,417.0
24740,417.0
24741,417.0
24742,417.0
24743,417.0
24744,417.0
24745,417.0
24746,417.0
24747,417.0
24748,417.0
24749,417.0
24750,417.0
24751,417.0
24752,417.0
24753,417.0
24754,417.0
24755,417.0
24756,417.0
24757,417.0
24758,417.0
24759,417.0
24760,417.0
24761,417.0
24762,417.0
24763,417.0
24764,417.0
24765,417.0
24766,417.0
24767,417.0
24768,417.0
24769,417.0
24770,417.0
24771,417.0
24772,417.0
24773,417.0
24774,417.0
24775,417.0
24776,417.0
24777,417.0
24778,417.0
24779,417.0
24780,417.0
24781,417.0
24782,417.0
24783,417.0
24784,417.0
24785,417.0
24786,417.0
24787,417.0
24788,417.0
24789,417.0
24790,417.0
24791,417.0
24792,417.0
24793,417.0
24794,417.0
24795,417.0
24796,417.0
24797,417.0
24798,417.0
24799,417.0
24800,417.0
24801,417.0
24802,417.0
24803,417.0
24804,417.0
24805,417.0
24806,417.0
24807,417.0
24808,417.0
24809,417.0
24810,417.0
24811,417.0
24812,417.0
24813,417.0
24814,417.0
24815,417.0
24816,417.0
24817,417.0
24818,417.0
24819,417.0
24820,417.0
24821,417.0
24822,417.0
24823,417.0
24824,417.0
24825,417.0
24826,417.0
24827,417.0
24828,417.0
24829,417.0
24830,417.0
24831,417.0
24832,417.0
24833,417.0
24834,417.0
24835,417.0
24836,417.0
24837,417.0
24838,417.0
24839,417.0
24840,417.0
24841,417.0
24842,417.0
24843,417.0
24844,417.0
24845,417.0
24846,417.0
24847,417.0
24848,417.0
24849,417.0
24850,417.0
24851,417.0
24852,417.0
24853,417.0
24854,417.0
24855,417.0
24856,417.0
24857,417.0
24858,417.0
24859,417.0
24860,417.0
24861,417.0
24862,417.0
24863,417.0
24864,417.0
24865,417.0
24866,417.0
24867,417.0
24868,417.0
24869,417.0
24870,417.0
24871,417.0
24872,417.0
24873,417.0
24874,417.0
24875,417.0
24876,417.0
24877,417.0
24878,417.0
24879,417.0
24880,417.0
24881,417.0
24882,417.0
24883,417.0
24884,417.0
24885,417.0
24886,417.0
24887,417.0
24888,417.0
24889,417.0
24890,417.0
24891,417.0
24892,417.0
24893,417.0
24894,417.0
24895,417.0
24896,417.0
24897,417.0
24898,417.0
24899,417.0
24900,417.0
24901,417.0
24902,417.0
24903,417.0
24904,417.0
24905,417.0
24906,417.0
24907,417.0
24908,417.0
24909,417.0
24910,417.0
24911,417.0
24912,417.0
24913,417.0
24914,417.0
24915,417.0
24916,417.0
24917,417.0
24918,417.0
24919,417.0
24920,417.0
24921,417.0
24922,417.0
24923,417.0
24924,417.0
24925,417.0
24926,417.0
24927,417.0
24928,417.0
24929,417.0
24930,417.0
24931,417.0
24932,417.0
24933,417.0
24934,417.0
24935,417.0
24936,417.0
24937,417.0
24938,417.0
24939,417.0
24940,417.0
24941,417.0
24942,417.0
24943,417.0
24944,417.0
24945,417.0
24946,417.0
24947,417.0
24948,417.0
24949,417.0
24950,417.0
24951,417.0
24952,417.0
24953,417.0
24954,417.0
24955,417.0
24956,417.0
24957,417.0
24958,417.0
24959,417.0
24960,417.0
24961,417.0
24962,417.0
24963,417.0
24964,417.0
24965,417.0
24966,500.0
24967,500.0
24968,500.0
24969,500.0
24970,500.0
24971,500.0
24972,500.0
24973,500.0
24974,500.0
24975,500.0
24976,500.0
24977,500.0
24978,500.0
24979,500.0
24980,500.0
24981,500.0
24982,500.0
24983,500.0
24984,500.0
24985,500.0
24986,500.0
24987,500.0
24988,500.0
24989,500.0
24990,500.0
24991,500.0
24992,500.0
24993,500.0
24994,500.0
24995,500.0
24996,500.0
24997,500.0
24998,500.0
24999,500.0
25000,500.0
25001,500.0
25002,500.0
25003,500.0
25004,500.0
25005,500.0
25006,500.0
25007,500.0
25008,500.0
25009,500.0
25010,500.0
25011,500.0
25012,500.0
25013,500.0
25014,500.0
25015,500.0
25016,500.0
25017,500.0
25018,500.0
25019,500.0
25020,500.0
25021,500.0
25022,500.0
25023,500.0
25024,500.0
25025,500.0
25026,500.0
25027,500.0
25028,500.0
25029,500.0
25030,500.0
25031,500.0
25032,500.0
25033,500.0
25034,500.0
25035,500.0
25036,500.0
25037,500.0
25038,500.0
25039,500.0
25040,500.0
25041,500.0
25042,500.0
25043,500.0
25044,500.0
25045,500.0
25046,500.0
25047,500.0
25048,500.0
25049,500.0
25050,500.0
25051,500.0
25052,500.0
25053,500.0
25054,500.0
25055,500.0
25056,500.0
25057,500.0
25058,500.0
25059,500.0
25060,500.0
25061,500.0
25062,500.0
25063,500.0
25064,500.0
25065,500.0
25066,500.0
25067,500.0
25068,500.0
25069,500.0
25070,500.0
25071,500.0
25072,500.0
25073,500.0
25074,500.0
25075,500.0
25076,500.0
25077,500.0
25078,500.0
25079,500.0
25080,500.0
25081,500.0
25082,500.0
25083,500.0
25084,500.0
25085,500.0
25086,500.0
25087,500.0
25088,500.0
25089,500.0
25090,500.0
25091,500.0
25092,500.0
25093,500.0
25094,500.0
25095,500.0
25096,500.0
25097,500.0
25098,500.0
25099,500.0
25100,500.0
25101,500.0
25102,500.0
25103,500.0
25104,500.0
25105,500.0
25106,500.0
25107,500.0
25108,500.0
25109,500.0
25110,500.0
25111,500.0
25112,500.0
25113,500.0
25114,500.0
25115,500.0
25116,500.0
25117,500.0
25118,500.0
25119,500.0
25120,500.0
25121,500.0
25122,500.0
25123,500.0
25124,500.0
25125,500.0
25126,500.0
25127,500.0
25128,500.0
25129,500.0
25130,500.0
25131,500.0
25132,500.0
25133,500.0
25134,500.0
25135,500.0
25136,500.0
25137,500.0
25138,500.0
25139,500.0
25140,500.0
25141,500.0
25142,500.0
25143,500.0
25144,500.0
25145,500.0
25146,500.0
25147,500.0
25148,500.0
25149,500.0
25150,500.0
25151,500.0
25152,500.0
25153,500.0
25154,500.0
25155,500.0
25156,500.0
25157,500.0
25158,500.0
25159,500.0
25160,500.0
25161,500.0
25162,500.0
25163,500.0
25164,500.0
25165,500.0
25166,500.0
25167,500.0
25168,500.0
25169,500.0
25170,500.0
25171,500.0
25172,500.0
25173,500.0
25174,500.0
25175,500.0
25176,500.0
25177,500.0
25178,500.0
25179,500.0
25180,500.0
25181,500.0
25182,500.0
25183,500.0
25184,500.0
25185,500.0
25186,500.0
25187,500.0
25188,500.0
25189,500.0
25190,500.0
25191,500.0
25192,500.0
25193,500.0
25194,500.0
25195,500.0
25196,500.0
25197,500.0
25198,500.0
25199,500.0
25200,500.0
25201,500.0
25202,500.0
25203,500.0
25204,500.0
25205,500.0
25206,500.0
25207,500.0
25208,500.0
25209,500.0
25210,500.0
25211,500.0
25212,500.0
25213,500.0
25214,500.0
25215,500.0
25216,500.0
25217,500.0
25218,500.0
25219,500.0
25220,500.0
25221,500.0
25222,500.0
25223,500.0
25224,500.0
25225,500.0
25226,500.0
25227,500.0
25228,500.0
25229,500.0
25230,500.0
25231,500.0
25232,500.0
25233,500.0
25234,500.0
25235,500.0
25236,500.0
25237,500.0
25238,500.0
25239,500.0
25240,500.0
25241,500.0
25242,500.0
25243,500.0
25244,500.0
25245,500.0
25246,500.0
25247,500.0
25248,500.0
25249,500.0
25250,500.0
25251,500.0
25252,500.0
25253,500.0
25254,500.0
25255,500.0
25256,500.0
25257,500.0
25258,500.0
25259,500.0
25260,500.0
25261,500.0
25262,500.0
25263,500.0
25264,500.0
25265,500.0
25266,500.0
25267,500.0
25268,500.0
25269,500.0
25270,500.0
25271,500.0
25272,500.0
25273,500.0
25274,500.0
25275,500.0
25276,500.0
25277,500.0
25278,500.0
25279,500.0
25280,500.0
25281,500.0
25282,500.0
25283,500.0
25284,500.0
25285,500.0
25286,500.0
25287,500.0
25288,500.0
25289,500.0
25290,500.0
25291,500.0
25292,500.0
25293,500.0
25294,500.0
25295,500.0
25296,500.0
25297,500.0
25298,500.0
25299,500.0
25300,500.0
25301,500.0
25302,500.0
25303,500.0
25304,500.0
25305,500.0
25306,500.0
25307,500.0
25308,500.0
25309,500.0
25310,500.0
25311,500.0
25312,500.0
25313,347.0
25314,347.0
25315,347.0
25316,347.0
25317,347.0
25318,347.0
25319,347.0
25320,347.0
25321,347.0
25322,347.0
25323,347.0
25324,347.0
25325,347.0
25326,347.0
25327,347.0
25328,347.0
25329,347.0
25330,347.0
25331,347.0
25332,347.0
25333,347.0
25334,347.0
25335,347.0
25336,347.0
25337,347.0
25338,347.0
25339,347.0
25340,347.0
25341,347.0
25342,347.0
25343,347.0
25344,347.0
25345,347.0
25346,347.0
25347,347.0
25348,347.0
25349,347.0
25350,347.0
25351,347.0
25352,347.0
25353,347.0
25354,347.0
25355,347.0
25356,347.0
25357,347.0
25358,347.0
25359,347.0
25360,347.0
25361,347.0
25362,347.0
25363,347.0
25364,347.0
25365,347.0
25366,347.0
25367,347.0
25368,347.0
25369,347.0
25370,347.0
25371,347.0
25372,347.0
25373,347.0
25374,347.0
25375,347.0
25376,347.0
25377,347.0
25378,347.0
25379,347.0
25380,347.0
25381,347.0
25382,347.0
25383,347.0
25384,347.0
25385,347.0
25386,347.0
25387,347.0
25388,347.0
25389,347.0
25390,347.0
25391,347.0
25392,347.0
25393,347.0
25394,347.0
25395,347.0
25396,347.0
25397,347.0
25398,347.0
25399,347.0
25400,347.0
25401,347.0
25402,347.0
25403,347.0
25404,347.0
25405,347.0
25406,347.0
25407,347.0
25408,347.0
25409,347.0
25410,347.0
25411,347.0
25412,347.0
25413,347.0
25414,347.0
25415,347.0
25416,347.0
25417,347.0
25418,347.0
25419,347.0
25420,347.0
25421,347.0
25422,347.0
25423,347.0
25424,347.0
25425,347.0
25426,347.0
25427,347.0
25428,347.0
25429,347.0
25430,347.0
25431,347.0
25432,347.0
25433,347.0
25434,347.0
25435,347.0
25436,347.0
25437,347.0
25438,347.0
25439,347.0
25440,347.0
25441,347.0
25442,347.0
25443,347.0
25444,347.0
25445,347.0
25446,347.0
25447,347.0
25448,347.0
25449,347.0
25450,347.0
25451,347.0
25452,347.0
25453,347.0
25454,347.0
25455,347.0
25456,347.0
25457,347.0
25458,347.0
25459,347.0
25460,347.0
25461,347.0
25462,347.0
25463,347.0
25464,347.0
25465,347.0
25466,347.0
25467,347.0
25468,347.0
25469,347.0
25470,347.0
25471,347.0
25472,347.0
25473,347.0
25474,347.0
25475,347.0
25476,347.0
25477,347.0
25478,347.0
25479,347.0
25480,347.0
25481,347.0
25482,347.0
25483,347.0
25484,347.0
25485,347.0
25486,347.0
25487,347.0
25488,347.0
25489,347.0
25490,347.0
25491,347.0
25492,347.0
25493,347.0
25494,347.0
25495,347.0
25496,347.0
25497,347.0
25498,347.0
25499,347.0
25500,347.0
25501,347.0
25502,347.0
25503,347.0
25504,347.0
25505,347.0
25506,347.0
25507,347.0
25508,347.0
25509,347.0
25510,347.0
25511,347.0
25512,347.0
25513,347.0
25514,347.0
25515,347.0
25516,347.0
25517,347.0
25518,347.0
25519,347.0
25520,347.0
25521,347.0
25522,347.0
25523,347.0
25524,347.0
25525,347.0
25526,347.0
25527,347.0
25528,347.0
25529,347.0
25530,347.0
25531,347.0
25532,347.0
25533,347.0
25534,347.0
25535,347.0
25536,347.0
25537,347.0
25538,347.0
25539,347.0
25540,347.0
25541,347.0
25542,347.0
25543,347.0
25544,347.0
25545,347.0
25546,347.0
25547,347.0
25548,347.0
25549,347.0
25550,347.0
25551,347.0
25552,347.0
25553,347.0
25554,347.0
25555,347.0
25556,347.0
25557,347.0
25558,347.0
25559,347.0
25560,347.0
25561,347.0
25562,347.0
25563,347.0
25564,347.0
25565,347.0
25566,347.0
25567,347.0
25568,347.0
25569,347.0
25570,347.0
25571,347.0
25572,347.0
25573,347.0
25574,347.0
25575,347.0
25576,347.0
25577,347.0
25578,347.0
25579,347.0
25580,347.0
25581,347.0
25582,347.0
25583,347.0
25584,347.0
25585,347.0
25586,347.0
25587,347.0
25588,347.0
25589,347.0
25590,347.0
25591,347.0
25592,347.0
25593,347.0
25594,347.0
25595,347.0
25596,347.0
25597,347.0
25598,347.0
25599,347.0
25600,347.0
25601,347.0
25602,347.0
25603,347.0
25604,347.0
25605,347.0
25606,347.0
25607,347.0
25608,347.0
25609,347.0
25610,347.0
25611,347.0
25612,347.0
25613,347.0
25614,347.0
25615,347.0
25616,347.0
25617,347.0
25618,347.0
25619,347.0
25620,347.0
25621,347.0
25622,347.0
25623,347.0
25624,347.0
25625,347.0
25626,347.0
25627,347.0
25628,347.0
25629,347.0
25630,347.0
25631,347.0
25632,347.0
25633,347.0
25634,347.0
25635,347.0
25636,347.0
25637,347.0
25638,347.0
25639,347.0
25640,347.0
25641,347.0
25642,347.0
25643,347.0
25644,347.0
25645,347.0
25646,347.0
25647,347.0
25648,347.0
25649,347.0
25650,347.0
25651,347.0
25652,347.0
25653,347.0
25654,347.0
25655,347.0
25656,347.0
25657,347.0
25658,347.0
25659,347.0
25660,347.0
25661,347.0
25662,347.0
25663,347.0
25664,347.0
25665,347.0
25666,347.0
25667,347.0
25668,347.0
25669,347.0
25670,347.0
25671,347.0
25672,347.0
25673,347.0
25674,347.0
25675,347.0
25676,347.0
25677,347.0
25678,347.0
25679,347.0
25680,347.0
25681,347.0
25682,347.0
25683,347.0
25684,347.0
25685,347.0
25686,347.0
25687,347.0
25688,347.0
25689,347.0
25690,347.0
25691,347.0
25692,347.0
25693,347.0
25694,347.0
25695,347.0
25696,347.0
25697,347.0
25698,347.0
25699,347.0
25700,347.0
25701,347.0
25702,347.0
25703,347.0
25704,347.0
25705,347.0
25706,347.0
25707,347.0
25708,347.0
25709,347.0
25710,347.0
25711,347.0
25712,347.0
25713,347.0
25714,347.0
25715,347.0
25716,347.0
25717,347.0
25718,347.0
25719,347.0
25720,347.0
25721,347.0
25722,347.0
25723,347.0
25724,347.0
25725,347.0
25726,347.0
25727,347.0
25728,347.0
25729,347.0
25730,347.0
25731,347.0
25732,347.0
25733,347.0
25734,347.0
25735,347.0
25736,347.0
25737,347.0
25738,347.0
25739,347.0
25740,347.0
25741,347.0
25742,347.0
25743,347.0
25744,347.0
25745,347.0
25746,347.0
25747,347.0
25748,347.0
25749,347.0
25750,347.0
25751,347.0
25752,347.0
25753,347.0
25754,347.0
25755,347.0
25756,347.0
25757,347.0
25758,347.0
25759,347.0
25760,347.0
25761,347.0
25762,347.0
25763,347.0
25764,347.0
25765,347.0
25766,347.0
25767,347.0
25768,347.0
25769,347.0
25770,347.0
25771,347.0
25772,347.0
25773,347.0
25774,347.0
25775,347.0
25776,347.0
25777,347.0
25778,347.0
25779,347.0
25780,347.0
25781,347.0
25782,347.0
25783,347.0
25784,347.0
25785,347.0
25786,347.0
25787,347.0
25788,347.0
25789,347.0
25790,347.0
25791,347.0
25792,347.0
25793,347.0
25794,347.0
25795,347.0
25796,347.0
25797,347.0
25798,347.0
25799,347.0
25800,347.0
25801,347.0
25802,347.0
25803,347.0
25804,347.0
25805,347.0
25806,347.0
25807,347.0
25808,347.0
25809,347.0
25810,347.0
25811,347.0
25812,347.0
25813,500.0
25814,500.0
25815,500.0
25816,500.0
25817,500.0
25818,500.0
25819,500.0
25820,500.0
25821,500.0
25822,500.0
25823,500.0
25824,500.0
25825,500.0
25826,500.0
25827,500.0
25828,500.0
25829,500.0
25830,500.0
25831,500.0
25832,500.0
25833,500.0
25834,500.0
25835,500.0
25836,500.0
25837,500.0
25838,500.0
25839,500.0
25840,500.0
25841,500.0
25842,500.0
25843,500.0
25844,500.0
25845,500.0
25846,500.0
25847,500.0
25848,500.0
25849,500.0
25850,500.0
25851,500.0
25852,500.0
25853,500.0
25854,500.0
25855,500.0
25856,500.0
25857,500.0
25858,500.0
25859,500.0
25860,500.0
25861,500.0
25862,500.0
25863,500.0
25864,500.0
25865,500.0
25866,500.0
25867,500.0
25868,500.0
25869,500.0
25870,500.0
25871,500.0
25872,500.0
25873,500.0
25874,500.0
25875,500.0
25876,500.0
25877,500.0
25878,500.0
25879,500.0
25880,500.0
25881,500.0
25882,500.0
25883,500.0
25884,500.0
25885,500.0
25886,500.0
25887,500.0
25888,500.0
25889,500.0
25890,500.0
25891,500.0
25892,500.0
25893,500.0
25894,500.0
25895,500.0
25896,500.0
25897,500.0
25898,500.0
25899,500.0
25900,500.0
25901,500.0
25902,500.0
25903,500.0
25904,500.0
25905,500.0
25906,500.0
25907,500.0
25908,500.0
25909,500.0
25910,500.0
25911,500.0
25912,500.0
25913,500.0
25914,500.0
25915,500.0
25916,500.0
25917,500.0
25918,500.0
25919,500.0
25920,500.0
25921,500.0
25922,500.0
25923,500.0
25924,500.0
25925,500.0
25926,500.0
25927,500.0
25928,500.0
25929,500.0
25930,500.0
25931,500.0
25932,500.0
25933,500.0
25934,500.0
25935,500.0
25936,500.0
25937,500.0
25938,500.0
25939,500.0
25940,500.0
25941,500.0
25942,500.0
25943,500.0
25944,500.0
25945,500.0
25946,500.0
25947,500.0
25948,500.0
25949,500.0
25950,500.0
25951,500.0
25952,500.0
25953,500.0
25954,500.0
25955,500.0
25956,500.0
25957,500.0
25958,500.0
25959,500.0
25960,500.0
25961,500.0
25962,500.0
25963,500.0
25964,500.0
25965,500.0
25966,500.0
25967,500.0
25968,500.0
25969,500.0
25970,500.0
25971,500.0
25972,500.0
25973,500.0
25974,500.0
25975,500.0
25976,500.0
25977,500.0
25978,500.0
25979,500.0
25980,500.0
25981,500.0
25982,500.0
25983,500.0
25984,500.0
25985,500.0
25986,500.0
25987,500.0
25988,500.0
25989,500.0
25990,500.0
25991,500.0
25992,500.0
25993,500.0
25994,500.0
25995,500.0
25996,500.0
25997,500.0
25998,500.0
25999,500.0
26000,500.0
26001,500.0
26002,500.0
26003,500.0
26004,500.0
26005,500.0
26006,500.0
26007,500.0
26008,500.0
26009,500.0
26010,500.0
26011,500.0
26012,500.0
26013,500.0
26014,500.0
26015,500.0
26016,500.0
26017,500.0
26018,500.0
26019,500.0
26020,500.0
26021,500.0
26022,500.0
26023,500.0
26024,500.0
26025,500.0
26026,500.0
26027,500.0
26028,500.0
26029,500.0
26030,500.0
26031,500.0
26032,500.0
26033,500.0
26034,500.0
26035,500.0
26036,500.0
26037,500.0
26038,500.0
26039,500.0
26040,500.0
26041,500.0
26042,500.0
26043,500.0
26044,500.0
26045,500.0
26046,500.0
26047,500.0
26048,500.0
26049,500.0
26050,500.0
26051,500.0
26052,500.0
26053,500.0
26054,500.0
26055,500.0
26056,500.0
26057,244.0
26058,244.0
26059,244.0
26060,244.0
26061,244.0
26062,244.0
26063,244.0
26064,244.0
26065,244.0
26066,244.0
26067,244.0
26068,244.0
26069,244.0
26070,244.0
26071,244.0
26072,244.0
26073,244.0
26074,244.0
26075,244.0
26076,244.0
26077,244.0
26078,244.0
26079,244.0
26080,244.0
26081,244.0
26082,244.0
26083,244.0
26084,244.0
26085,244.0
26086,244.0
26087,244.0
26088,244.0
26089,244.0
26090,244.0
26091,244.0
26092,244.0
26093,244.0
26094,244.0
26095,244.0
26096,244.0
26097,244.0
26098,244.0
26099,244.0
26100,244.0
26101,244.0
26102,244.0
26103,244.0
26104,244.0
26105,244.0
26106,244.0
26107,244.0
26108,244.0
26109,244.0
26110,244.0
26111,244.0
26112,244.0
26113,244.0
26114,244.0
26115,244.0
26116,244.0
26117,244.0
26118,244.0
26119,244.0
26120,244.0
26121,244.0
26122,244.0
26123,244.0
26124,244.0
26125,244.0
26126,244.0
26127,244.0
26128,244.0
26129,244.0
26130,244.0
26131,244.0
26132,244.0
26133,244.0
26134,244.0
26135,244.0
26136,244.0
26137,244.0
26138,244.0
26139,244.0
26140,244.0
26141,244.0
26142,244.0
26143,244.0
26144,244.0
26145,244.0
26146,244.0
26147,244.0
26148,244.0
26149,244.0
26150,244.0
26151,244.0
26152,244.0
26153,244.0
26154,244.0
26155,244.0
26156,244.0
26157,244.0
26158,244.0
26159,244.0
26160,244.0
26161,244.0
26162,244.0
26163,244.0
26164,244.0
26165,244.0
26166,244.0
26167,244.0
26168,244.0
26169,244.0
26170,244.0
26171,244.0
26172,244.0
26173,244.0
26174,244.0
26175,244.0
26176,244.0
26177,244.0
26178,244.0
26179,244.0
26180,244.0
26181,244.0
26182,244.0
26183,244.0
26184,244.0
26185,244.0
26186,244.0
26187,244.0
26188,244.0
26189,244.0
26190,244.0
26191,244.0
26192,244.0
26193,244.0
26194,244.0
26195,244.0
26196,244.0
26197,244.0
26198,244.0
26199,244.0
26200,244.0
26201,244.0
26202,244.0
26203,244.0
26204,244.0
26205,244.0
26206,244.0
26207,244.0
26208,244.0
26209,244.0
26210,244.0
26211,244.0
26212,244.0
26213,244.0
26214,244.0
26215,244.0
26216,244.0
26217,244.0
26218,244.0
26219,244.0
26220,244.0
26221,244.0
26222,244.0
26223,244.0
26224,244.0
26225,244.0
26226,244.0
26227,244.0
26228,244.0
26229,244.0
26230,244.0
26231,244.0
26232,244.0
26233,244.0
26234,244.0
26235,244.0
26236,244.0
26237,244.0
26238,244.0
26239,244.0
26240,244.0
26241,244.0
26242,244.0
26243,244.0
26244,244.0
26245,244.0
26246,244.0
26247,244.0
26248,244.0
26249,244.0
26250,244.0
26251,244.0
26252,244.0
26253,244.0
26254,244.0
26255,244.0
26256,244.0
26257,244.0
26258,244.0
26259,244.0
26260,244.0
26261,244.0
26262,244.0
26263,244.0
26264,244.0
26265,244.0
26266,244.0
26267,244.0
26268,244.0
26269,244.0
26270,244.0
26271,244.0
26272,244.0
26273,244.0
26274,244.0
26275,244.0
26276,244.0
26277,244.0
26278,244.0
26279,244.0
26280,244.0
26281,244.0
26282,244.0
26283,244.0
26284,244.0
26285,244.0
26286,244.0
26287,244.0
26288,244.0
26289,244.0
26290,244.0
26291,244.0
26292,244.0
26293,244.0
26294,244.0
26295,244.0
26296,244.0
26297,244.0
26298,244.0
26299,244.0
26300,244.0
26301,244.0
26302,244.0
26303,244.0
26304,244.0
26305,244.0
26306,244.0
26307,244.0
26308,244.0
26309,244.0
26310,244.0
26311,244.0
26312,244.0
26313,244.0
26314,244.0
26315,244.0
26316,244.0
26317,244.0
26318,244.0
26319,244.0
26320,244.0
26321,244.0
26322,244.0
26323,244.0
26324,244.0
26325,244.0
26326,244.0
26327,244.0
26328,244.0
26329,244.0
26330,244.0
26331,244.0
26332,244.0
26333,244.0
26334,244.0
26335,244.0
26336,244.0
26337,244.0
26338,244.0
26339,244.0
26340,244.0
26341,244.0
26342,244.0
26343,244.0
26344,244.0
26345,244.0
26346,244.0
26347,244.0
26348,244.0
26349,244.0
26350,244.0
26351,244.0
26352,244.0
26353,244.0
26354,244.0
26355,244.0
26356,244.0
26357,244.0
26358,244.0
26359,244.0
26360,244.0
26361,244.0
26362,244.0
26363,244.0
26364,244.0
26365,244.0
26366,244.0
26367,244.0
26368,244.0
26369,244.0
26370,244.0
26371,244.0
26372,244.0
26373,244.0
26374,244.0
26375,244.0
26376,244.0
26377,244.0
26378,244.0
26379,244.0
26380,244.0
26381,244.0
26382,244.0
26383,244.0
26384,244.0
26385,244.0
26386,244.0
26387,244.0
26388,244.0
26389,244.0
26390,244.0
26391,244.0
26392,244.0
26393,244.0
26394,244.0
26395,244.0
26396,244.0
26397,244.0
26398,244.0
26399,244.0
26400,244.0
26401,244.0
26402,244.0
26403,244.0
26404,244.0
26405,244.0
26406,244.0
26407,244.0
26408,244.0
26409,244.0
26410,244.0
26411,244.0
26412,244.0
26413,244.0
26414,244.0
26415,244.0
26416,244.0
26417,244.0
26418,244.0
26419,244.0
26420,244.0
26421,244.0
26422,244.0
26423,244.0
26424,244.0
26425,244.0
26426,244.0
26427,244.0
26428,244.0
26429,244.0
26430,244.0
26431,244.0
26432,244.0
26433,244.0
26434,244.0
26435,244.0
26436,244.0
26437,244.0
26438,244.0
26439,244.0
26440,244.0
26441,244.0
26442,244.0
26443,244.0
26444,244.0
26445,244.0
26446,244.0
26447,244.0
26448,244.0
26449,244.0
26450,244.0
26451,244.0
26452,244.0
26453,244.0
26454,244.0
26455,244.0
26456,244.0
26457,244.0
26458,244.0
26459,244.0
26460,244.0
26461,244.0
26462,244.0
26463,244.0
26464,244.0
26465,244.0
26466,244.0
26467,244.0
26468,244.0
26469,244.0
26470,244.0
26471,244.0
26472,244.0
26473,244.0
26474,244.0
26475,244.0
26476,244.0
26477,244.0
26478,244.0
26479,244.0
26480,244.0
26481,244.0
26482,244.0
26483,244.0
26484,244.0
26485,244.0
26486,244.0
26487,244.0
26488,244.0
26489,244.0
26490,244.0
26491,244.0
26492,244.0
26493,244.0
26494,244.0
26495,244.0
26496,244.0
26497,244.0
26498,244.0
26499,244.0
26500,244.0
26501,244.0
26502,244.0
26503,244.0
26504,244.0
26505,244.0
26506,244.0
26507,244.0
26508,244.0
26509,244.0
26510,244.0
26511,244.0
26512,244.0
26513,244.0
26514,244.0
26515,244.0
26516,244.0
26517,244.0
26518,244.0
26519,244.0
26520,244.0
26521,244.0
26522,244.0
26523,244.0
26524,244.0
26525,244.0
26526,244.0
26527,244.0
26528,244.0
26529,244.0
26530,244.0
26531,244.0
26532,244.0
26533,244.0
26534,244.0
26535,244.0
26536,244.0
26537,244.0
26538,244.0
26539,244.0
26540,244.0
26541,244.0
26542,244.0
26543,244.0
26544,244.0
26545,244.0
26546,244.0
26547,244.0
26548,244.0
26549,244.0
26550,244.0
26551,244.0
26552,244.0
26553,244.0
26554,244.0
26555,244.0
26556,244.0
26557,500.0
26558,500.0
26559,500.0
26560,500.0
26561,500.0
26562,500.0
26563,500.0
26564,500.0
26565,500.0
26566,500.0
26567,500.0
26568,500.0
26569,500.0
26570,500.0
26571,500.0
26572,500.0
26573,500.0
26574,500.0
26575,500.0
26576,500.0
26577,500.0
26578,500.0
26579,500.0
26580,500.0
26581,500.0
26582,500.0
26583,500.0
26584,500.0
26585,500.0
26586,500.0
26587,500.0
26588,500.0
26589,500.0
26590,500.0
26591,500.0
26592,500.0
26593,500.0
26594,500.0
26595,500.0
26596,500.0
26597,500.0
26598,500.0
26599,500.0
26600,500.0
26601,500.0
26602,500.0
26603,500.0
26604,500.0
26605,500.0
26606,500.0
26607,500.0
26608,500.0
26609,500.0
26610,500.0
26611,500.0
26612,500.0
26613,500.0
26614,500.0
26615,500.0
26616,500.0
26617,500.0
26618,500.0
26619,500.0
26620,500.0
26621,500.0
26622,500.0
26623,500.0
26624,500.0
26625,500.0
26626,500.0
26627,500.0
26628,500.0
26629,500.0
26630,500.0
26631,500.0
26632,500.0
26633,500.0
26634,500.0
26635,500.0
26636,500.0
26637,500.0
26638,500.0
26639,500.0
26640,500.0
26641,500.0
26642,500.0
26643,500.0
26644,500.0
26645,500.0
26646,500.0
26647,500.0
26648,500.0
26649,500.0
26650,500.0
26651,500.0
26652,500.0
26653,500.0
26654,500.0
26655,500.0
26656,500.0
26657,500.0
26658,500.0
26659,500.0
26660,500.0
26661,500.0
26662,500.0
26663,500.0
26664,500.0
26665,500.0
26666,500.0
26667,500.0
26668,500.0
26669,500.0
26670,500.0
26671,500.0
26672,500.0
26673,500.0
26674,500.0
26675,500.0
26676,500.0
26677,500.0
26678,500.0
26679,500.0
26680,500.0
26681,500.0
26682,500.0
26683,500.0
26684,500.0
26685,500.0
26686,500.0
26687,500.0
26688,500.0
26689,500.0
26690,500.0
26691,500.0
26692,500.0
26693,500.0
26694,500.0
26695,500.0
26696,500.0
26697,500.0
26698,500.0
26699,500.0
26700,500.0
26701,500.0
26702,500.0
26703,500.0
26704,500.0
26705,500.0
26706,500.0
26707,500.0
26708,500.0
26709,500.0
26710,500.0
26711,500.0
26712,500.0
26713,500.0
26714,500.0
26715,500.0
26716,500.0
26717,500.0
26718,500.0
26719,500.0
26720,500.0
26721,500.0
26722,500.0
26723,500.0
26724,500.0
26725,500.0
26726,500.0
26727,500.0
26728,500.0
26729,500.0
26730,500.0
26731,500.0
26732,500.0
26733,500.0
26734,500.0
26735,500.0
26736,500.0
26737,500.0
26738,500.0
26739,500.0
26740,500.0
26741,500.0
26742,500.0
26743,500.0
26744,500.0
26745,500.0
26746,500.0
26747,500.0
26748,500.0
26749,500.0
26750,500.0
26751,500.0
26752,500.0
26753,500.0
26754,500.0
26755,500.0
26756,500.0
26757,500.0
26758,500.0
26759,500.0
26760,500.0
26761,500.0
26762,500.0
26763,500.0
26764,500.0
26765,500.0
26766,500.0
26767,500.0
26768,500.0
26769,500.0
26770,500.0
26771,500.0
26772,500.0
26773,500.0
26774,500.0
26775,500.0
26776,500.0
26777,500.0
26778,500.0
26779,500.0
26780,500.0
26781,500.0
26782,500.0
26783,500.0
26784,500.0
26785,500.0
26786,500.0
26787,500.0
26788,500.0
26789,500.0
26790,500.0
26791,500.0
26792,500.0
26793,500.0
26794,500.0
26795,500.0
26796,500.0
26797,500.0
26798,500.0
26799,500.0
26800,500.0
26801,500.0
26802,500.0
26803,500.0
26804,500.0
26805,500.0
26806,500.0
26807,500.0
26808,500.0
26809,500.0
26810,500.0
26811,500.0
26812,500.0
26813,500.0
26814,500.0
26815,500.0
26816,500.0
26817,500.0
26818,500.0
26819,500.0
26820,500.0
26821,500.0
26822,500.0
26823,500.0
26824,500.0
26825,500.0
26826,500.0
26827,500.0
26828,500.0
26829,500.0
26830,500.0
26831,500.0
26832,500.0
26833,500.0
26834,500.0
26835,500.0
26836,500.0
26837,500.0
26838,500.0
26839,500.0
26840,500.0
26841,500.0
26842,500.0
26843,500.0
26844,500.0
26845,500.0
26846,500.0
26847,500.0
26848,500.0
26849,500.0
26850,500.0
26851,500.0
26852,500.0
26853,500.0
26854,500.0
26855,500.0
26856,500.0
26857,500.0
26858,500.0
26859,500.0
26860,500.0
26861,500.0
26862,500.0
26863,500.0
26864,500.0
26865,500.0
26866,500.0
26867,500.0
26868,500.0
26869,500.0
26870,500.0
26871,500.0
26872,500.0
26873,500.0
26874,500.0
26875,500.0
26876,500.0
26877,500.0
26878,500.0
26879,500.0
26880,500.0
26881,500.0
26882,500.0
26883,500.0
26884,500.0
26885,500.0
26886,500.0
26887,500.0
26888,500.0
26889,500.0
26890,500.0
26891,500.0
26892,500.0
26893,500.0
26894,500.0
26895,500.0
26896,500.0
26897,500.0
26898,500.0
26899,500.0
26900,500.0
26901,500.0
26902,500.0
26903,500.0
26904,500.0
26905,500.0
26906,500.0
26907,500.0
26908,500.0
26909,500.0
26910,500.0
26911,500.0
26912,500.0
26913,500.0
26914,500.0
26915,500.0
26916,500.0
26917,500.0
26918,500.0
26919,500.0
26920,500.0
26921,500.0
26922,500.0
26923,500.0
26924,500.0
26925,500.0
26926,500.0
26927,500.0
26928,500.0
26929,500.0
26930,500.0
26931,500.0
26932,500.0
26933,500.0
26934,500.0
26935,500.0
26936,500.0
26937,500.0
26938,500.0
26939,500.0
26940,500.0
26941,500.0
26942,500.0
26943,500.0
26944,500.0
26945,500.0
26946,500.0
26947,500.0
26948,500.0
26949,500.0
26950,500.0
26951,500.0
26952,500.0
26953,500.0
26954,500.0
26955,500.0
26956,500.0
26957,500.0
26958,500.0
26959,500.0
26960,500.0
26961,500.0
26962,500.0
26963,500.0
26964,500.0
26965,500.0
26966,500.0
26967,500.0
26968,500.0
26969,500.0
26970,500.0
26971,500.0
26972,500.0
26973,500.0
26974,500.0
26975,500.0
26976,500.0
26977,500.0
26978,500.0
26979,500.0
26980,500.0
26981,500.0
26982,500.0
26983,500.0
26984,500.0
26985,500.0
26986,500.0
26987,500.0
26988,500.0
26989,500.0
26990,500.0
26991,500.0
26992,500.0
26993,500.0
26994,500.0
26995,500.0
26996,500.0
26997,500.0
26998,500.0
26999,500.0
27000,500.0
27001,500.0
27002,500.0
27003,500.0
27004,500.0
27005,448.0
27006,448.0
27007,448.0
27008,448.0
27009,448.0
27010,448.0
27011,448.0
27012,448.0
27013,448.0
27014,448.0
27015,448.0
27016,448.0
27017,448.0
27018,448.0
27019,448.0
27020,448.0
27021,448.0
27022,448.0
27023,448.0
27024,448.0
27025,448.0
27026,448.0
27027,448.0
27028,448.0
27029,448.0
27030,448.0
27031,448.0
27032,448.0
27033,448.0
27034,448.0
27035,448.0
27036,448.0
27037,448.0
27038,448.0
27039,448.0
27040,448.0
27041,448.0
27042,448.0
27043,448.0
27044,448.0
27045,448.0
27046,448.0
27047,448.0
27048,448.0
27049,448.0
27050,448.0
27051,448.0
27052,448.0
27053,448.0
27054,448.0
27055,448.0
27056,448.0
27057,448.0
27058,448.0
27059,448.0
27060,448.0
27061,448.0
27062,448.0
27063,448.0
27064,448.0
27065,448.0
27066,448.0
27067,448.0
27068,448.0
27069,448.0
27070,448.0
27071,448.0
27072,448.0
27073,448.0
27074,448.0
27075,448.0
27076,448.0
27077,448.0
27078,448.0
27079,448.0
27080,448.0
27081,448.0
27082,448.0
27083,448.0
27084,448.0
27085,448.0
27086,448.0
27087,448.0
27088,448.0
27089,448.0
27090,448.0
27091,448.0
27092,448.0
27093,448.0
27094,448.0
27095,448.0
27096,448.0
27097,448.0
27098,448.0
27099,448.0
27100,448.0
27101,448.0
27102,448.0
27103,448.0
27104,448.0
27105,448.0
27106,448.0
27107,448.0
27108,448.0
27109,448.0
27110,448.0
27111,448.0
27112,448.0
27113,448.0
27114,448.0
27115,448.0
27116,448.0
27117,448.0
27118,448.0
27119,448.0
27120,448.0
27121,448.0
27122,448.0
27123,448.0
27124,448.0
27125,448.0
27126,448.0
27127,448.0
27128,448.0
27129,448.0
27130,448.0
27131,448.0
27132,448.0
27133,448.0
27134,448.0
27135,448.0
27136,448.0
27137,448.0
27138,448.0
27139,448.0
27140,448.0
27141,448.0
27142,448.0
27143,448.0
27144,448.0
27145,448.0
27146,448.0
27147,448.0
27148,448.0
27149,448.0
27150,448.0
27151,448.0
27152,448.0
27153,448.0
27154,448.0
27155,448.0
27156,448.0
27157,448.0
27158,448.0
27159,448.0
27160,448.0
27161,448.0
27162,448.0
27163,448.0
27164,448.0
27165,448.0
27166,448.0
27167,448.0
27168,448.0
27169,448.0
27170,448.0
27171,448.0
27172,448.0
27173,448.0
27174,448.0
27175,448.0
27176,448.0
27177,448.0
27178,448.0
27179,448.0
27180,448.0
27181,448.0
27182,448.0
27183,448.0
27184,448.0
27185,448.0
27186,448.0
27187,448.0
27188,448.0
27189,448.0
27190,448.0
27191,448.0
27192,448.0
27193,448.0
27194,448.0
27195,448.0
27196,448.0
27197,448.0
27198,448.0
27199,448.0
27200,448.0
27201,448.0
27202,448.0
27203,448.0
27204,448.0
27205,448.0
27206,448.0
27207,448.0
27208,448.0
27209,448.0
27210,448.0
27211,448.0
27212,448.0
27213,448.0
27214,448.0
27215,448.0
27216,448.0
27217,448.0
27218,448.0
27219,448.0
27220,448.0
27221,448.0
27222,448.0
27223,448.0
27224,448.0
27225,448.0
27226,448.0
27227,448.0
27228,448.0
27229,448.0
27230,448.0
27231,448.0
27232,448.0
27233,448.0
27234,448.0
27235,448.0
27236,448.0
27237,448.0
27238,448.0
27239,448.0
27240,448.0
27241,448.0
27242,448.0
27243,448.0
27244,448.0
27245,448.0
27246,448.0
27247,448.0
27248,448.0
27249,448.0
27250,448.0
27251,448.0
27252,448.0
27253,448.0
27254,448.0
27255,448.0
27256,448.0
27257,448.0
27258,448.0
27259,448.0
27260,448.0
27261,448.0
27262,448.0
27263,448.0
27264,448.0
27265,448.0
27266,448.0
27267,448.0
27268,448.0
27269,448.0
27270,448.0
27271,448.0
27272,448.0
27273,448.0
27274,448.0
27275,448.0
27276,448.0
27277,448.0
27278,448.0
27279,448.0
27280,448.0
27281,448.0
27282,448.0
27283,448.0
27284,448.0
27285,448.0
27286,448.0
27287,448.0
27288,448.0
27289,448.0
27290,448.0
27291,448.0
27292,448.0
27293,448.0
27294,448.0
27295,448.0
27296,448.0
27297,448.0
27298,448.0
27299,448.0
27300,448.0
27301,448.0
27302,448.0
27303,448.0
27304,448.0
27305,448.0
27306,448.0
27307,448.0
27308,448.0
27309,448.0
27310,448.0
27311,448.0
27312,448.0
27313,448.0
27314,448.0
27315,448.0
27316,448.0
27317,448.0
27318,448.0
27319,448.0
27320,448.0
27321,448.0
27322,448.0
27323,448.0
27324,448.0
27325,448.0
27326,448.0
27327,448.0
27328,448.0
27329,448.0
27330,448.0
27331,448.0
27332,448.0
27333,448.0
27334,448.0
27335,448.0
27336,448.0
27337,448.0
27338,448.0
27339,448.0
27340,448.0
27341,448.0
27342,448.0
27343,448.0
27344,448.0
27345,448.0
27346,448.0
27347,448.0
27348,448.0
27349,448.0
27350,448.0
27351,448.0
27352,448.0
27353,448.0
27354,448.0
27355,448.0
27356,448.0
27357,448.0
27358,448.0
27359,448.0
27360,448.0
27361,448.0
27362,448.0
27363,448.0
27364,448.0
27365,448.0
27366,448.0
27367,448.0
27368,448.0
27369,448.0
27370,448.0
27371,448.0
27372,448.0
27373,448.0
27374,448.0
27375,448.0
27376,448.0
27377,448.0
27378,448.0
27379,448.0
27380,448.0
27381,448.0
27382,448.0
27383,448.0
27384,448.0
27385,448.0
27386,448.0
27387,448.0
27388,448.0
27389,448.0
27390,448.0
27391,448.0
27392,448.0
27393,448.0
27394,448.0
27395,448.0
27396,448.0
27397,448.0
27398,448.0
27399,448.0
27400,448.0
27401,448.0
27402,448.0
27403,448.0
27404,448.0
27405,448.0
27406,401.0
27407,401.0
27408,401.0
27409,401.0
27410,401.0
27411,401.0
27412,401.0
27413,401.0
27414,401.0
27415,401.0
27416,401.0
27417,401.0
27418,401.0
27419,401.0
27420,401.0
27421,401.0
27422,401.0
27423,401.0
27424,401.0
27425,401.0
27426,401.0
27427,401.0
27428,401.0
27429,401.0
27430,401.0
27431,401.0
27432,401.0
27433,401.0
27434,401.0
27435,401.0
27436,401.0
27437,401.0
27438,401.0
27439,401.0
27440,401.0
27441,401.0
27442,401.0
27443,401.0
27444,401.0
27445,401.0
27446,401.0
27447,401.0
27448,401.0
27449,401.0
27450,401.0
27451,401.0
27452,401.0
27453,401.0
27454,401.0
27455,401.0
27456,401.0
27457,401.0
27458,401.0
27459,401.0
27460,401.0
27461,401.0
27462,401.0
27463,401.0
27464,401.0
27465,401.0
27466,401.0
27467,401.0
27468,401.0
27469,401.0
27470,401.0
27471,401.0
27472,401.0
27473,401.0
27474,401.0
27475,401.0
27476,401.0
27477,401.0
27478,401.0
27479,401.0
27480,401.0
27481,401.0
27482,401.0
27483,401.0
27484,401.0
27485,401.0
27486,401.0
27487,401.0
27488,401.0
27489,401.0
27490,401.0
27491,401.0
27492,401.0
27493,401.0
27494,401.0
27495,401.0
27496,401.0
27497,401.0
27498,401.0
27499,401.0
27500,401.0
27501,401.0
27502,401.0
27503,401.0
27504,401.0
27505,401.0
27506,401.0
27507,401.0
27508,401.0
27509,401.0
27510,401.0
27511,401.0
27512,401.0
27513,401.0
27514,401.0
27515,401.0
27516,401.0
27517,401.0
27518,401.0
27519,401.0
27520,401.0
27521,401.0
27522,401.0
27523,401.0
27524,401.0
27525,401.0
27526,401.0
27527,401.0
27528,401.0
27529,401.0
27530,401.0
27531,401.0
27532,401.0
27533,401.0
27534,401.0
27535,401.0
27536,401.0
27537,401.0
27538,401.0
27539,401.0
27540,401.0
27541,401.0
27542,401.0
27543,401.0
27544,401.0
27545,401.0
27546,401.0
27547,401.0
27548,401.0
27549,401.0
27550,401.0
27551,401.0
27552,401.0
27553,401.0
27554,401.0
27555,401.0
27556,401.0
27557,401.0
27558,401.0
27559,401.0
27560,401.0
27561,401.0
27562,401.0
27563,401.0
27564,401.0
27565,401.0
27566,401.0
27567,401.0
27568,401.0
27569,401.0
27570,401.0
27571,401.0
27572,401.0
27573,401.0
27574,401.0
27575,401.0
27576,401.0
27577,401.0
27578,401.0
27579,401.0
27580,401.0
27581,401.0
27582,401.0
27583,401.0
27584,401.0
27585,401.0
27586,401.0
27587,401.0
27588,401.0
27589,401.0
27590,401.0
27591,401.0
27592,401.0
27593,401.0
27594,401.0
27595,401.0
27596,401.0
27597,401.0
27598,401.0
27599,401.0
27600,401.0
27601,401.0
27602,401.0
27603,401.0
27604,401.0
27605,401.0
27606,401.0
27607,401.0
27608,401.0
27609,401.0
27610,401.0
27611,401.0
27612,401.0
27613,401.0
27614,401.0
27615,401.0
27616,401.0
27617,401.0
27618,401.0
27619,401.0
27620,401.0
27621,401.0
27622,401.0
27623,401.0
27624,401.0
27625,401.0
27626,401.0
27627,401.0
27628,401.0
27629,401.0
27630,401.0
27631,401.0
27632,401.0
27633,401.0
27634,401.0
27635,401.0
27636,401.0
27637,401.0
27638,401.0
27639,401.0
27640,401.0
27641,401.0
27642,401.0
27643,401.0
27644,401.0
27645,401.0
27646,401.0
27647,401.0
27648,401.0
27649,401.0
27650,401.0
27651,401.0
27652,401.0
27653,401.0
27654,401.0
27655,401.0
27656,401.0
27657,401.0
27658,401.0
27659,401.0
27660,401.0
27661,401.0
27662,401.0
27663,401.0
27664,401.0
27665,401.0
27666,401.0
27667,401.0
27668,401.0
27669,401.0
27670,401.0
27671,401.0
27672,401.0
27673,401.0
27674,401.0
27675,401.0
27676,401.0
27677,401.0
27678,401.0
27679,401.0
27680,401.0
27681,401.0
27682,401.0
27683,401.0
27684,401.0
27685,401.0
27686,401.0
27687,401.0
27688,401.0
27689,401.0
27690,401.0
27691,401.0
27692,401.0
27693,401.0
27694,401.0
27695,401.0
27696,401.0
27697,401.0
27698,401.0
27699,401.0
27700,401.0
27701,401.0
27702,401.0
27703,401.0
27704,401.0
27705,401.0
27706,401.0
27707,401.0
27708,401.0
27709,401.0
27710,401.0
27711,401.0
27712,401.0
27713,401.0
27714,401.0
27715,401.0
27716,401.0
27717,401.0
27718,401.0
27719,401.0
27720,401.0
27721,401.0
27722,401.0
27723,401.0
27724,401.0
27725,401.0
27726,401.0
27727,401.0
27728,401.0
27729,401.0
27730,401.0
27731,401.0
27732,401.0
27733,401.0
27734,401.0
27735,401.0
27736,401.0
27737,401.0
27738,401.0
27739,401.0
27740,401.0
27741,401.0
27742,401.0
27743,401.0
27744,401.0
27745,401.0
27746,401.0
27747,401.0
27748,401.0
27749,401.0
27750,401.0
27751,401.0
27752,401.0
27753,401.0
27754,401.0
27755,401.0
27756,401.0
27757,401.0
27758,401.0
27759,401.0
27760,401.0
27761,401.0
27762,401.0
27763,401.0
27764,401.0
27765,401.0
27766,401.0
27767,401.0
27768,401.0
27769,401.0
27770,401.0
27771,401.0
27772,401.0
27773,401.0
27774,401.0
27775,401.0
27776,401.0
27777,401.0
27778,401.0
27779,401.0
27780,401.0
27781,401.0
27782,401.0
27783,401.0
27784,401.0
27785,401.0
27786,401.0
27787,401.0
27788,401.0
27789,401.0
27790,401.0
27791,401.0
27792,401.0
27793,401.0
27794,401.0
27795,401.0
27796,401.0
27797,401.0
27798,401.0
27799,401.0
27800,401.0
27801,401.0
27802,401.0
27803,401.0
27804,401.0
27805,401.0
27806,401.0
27807,401.0
27808,401.0
27809,401.0
27810,401.0
27811,401.0
27812,401.0
27813,401.0
27814,401.0
27815,401.0
27816,401.0
27817,401.0
27818,401.0
27819,401.0
27820,401.0
27821,401.0
27822,401.0
27823,401.0
27824,401.0
27825,401.0
27826,401.0
27827,401.0
27828,401.0
27829,401.0
27830,401.0
27831,401.0
27832,401.0
27833,401.0
27834,401.0
27835,401.0
27836,401.0
27837,401.0
27838,401.0
27839,401.0
27840,401.0
27841,401.0
27842,401.0
27843,401.0
27844,401.0
27845,401.0
27846,401.0
27847,401.0
27848,401.0
27849,401.0
27850,401.0
27851,401.0
27852,401.0
27853,401.0
27854,401.0
27855,401.0
27856,401.0
27857,401.0
27858,401.0
27859,401.0
27860,401.0
27861,401.0
27862,401.0
27863,401.0
27864,401.0
27865,401.0
27866,401.0
27867,401.0
27868,401.0
27869,401.0
27870,401.0
27871,401.0
27872,401.0
27873,401.0
27874,401.0
27875,401.0
27876,401.0
27877,401.0
27878,401.0
27879,401.0
27880,401.0
27881,401.0
27882,401.0
27883,401.0
27884,401.0
27885,401.0
27886,401.0
27887,401.0
27888,401.0
27889,401.0
27890,401.0
27891,401.0
27892,401.0
27893,401.0
27894,401.0
27895,401.0
27896,401.0
27897,401.0
27898,401.0
27899,401.0
27900,401.0
27901,401.0
27902,401.0
27903,401.0
27904,401.0
27905,401.0
27906,500.0
27907,500.0
27908,500.0
27909,500.0
27910,500.0
27911,500.0
27912,500.0
27913,500.0
27914,500.0
27915,500.0
27916,500.0
27917,500.0
27918,500.0
27919,500.0
27920,500.0
27921,500.0
27922,500.0
27923,500.0
27924,500.0
27925,500.0
27926,500.0
27927,500.0
27928,500.0
27929,500.0
27930,500.0
27931,500.0
27932,500.0
27933,500.0
27934,500.0
27935,500.0
27936,500.0
27937,500.0
27938,500.0
27939,500.0
27940,500.0
27941,500.0
27942,500.0
27943,500.0
27944,500.0
27945,500.0
27946,500.0
27947,500.0
27948,500.0
27949,500.0
27950,500.0
27951,500.0
27952,500.0
27953,500.0
27954,500.0
27955,500.0
27956,500.0
27957,500.0
27958,500.0
27959,500.0
27960,500.0
27961,500.0
27962,500.0
27963,500.0
27964,500.0
27965,500.0
27966,500.0
27967,500.0
27968,500.0
27969,500.0
27970,500.0
27971,500.0
27972,500.0
27973,500.0
27974,500.0
27975,500.0
27976,500.0
27977,500.0
27978,500.0
27979,500.0
27980,500.0
27981,500.0
27982,500.0
27983,500.0
27984,500.0
27985,500.0
27986,500.0
27987,500.0
27988,500.0
27989,500.0
27990,500.0
27991,500.0
27992,500.0
27993,500.0
27994,500.0
27995,500.0
27996,500.0
27997,500.0
27998,500.0
27999,500.0
28000,500.0
28001,500.0
28002,500.0
28003,500.0
28004,500.0
28005,500.0
28006,500.0
28007,500.0
28008,500.0
28009,500.0
28010,500.0
28011,500.0
28012,500.0
28013,500.0
28014,500.0
28015,500.0
28016,500.0
28017,500.0
28018,500.0
28019,500.0
28020,500.0
28021,500.0
28022,500.0
28023,500.0
28024,500.0
28025,500.0
28026,500.0
28027,500.0
28028,500.0
28029,500.0
28030,500.0
28031,500.0
28032,500.0
28033,500.0
28034,500.0
28035,500.0
28036,500.0
28037,500.0
28038,500.0
28039,500.0
28040,500.0
28041,500.0
28042,500.0
28043,500.0
28044,500.0
28045,500.0
28046,500.0
28047,500.0
28048,500.0
28049,500.0
28050,500.0
28051,500.0
28052,500.0
28053,500.0
28054,500.0
28055,500.0
28056,500.0
28057,500.0
28058,500.0
28059,500.0
28060,500.0
28061,500.0
28062,500.0
28063,500.0
28064,500.0
28065,500.0
28066,500.0
28067,500.0
28068,500.0
28069,500.0
28070,500.0
28071,500.0
28072,500.0
28073,500.0
28074,500.0
28075,500.0
28076,500.0
28077,500.0
28078,500.0
28079,500.0
28080,500.0
28081,500.0
28082,500.0
28083,500.0
28084,500.0
28085,500.0
28086,500.0
28087,500.0
28088,500.0
28089,500.0
28090,500.0
28091,500.0
28092,500.0
28093,500.0
28094,500.0
28095,500.0
28096,500.0
28097,500.0
28098,500.0
28099,500.0
28100,500.0
28101,500.0
28102,500.0
28103,500.0
28104,500.0
28105,500.0
28106,500.0
28107,500.0
28108,500.0
28109,500.0
28110,500.0
28111,500.0
28112,500.0
28113,500.0
28114,500.0
28115,500.0
28116,500.0
28117,500.0
28118,500.0
28119,500.0
28120,500.0
28121,500.0
28122,500.0
28123,500.0
28124,500.0
28125,500.0
28126,500.0
28127,500.0
28128,500.0
28129,500.0
28130,500.0
28131,500.0
28132,500.0
28133,500.0
28134,500.0
28135,500.0
28136,500.0
28137,500.0
28138,500.0
28139,500.0
28140,500.0
28141,500.0
28142,500.0
28143,500.0
28144,500.0
28145,500.0
28146,500.0
28147,500.0
28148,500.0
28149,500.0
28150,500.0
28151,500.0
28152,500.0
28153,500.0
28154,500.0
28155,500.0
28156,500.0
28157,500.0
28158,500.0
28159,500.0
28160,500.0
28161,500.0
28162,500.0
28163,500.0
28164,500.0
28165,500.0
28166,500.0
28167,500.0
28168,500.0
28169,500.0
28170,500.0
28171,500.0
28172,500.0
28173,500.0
28174,500.0
28175,500.0
28176,500.0
28177,500.0
28178,500.0
28179,500.0
28180,500.0
28181,500.0
28182,500.0
28183,500.0
28184,500.0
28185,500.0
28186,500.0
28187,500.0
28188,500.0
28189,500.0
28190,500.0
28191,500.0
28192,500.0
28193,500.0
28194,500.0
28195,500.0
28196,500.0
28197,500.0
28198,500.0
28199,500.0
28200,500.0
28201,500.0
28202,500.0
28203,500.0
28204,500.0
28205,500.0
28206,500.0
28207,500.0
28208,500.0
28209,500.0
28210,500.0
28211,500.0
28212,500.0
28213,500.0
28214,500.0
28215,500.0
28216,500.0
28217,500.0
28218,500.0
28219,500.0
28220,500.0
28221,500.0
28222,500.0
28223,500.0
28224,500.0
28225,500.0
28226,500.0
28227,500.0
28228,500.0
28229,500.0
28230,500.0
28231,500.0
28232,500.0
28233,500.0
28234,500.0
28235,500.0
28236,500.0
28237,500.0
28238,500.0
28239,500.0
28240,500.0
28241,500.0
28242,500.0
28243,500.0
28244,500.0
28245,500.0
28246,500.0
28247,500.0
28248,500.0
28249,500.0
28250,500.0
28251,500.0
28252,500.0
28253,500.0
28254,500.0
28255,500.0
28256,500.0
28257,500.0
28258,500.0
28259,500.0
28260,500.0
28261,500.0
28262,500.0
28263,500.0
28264,500.0
28265,500.0
28266,500.0
28267,361.0
28268,361.0
28269,361.0
28270,361.0
28271,361.0
28272,361.0
28273,361.0
28274,361.0
28275,361.0
28276,361.0
28277,361.0
28278,361.0
28279,361.0
28280,361.0
28281,361.0
28282,361.0
28283,361.0
28284,361.0
28285,361.0
28286,361.0
28287,361.0
28288,361.0
28289,361.0
28290,361.0
28291,361.0
28292,361.0
28293,361.0
28294,361.0
28295,361.0
28296,361.0
28297,361.0
28298,361.0
28299,361.0
28300,361.0
28301,361.0
28302,361.0
28303,361.0
28304,361.0
28305,361.0
28306,361.0
28307,361.0
28308,361.0
28309,361.0
28310,361.0
28311,361.0
28312,361.0
28313,361.0
28314,361.0
28315,361.0
28316,361.0
28317,361.0
28318,361.0
28319,361.0
28320,361.0
28321,361.0
28322,361.0
28323,361.0
28324,361.0
28325,361.0
28326,361.0
28327,361.0
28328,361.0
28329,361.0
28330,361.0
28331,361.0
28332,361.0
28333,361.0
28334,361.0
28335,361.0
28336,361.0
28337,361.0
28338,361.0
28339,361.0
28340,361.0
28341,361.0
28342,361.0
28343,361.0
28344,361.0
28345,361.0
28346,361.0
28347,361.0
28348,361.0
28349,361.0
28350,361.0
28351,361.0
28352,361.0
28353,361.0
28354,361.0
28355,361.0
28356,361.0
28357,361.0
28358,361.0
28359,361.0
28360,361.0
28361,361.0
28362,361.0
28363,361.0
28364,361.0
28365,361.0
28366,361.0
28367,361.0
28368,361.0
28369,361.0
28370,361.0
28371,361.0
28372,361.0
28373,361.0
28374,361.0
28375,361.0
28376,361.0
28377,361.0
28378,361.0
28379,361.0
28380,361.0
28381,361.0
28382,361.0
28383,361.0
28384,361.0
28385,361.0
28386,361.0
28387,361.0
28388,361.0
28389,361.0
28390,361.0
28391,361.0
28392,361.0
28393,361.0
28394,361.0
28395,361.0
28396,361.0
28397,361.0
28398,361.0
28399,361.0
28400,361.0
28401,361.0
28402,361.0
28403,361.0
28404,361.0
28405,361.0
28406,361.0
28407,361.0
28408,361.0
28409,361.0
28410,361.0
28411,361.0
28412,361.0
28413,361.0
28414,361.0
28415,361.0
28416,361.0
28417,361.0
28418,361.0
28419,361.0
28420,361.0
28421,361.0
28422,361.0
28423,361.0
28424,361.0
28425,361.0
28426,361.0
28427,361.0
28428,361.0
28429,361.0
28430,361.0
28431,361.0
28432,361.0
28433,361.0
28434,361.0
28435,361.0
28436,361.0
28437,361.0
28438,361.0
28439,361.0
28440,361.0
28441,361.0
28442,361.0
28443,361.0
28444,361.0
28445,361.0
28446,361.0
28447,361.0
28448,361.0
28449,361.0
28450,361.0
28451,361.0
28452,361.0
28453,361.0
28454,361.0
28455,361.0
28456,361.0
28457,361.0
28458,361.0
28459,361.0
28460,361.0
28461,361.0
28462,361.0
28463,361.0
28464,361.0
28465,361.0
28466,361.0
28467,361.0
28468,361.0
28469,361.0
28470,361.0
28471,361.0
28472,361.0
28473,361.0
28474,361.0
28475,361.0
28476,361.0
28477,361.0
28478,361.0
28479,361.0
28480,361.0
28481,361.0
28482,361.0
28483,361.0
28484,361.0
28485,361.0
28486,361.0
28487,361.0
28488,361.0
28489,361.0
28490,361.0
28491,361.0
28492,361.0
28493,361.0
28494,361.0
28495,361.0
28496,361.0
28497,361.0
28498,361.0
28499,361.0
28500,361.0
28501,361.0
28502,361.0
28503,361.0
28504,361.0
28505,361.0
28506,361.0
28507,361.0
28508,361.0
28509,361.0
28510,361.0
28511,361.0
28512,361.0
28513,361.0
28514,361.0
28515,361.0
28516,361.0
28517,361.0
28518,361.0
28519,361.0
28520,361.0
28521,361.0
28522,361.0
28523,361.0
28524,361.0
28525,361.0
28526,361.0
28527,361.0
28528,361.0
28529,361.0
28530,361.0
28531,361.0
28532,361.0
28533,361.0
28534,361.0
28535,361.0
28536,361.0
28537,361.0
28538,361.0
28539,361.0
28540,361.0
28541,361.0
28542,361.0
28543,361.0
28544,361.0
28545,361.0
28546,361.0
28547,361.0
28548,361.0
28549,361.0
28550,361.0
28551,361.0
28552,361.0
28553,361.0
28554,361.0
28555,361.0
28556,361.0
28557,361.0
28558,361.0
28559,361.0
28560,361.0
28561,361.0
28562,361.0
28563,361.0
28564,361.0
28565,361.0
28566,361.0
28567,361.0
28568,361.0
28569,361.0
28570,361.0
28571,361.0
28572,361.0
28573,361.0
28574,361.0
28575,361.0
28576,361.0
28577,361.0
28578,361.0
28579,361.0
28580,361.0
28581,361.0
28582,361.0
28583,361.0
28584,361.0
28585,361.0
28586,361.0
28587,361.0
28588,361.0
28589,361.0
28590,361.0
28591,361.0
28592,361.0
28593,361.0
28594,361.0
28595,361.0
28596,361.0
28597,361.0
28598,361.0
28599,361.0
28600,361.0
28601,361.0
28602,361.0
28603,361.0
28604,361.0
28605,361.0
28606,361.0
28607,361.0
28608,361.0
28609,361.0
28610,361.0
28611,361.0
28612,361.0
28613,361.0
28614,361.0
28615,361.0
28616,361.0
28617,361.0
28618,361.0
28619,361.0
28620,361.0
28621,361.0
28622,361.0
28623,361.0
28624,361.0
28625,361.0
28626,361.0
28627,361.0
28628,361.0
28629,361.0
28630,361.0
28631,361.0
28632,361.0
28633,361.0
28634,361.0
28635,361.0
28636,361.0
28637,361.0
28638,361.0
28639,361.0
28640,361.0
28641,361.0
28642,361.0
28643,361.0
28644,361.0
28645,361.0
28646,361.0
28647,361.0
28648,361.0
28649,361.0
28650,361.0
28651,361.0
28652,361.0
28653,361.0
28654,361.0
28655,361.0
28656,361.0
28657,361.0
28658,361.0
28659,361.0
28660,361.0
28661,361.0
28662,361.0
28663,361.0
28664,361.0
28665,361.0
28666,361.0
28667,361.0
28668,361.0
28669,361.0
28670,361.0
28671,361.0
28672,361.0
28673,361.0
28674,361.0
28675,361.0
28676,361.0
28677,361.0
28678,361.0
28679,361.0
28680,361.0
28681,361.0
28682,361.0
28683,361.0
28684,361.0
28685,361.0
28686,361.0
28687,361.0
28688,361.0
28689,361.0
28690,361.0
28691,361.0
28692,361.0
28693,361.0
28694,361.0
28695,361.0
28696,361.0
28697,361.0
28698,361.0
28699,361.0
28700,361.0
28701,361.0
28702,361.0
28703,361.0
28704,361.0
28705,361.0
28706,361.0
28707,361.0
28708,361.0
28709,361.0
28710,361.0
28711,361.0
28712,361.0
28713,361.0
28714,361.0
28715,361.0
28716,361.0
28717,361.0
28718,361.0
28719,361.0
28720,361.0
28721,361.0
28722,361.0
28723,361.0
28724,361.0
28725,361.0
28726,361.0
28727,361.0
28728,361.0
28729,361.0
28730,361.0
28731,361.0
28732,361.0
28733,361.0
28734,361.0
28735,361.0
28736,361.0
28737,361.0
28738,361.0
28739,361.0
28740,361.0
28741,361.0
28742,361.0
28743,361.0
28744,361.0
28745,361.0
28746,361.0
28747,361.0
28748,361.0
28749,361.0
28750,361.0
28751,361.0
28752,361.0
28753,361.0
28754,361.0
28755,361.0
28756,361.0
28757,361.0
28758,361.0
28759,361.0
28760,361.0
28761,361.0
28762,361.0
28763,361.0
28764,361.0
28765,361.0
28766,361.0
28767,500.0
28768,500.0
28769,500.0
28770,500.0
28771,500.0
28772,500.0
28773,500.0
28774,500.0
28775,500.0
28776,500.0
28777,500.0
28778,500.0
28779,500.0
28780,500.0
28781,500.0
28782,500.0
28783,500.0
28784,500.0
28785,500.0
28786,500.0
28787,500.0
28788,500.0
28789,500.0
28790,500.0
28791,500.0
28792,500.0
28793,500.0
28794,500.0
28795,500.0
28796,500.0
28797,500.0
28798,500.0
28799,500.0
28800,500.0
28801,500.0
28802,500.0
28803,500.0
28804,500.0
28805,500.0
28806,500.0
28807,500.0
28808,500.0
28809,500.0
28810,500.0
28811,500.0
28812,500.0
28813,500.0
28814,500.0
28815,500.0
28816,500.0
28817,500.0
28818,500.0
28819,500.0
28820,500.0
28821,500.0
28822,500.0
28823,500.0
28824,500.0
28825,500.0
28826,500.0
28827,500.0
28828,500.0
28829,500.0
28830,500.0
28831,500.0
28832,500.0
28833,500.0
28834,500.0
28835,500.0
28836,500.0
28837,500.0
28838,500.0
28839,500.0
28840,500.0
28841,500.0
28842,500.0
28843,500.0
28844,500.0
28845,500.0
28846,500.0
28847,500.0
28848,500.0
28849,500.0
28850,500.0
28851,500.0
28852,500.0
28853,500.0
28854,500.0
28855,500.0
28856,500.0
28857,500.0
28858,500.0
28859,500.0
28860,500.0
28861,500.0
28862,500.0
28863,500.0
28864,500.0
28865,500.0
28866,500.0
28867,500.0
28868,500.0
28869,500.0
28870,500.0
28871,500.0
28872,500.0
28873,500.0
28874,500.0
28875,500.0
28876,500.0
28877,500.0
28878,500.0
28879,500.0
28880,500.0
28881,500.0
28882,500.0
28883,500.0
28884,500.0
28885,500.0
28886,500.0
28887,500.0
28888,500.0
28889,500.0
28890,500.0
28891,500.0
28892,500.0
28893,500.0
28894,500.0
28895,500.0
28896,500.0
28897,500.0
28898,500.0
28899,500.0
28900,500.0
28901,500.0
28902,500.0
28903,500.0
28904,500.0
28905,500.0
28906,500.0
28907,500.0
28908,500.0
28909,500.0
28910,500.0
28911,500.0
28912,500.0
28913,500.0
28914,500.0
28915,500.0
28916,500.0
28917,500.0
28918,500.0
28919,500.0
28920,500.0
28921,500.0
28922,500.0
28923,500.0
28924,500.0
28925,500.0
28926,500.0
28927,500.0
28928,500.0
28929,500.0
28930,500.0
28931,500.0
28932,500.0
28933,500.0
28934,500.0
28935,500.0
28936,500.0
28937,500.0
28938,500.0
28939,500.0
28940,500.0
28941,500.0
28942,500.0
28943,500.0
28944,500.0
28945,500.0
28946,500.0
28947,500.0
28948,500.0
28949,500.0
28950,500.0
28951,500.0
28952,500.0
28953,500.0
28954,500.0
28955,500.0
28956,500.0
28957,500.0
28958,500.0
28959,500.0
28960,500.0
28961,500.0
28962,500.0
28963,500.0
28964,500.0
28965,500.0
28966,500.0
28967,500.0
28968,500.0
28969,500.0
28970,500.0
28971,500.0
28972,500.0
28973,500.0
28974,500.0
28975,500.0
28976,500.0
28977,500.0
28978,500.0
28979,500.0
28980,500.0
28981,500.0
28982,500.0
28983,500.0
28984,500.0
28985,500.0
28986,500.0
28987,500.0
28988,500.0
28989,500.0
28990,500.0
28991,500.0
28992,500.0
28993,500.0
28994,500.0
28995,500.0
28996,500.0
28997,500.0
28998,500.0
28999,500.0
29000,500.0
29001,500.0
29002,500.0
29003,500.0
29004,500.0
29005,500.0
29006,500.0
29007,500.0
29008,500.0
29009,500.0
29010,500.0
29011,500.0
29012,500.0
29013,500.0
29014,500.0
29015,500.0
29016,500.0
29017,500.0
29018,500.0
29019,500.0
29020,500.0
29021,500.0
29022,500.0
29023,500.0
29024,500.0
29025,500.0
29026,500.0
29027,500.0
29028,500.0
29029,500.0
29030,500.0
29031,500.0
29032,500.0
29033,500.0
29034,500.0
29035,500.0
29036,500.0
29037,500.0
29038,500.0
29039,500.0
29040,500.0
29041,500.0
29042,500.0
29043,500.0
29044,500.0
29045,500.0
29046,500.0
29047,500.0
29048,500.0
29049,500.0
29050,500.0
29051,500.0
29052,500.0
29053,500.0
29054,500.0
29055,500.0
29056,500.0
29057,500.0
29058,500.0
29059,500.0
29060,500.0
29061,500.0
29062,500.0
29063,500.0
29064,500.0
29065,500.0
29066,500.0
29067,500.0
29068,500.0
29069,500.0
29070,500.0
29071,500.0
29072,500.0
29073,500.0
29074,500.0
29075,500.0
29076,500.0
29077,500.0
29078,500.0
29079,500.0
29080,500.0
29081,500.0
29082,500.0
29083,500.0
29084,500.0
29085,500.0
29086,500.0
29087,500.0
29088,500.0
29089,500.0
29090,500.0
29091,500.0
29092,500.0
29093,500.0
29094,500.0
29095,500.0
29096,500.0
29097,500.0
29098,500.0
29099,500.0
29100,500.0
29101,500.0
29102,500.0
29103,500.0
29104,500.0
29105,500.0
29106,500.0
29107,500.0
29108,500.0
29109,500.0
29110,500.0
29111,500.0
29112,500.0
29113,500.0
29114,500.0
29115,500.0
29116,500.0
29117,500.0
29118,500.0
29119,500.0
29120,500.0
29121,500.0
29122,500.0
29123,500.0
29124,500.0
29125,500.0
29126,500.0
29127,500.0
29128,500.0
29129,500.0
29130,500.0
29131,500.0
29132,500.0
29133,500.0
29134,500.0
29135,500.0
29136,500.0
29137,500.0
29138,500.0
29139,500.0
29140,500.0
29141,500.0
29142,500.0
29143,500.0
29144,500.0
29145,500.0
29146,500.0
29147,500.0
29148,500.0
29149,500.0
29150,500.0
29151,500.0
29152,500.0
29153,500.0
29154,500.0
29155,500.0
29156,500.0
29157,500.0
29158,500.0
29159,500.0
29160,500.0
29161,500.0
29162,500.0
29163,500.0
29164,500.0
29165,500.0
29166,500.0
29167,500.0
29168,500.0
29169,500.0
29170,500.0
29171,500.0
29172,500.0
29173,500.0
29174,500.0
29175,500.0
29176,500.0
29177,500.0
29178,500.0
29179,500.0
29180,500.0
29181,500.0
29182,500.0
29183,500.0
29184,500.0
29185,500.0
29186,500.0
29187,500.0
29188,500.0
29189,500.0
29190,500.0
29191,500.0
29192,500.0
29193,500.0
29194,500.0
29195,500.0
29196,500.0
29197,500.0
29198,500.0
29199,500.0
29200,500.0
29201,500.0
29202,500.0
29203,500.0
29204,500.0
29205,500.0
29206,500.0
29207,500.0
29208,500.0
29209,500.0
29210,500.0
29211,500.0
29212,500.0
29213,500.0
29214,500.0
29215,500.0
29216,500.0
29217,500.0
29218,500.0
29219,500.0
29220,500.0
29221,500.0
29222,500.0
29223,500.0
29224,500.0
29225,500.0
29226,500.0
29227,500.0
29228,500.0
29229,500.0
29230,500.0
29231,500.0
29232,500.0
29233,500.0
29234,500.0
29235,500.0
29236,500.0
29237,500.0
29238,500.0
29239,500.0
29240,500.0
29241,500.0
29242,500.0
29243,500.0
29244,500.0
29245,500.0
29246,500.0
29247,500.0
29248,500.0
29249,500.0
29250,500.0
29251,500.0
29252,500.0
29253,500.0
29254,500.0
29255,500.0
29256,500.0
29257,500.0
29258,500.0
29259,500.0
29260,500.0
29261,500.0
29262,500.0
29263,500.0
29264,500.0
29265,500.0
29266,500.0
29267,500.0
29268,500.0
29269,500.0
29270,500.0
29271,500.0
29272,500.0
29273,500.0
29274,500.0
29275,500.0
29276,500.0
29277,500.0
29278,500.0
29279,500.0
29280,500.0
29281,500.0
29282,500.0
29283,500.0
29284,500.0
29285,500.0
29286,500.0
29287,500.0
29288,500.0
29289,500.0
29290,500.0
29291,500.0
29292,500.0
29293,500.0
29294,500.0
29295,500.0
29296,500.0
29297,500.0
29298,500.0
29299,500.0
29300,500.0
29301,500.0
29302,500.0
29303,500.0
29304,500.0
29305,500.0
29306,500.0
29307,500.0
29308,500.0
29309,500.0
29310,500.0
29311,500.0
29312,500.0
29313,500.0
29314,500.0
29315,500.0
29316,500.0
29317,500.0
29318,500.0
29319,500.0
29320,500.0
29321,500.0
29322,500.0
29323,500.0
29324,500.0
29325,500.0
29326,500.0
29327,500.0
29328,500.0
29329,500.0
29330,500.0
29331,500.0
29332,500.0
29333,500.0
29334,500.0
29335,500.0
29336,500.0
29337,500.0
29338,500.0
29339,500.0
29340,500.0
29341,500.0
29342,500.0
29343,500.0
29344,500.0
29345,500.0
29346,500.0
29347,500.0
29348,500.0
29349,500.0
29350,500.0
29351,500.0
29352,500.0
29353,500.0
29354,500.0
29355,500.0
29356,500.0
29357,500.0
29358,500.0
29359,500.0
29360,500.0
29361,500.0
29362,500.0
29363,500.0
29364,500.0
29365,500.0
29366,500.0
29367,500.0
29368,500.0
29369,500.0
29370,500.0
29371,500.0
29372,500.0
29373,500.0
29374,500.0
29375,500.0
29376,500.0
29377,500.0
29378,500.0
29379,500.0
29380,500.0
29381,500.0
29382,500.0
29383,500.0
29384,500.0
29385,500.0
29386,500.0
29387,500.0
29388,500.0
29389,500.0
29390,500.0
29391,500.0
29392,500.0
29393,500.0
29394,500.0
29395,500.0
29396,500.0
29397,500.0
29398,500.0
29399,500.0
29400,500.0
29401,500.0
29402,500.0
29403,500.0
29404,500.0
29405,500.0
29406,500.0
29407,500.0
29408,500.0
29409,500.0
29410,500.0
29411,500.0
29412,500.0
29413,500.0
29414,500.0
29415,500.0
29416,500.0
29417,500.0
29418,500.0
29419,500.0
29420,500.0
29421,500.0
29422,500.0
29423,500.0
29424,500.0
29425,500.0
29426,500.0
29427,500.0
29428,500.0
29429,500.0
29430,500.0
29431,500.0
29432,500.0
29433,500.0
29434,500.0
29435,500.0
29436,500.0
29437,500.0
29438,500.0
29439,500.0
29440,500.0
29441,500.0
29442,500.0
29443,500.0
29444,500.0
29445,500.0
29446,500.0
29447,500.0
29448,500.0
29449,500.0
29450,500.0
29451,500.0
29452,500.0
29453,500.0
29454,500.0
29455,500.0
29456,500.0
29457,500.0
29458,500.0
29459,500.0
29460,500.0
29461,500.0
29462,500.0
29463,500.0
29464,500.0
29465,500.0
29466,500.0
29467,500.0
29468,500.0
29469,500.0
29470,500.0
29471,500.0
29472,500.0
29473,500.0
29474,500.0
29475,500.0
29476,500.0
29477,500.0
29478,500.0
29479,500.0
29480,500.0
29481,500.0
29482,500.0
29483,500.0
29484,500.0
29485,500.0
29486,500.0
29487,500.0
29488,500.0
29489,500.0
29490,500.0
29491,500.0
29492,500.0
29493,500.0
29494,500.0
29495,500.0
29496,500.0
29497,500.0
29498,500.0
29499,500.0
29500,500.0
29501,500.0
29502,500.0
29503,500.0
29504,500.0
29505,500.0
29506,500.0
29507,500.0
29508,500.0
29509,500.0
29510,500.0
29511,500.0
29512,500.0
29513,500.0
29514,500.0
29515,500.0
29516,500.0
29517,500.0
29518,500.0
29519,500.0
29520,500.0
29521,500.0
29522,500.0
29523,500.0
29524,500.0
29525,500.0
29526,500.0
29527,500.0
29528,500.0
29529,500.0
29530,500.0
29531,500.0
29532,500.0
29533,500.0
29534,500.0
29535,500.0
29536,500.0
29537,500.0
29538,500.0
29539,500.0
29540,500.0
29541,500.0
29542,500.0
29543,500.0
29544,500.0
29545,500.0
29546,500.0
29547,500.0
29548,500.0
29549,500.0
29550,500.0
29551,500.0
29552,500.0
29553,500.0
29554,500.0
29555,500.0
29556,500.0
29557,500.0
29558,500.0
29559,500.0
29560,500.0
29561,500.0
29562,500.0
29563,500.0
29564,500.0
29565,500.0
29566,500.0
29567,500.0
29568,500.0
29569,500.0
29570,500.0
29571,500.0
29572,500.0
29573,500.0
29574,500.0
29575,500.0
29576,500.0
29577,500.0
29578,500.0
29579,500.0
29580,500.0
29581,500.0
29582,500.0
29583,500.0
29584,500.0
29585,500.0
29586,500.0
29587,500.0
29588,500.0
29589,500.0
29590,500.0
29591,500.0
29592,500.0
29593,500.0
29594,500.0
29595,500.0
29596,500.0
29597,500.0
29598,500.0
29599,500.0
29600,500.0
29601,500.0
29602,500.0
29603,500.0
29604,500.0
29605,500.0
29606,500.0
29607,500.0
29608,500.0
29609,500.0
29610,500.0
29611,500.0
29612,500.0
29613,500.0
29614,500.0
29615,500.0
29616,500.0
29617,500.0
29618,500.0
29619,500.0
29620,500.0
29621,500.0
29622,500.0
29623,500.0
29624,500.0
29625,500.0
29626,500.0
29627,500.0
29628,500.0
29629,500.0
29630,500.0
29631,500.0
29632,500.0
29633,500.0
29634,500.0
29635,500.0
29636,500.0
29637,500.0
29638,500.0
29639,500.0
29640,500.0
29641,500.0
29642,500.0
29643,500.0
29644,500.0
29645,500.0
29646,500.0
29647,500.0
29648,500.0
29649,500.0
29650,500.0
29651,500.0
29652,500.0
29653,500.0
29654,500.0
29655,500.0
29656,500.0
29657,500.0
29658,500.0
29659,500.0
29660,500.0
29661,500.0
29662,500.0
29663,500.0
29664,500.0
29665,500.0
29666,500.0
29667,500.0
29668,500.0
29669,500.0
29670,500.0
29671,500.0
29672,500.0
29673,500.0
29674,500.0
29675,500.0
29676,500.0
29677,500.0
29678,500.0
29679,500.0
29680,500.0
29681,500.0
29682,500.0
29683,500.0
29684,500.0
29685,500.0
29686,500.0
29687,500.0
29688,500.0
29689,500.0
29690,500.0
29691,500.0
29692,500.0
29693,500.0
29694,500.0
29695,500.0
29696,500.0
29697,500.0
29698,500.0
29699,500.0
29700,500.0
29701,500.0
29702,500.0
29703,500.0
29704,500.0
29705,500.0
29706,500.0
29707,500.0
29708,500.0
29709,500.0
29710,500.0
29711,500.0
29712,500.0
29713,500.0
29714,500.0
29715,500.0
29716,500.0
29717,500.0
29718,500.0
29719,500.0
29720,500.0
29721,500.0
29722,500.0
29723,500.0
29724,500.0
29725,500.0
29726,500.0
29727,500.0
29728,500.0
29729,500.0
29730,500.0
29731,500.0
29732,500.0
29733,500.0
29734,500.0
29735,500.0
29736,500.0
29737,500.0
29738,500.0
29739,500.0
29740,500.0
29741,500.0
29742,500.0
29743,500.0
29744,500.0
29745,500.0
29746,500.0
29747,500.0
29748,500.0
29749,500.0
29750,500.0
29751,500.0
29752,500.0
29753,500.0
29754,500.0
29755,500.0
29756,500.0
29757,500.0
29758,500.0
29759,500.0
29760,500.0
29761,500.0
29762,500.0
29763,500.0
29764,500.0
29765,500.0
29766,500.0
29767,500.0
29768,500.0
29769,500.0
29770,500.0
29771,500.0
29772,500.0
29773,500.0
29774,500.0
29775,500.0
29776,500.0
29777,500.0
29778,500.0
29779,500.0
29780,500.0
29781,500.0
29782,500.0
29783,500.0
29784,500.0
29785,500.0
29786,500.0
29787,500.0
29788,500.0
29789,500.0
29790,500.0
29791,500.0
29792,500.0
29793,500.0
29794,500.0
29795,500.0
29796,500.0
29797,500.0
29798,500.0
29799,500.0
29800,500.0
29801,500.0
29802,500.0
29803,500.0
29804,500.0
29805,500.0
29806,500.0
29807,500.0
29808,500.0
29809,500.0
29810,500.0
29811,500.0
29812,500.0
29813,500.0
29814,500.0
29815,500.0
29816,500.0
29817,500.0
29818,500.0
29819,500.0
29820,500.0
29821,500.0
29822,500.0
29823,500.0
29824,500.0
29825,500.0
29826,500.0
29827,500.0
29828,500.0
29829,500.0
29830,500.0
29831,500.0
29832,500.0
29833,500.0
29834,500.0
29835,500.0
29836,500.0
29837,500.0
29838,500.0
29839,500.0
29840,500.0
29841,500.0
29842,500.0
29843,500.0
29844,500.0
29845,500.0
29846,500.0
29847,500.0
29848,500.0
29849,500.0
29850,500.0
29851,500.0
29852,500.0
29853,500.0
29854,500.0
29855,500.0
29856,500.0
29857,500.0
29858,500.0
29859,500.0
29860,500.0
29861,500.0
29862,500.0
29863,500.0
29864,500.0
29865,500.0
29866,500.0
29867,500.0
29868,500.0
29869,500.0
29870,500.0
29871,500.0
29872,500.0
29873,500.0
29874,500.0
29875,500.0
29876,500.0
29877,500.0
29878,500.0
29879,500.0
29880,500.0
29881,500.0
29882,500.0
29883,500.0
29884,500.0
29885,500.0
29886,500.0
29887,500.0
29888,500.0
29889,500.0
29890,500.0
29891,500.0
29892,500.0
29893,500.0
29894,500.0
29895,500.0
29896,500.0
29897,500.0
29898,500.0
29899,500.0
29900,500.0
29901,500.0
29902,500.0
29903,500.0
29904,500.0
29905,500.0
29906,500.0
29907,500.0
29908,500.0
29909,500.0
29910,500.0
29911,500.0
29912,500.0
29913,500.0
29914,500.0
29915,500.0
29916,500.0
29917,500.0
29918,500.0
29919,500.0
29920,500.0
29921,500.0
29922,500.0
29923,500.0
29924,500.0
29925,500.0
29926,500.0
29927,500.0
29928,500.0
29929,500.0
29930,500.0
29931,500.0
29932,500.0
29933,500.0
29934,500.0
29935,500.0
29936,500.0
29937,500.0
29938,500.0
29939,500.0
29940,500.0
29941,500.0
29942,500.0
29943,500.0
29944,500.0
29945,500.0
29946,500.0
29947,500.0
29948,500.0
29949,500.0
29950,500.0
29951,500.0
29952,500.0
29953,500.0
29954,500.0
29955,500.0
29956,500.0
29957,500.0
29958,500.0
29959,500.0
29960,500.0
29961,500.0
29962,500.0
29963,500.0
29964,500.0
29965,500.0
29966,500.0
29967,500.0
29968,500.0
29969,500.0
29970,500.0
29971,500.0
29972,500.0
29973,500.0
29974,500.0
29975,500.0
29976,500.0
29977,500.0
29978,500.0
29979,500.0
29980,500.0
29981,500.0
29982,500.0
29983,500.0
29984,500.0
29985,500.0
29986,500.0
29987,500.0
29988,500.0
29989,500.0
29990,500.0
29991,500.0
29992,500.0
29993,500.0
29994,500.0
29995,500.0
29996,500.0
29997,500.0
29998,500.0
29999,500.0
30000,500.0
30001,500.0
30002,500.0
30003,500.0
30004,500.0
30005,500.0
30006,500.0
30007,500.0
30008,500.0
30009,500.0
30010,500.0
30011,500.0
30012,500.0
30013,500.0
30014,500.0
30015,500.0
30016,500.0
30017,500.0
30018,500.0
30019,500.0
30020,500.0
30021,500.0
30022,500.0
30023,500.0
30024,500.0
30025,500.0
30026,500.0
30027,500.0
30028,500.0
30029,500.0
30030,500.0
30031,500.0
30032,500.0
30033,500.0
30034,500.0
30035,500.0
30036,500.0
30037,500.0
30038,500.0
30039,500.0
30040,500.0
30041,500.0
30042,500.0
30043,500.0
30044,500.0
30045,500.0
30046,500.0
30047,500.0
30048,500.0
30049,500.0
30050,500.0
30051,500.0
30052,500.0
30053,500.0
30054,500.0
30055,500.0
30056,500.0
30057,500.0
30058,500.0
30059,500.0
30060,500.0
30061,500.0
30062,500.0
30063,500.0
30064,500.0
30065,500.0
30066,500.0
30067,500.0
30068,500.0
30069,500.0
30070,500.0
30071,500.0
30072,500.0
30073,500.0
30074,500.0
30075,500.0
30076,500.0
30077,500.0
30078,500.0
30079,500.0
30080,500.0
30081,500.0
30082,500.0
30083,500.0
30084,500.0
30085,500.0
30086,500.0
30087,500.0
30088,500.0
30089,500.0
30090,500.0
30091,500.0
30092,500.0
30093,500.0
30094,500.0
30095,500.0
30096,500.0
30097,500.0
30098,500.0
30099,500.0
30100,500.0
30101,500.0
30102,500.0
30103,500.0
30104,500.0
30105,500.0
30106,500.0
30107,500.0
30108,500.0
30109,500.0
30110,500.0
30111,500.0
30112,500.0
30113,500.0
30114,500.0
30115,500.0
30116,500.0
30117,500.0
30118,500.0
30119,500.0
30120,500.0
30121,500.0
30122,500.0
30123,500.0
30124,500.0
30125,500.0
30126,500.0
30127,500.0
30128,500.0
30129,500.0
30130,500.0
30131,500.0
30132,500.0
30133,500.0
30134,500.0
30135,500.0
30136,500.0
30137,500.0
30138,500.0
30139,500.0
30140,500.0
30141,500.0
30142,500.0
30143,500.0
30144,500.0
30145,500.0
30146,500.0
30147,500.0
30148,500.0
30149,500.0
30150,500.0
30151,500.0
30152,500.0
30153,500.0
30154,500.0
30155,500.0
30156,500.0
30157,500.0
30158,500.0
30159,500.0
30160,500.0
30161,500.0
30162,500.0
30163,500.0
30164,500.0
30165,500.0
30166,500.0
30167,500.0
30168,500.0
30169,500.0
30170,500.0
30171,500.0
30172,500.0
30173,500.0
30174,500.0
30175,500.0
30176,500.0
30177,500.0
30178,500.0
30179,500.0
30180,500.0
30181,500.0
30182,500.0
30183,500.0
30184,500.0
30185,500.0
30186,500.0
30187,500.0
30188,500.0
30189,500.0
30190,500.0
30191,500.0
30192,500.0
30193,500.0
30194,500.0
30195,500.0
30196,500.0
30197,500.0
30198,500.0
30199,500.0
30200,500.0
30201,500.0
30202,500.0
30203,500.0
30204,500.0
30205,500.0
30206,500.0
30207,500.0
30208,500.0
30209,500.0
30210,500.0
30211,500.0
30212,500.0
30213,500.0
30214,500.0
30215,500.0
30216,500.0
30217,500.0
30218,500.0
30219,500.0
30220,500.0
30221,500.0
30222,500.0
30223,500.0
30224,500.0
30225,500.0
30226,500.0
30227,500.0
30228,500.0
30229,500.0
30230,500.0
30231,500.0
30232,500.0
30233,500.0
30234,500.0
30235,500.0
30236,500.0
30237,500.0
30238,500.0
30239,500.0
30240,500.0
30241,500.0
30242,500.0
30243,500.0
30244,500.0
30245,500.0
30246,500.0
30247,500.0
30248,500.0
30249,500.0
30250,500.0
30251,500.0
30252,500.0
30253,500.0
30254,500.0
30255,500.0
30256,500.0
30257,500.0
30258,500.0
30259,500.0
30260,500.0
30261,500.0
30262,500.0
30263,500.0
30264,500.0
30265,500.0
30266,500.0
30267,500.0
30268,500.0
30269,500.0
30270,500.0
30271,500.0
30272,500.0
30273,500.0
30274,500.0
30275,500.0
30276,500.0
30277,500.0
30278,500.0
30279,500.0
30280,500.0
30281,500.0
30282,500.0
30283,500.0
30284,500.0
30285,500.0
30286,500.0
30287,500.0
30288,500.0
30289,500.0
30290,500.0
30291,500.0
30292,500.0
30293,500.0
30294,500.0
30295,500.0
30296,500.0
30297,500.0
30298,500.0
30299,500.0
30300,500.0
30301,500.0
30302,500.0
30303,500.0
30304,500.0
30305,500.0
30306,500.0
30307,500.0
30308,500.0
30309,500.0
30310,500.0
30311,500.0
30312,500.0
30313,500.0
30314,500.0
30315,500.0
30316,500.0
30317,500.0
30318,500.0
30319,500.0
30320,500.0
30321,500.0
30322,500.0
30323,500.0
30324,500.0
30325,500.0
30326,500.0
30327,500.0
30328,500.0
30329,500.0
30330,500.0
30331,500.0
30332,500.0
30333,500.0
30334,500.0
30335,500.0
30336,500.0
30337,500.0
30338,500.0
30339,500.0
30340,500.0
30341,500.0
30342,500.0
30343,500.0
30344,500.0
30345,500.0
30346,500.0
30347,500.0
30348,500.0
30349,500.0
30350,500.0
30351,500.0
30352,500.0
30353,500.0
30354,500.0
30355,500.0
30356,500.0
30357,500.0
30358,500.0
30359,500.0
30360,500.0
30361,500.0
30362,500.0
30363,500.0
30364,500.0
30365,500.0
30366,500.0
30367,500.0
30368,500.0
30369,500.0
30370,500.0
30371,500.0
30372,500.0
30373,500.0
30374,500.0
30375,500.0
30376,500.0
30377,500.0
30378,500.0
30379,500.0
30380,500.0
30381,500.0
30382,500.0
30383,500.0
30384,500.0
30385,500.0
30386,500.0
30387,500.0
30388,500.0
30389,500.0
30390,500.0
30391,500.0
30392,500.0
30393,500.0
30394,500.0
30395,500.0
30396,500.0
30397,500.0
30398,500.0
30399,500.0
30400,500.0
30401,500.0
30402,500.0
30403,500.0
30404,500.0
30405,500.0
30406,500.0
30407,500.0
30408,500.0
30409,500.0
30410,500.0
30411,500.0
30412,500.0
30413,500.0
30414,500.0
30415,500.0
30416,500.0
30417,500.0
30418,500.0
30419,500.0
30420,500.0
30421,500.0
30422,500.0
30423,500.0
30424,500.0
30425,500.0
30426,500.0
30427,500.0
30428,500.0
30429,500.0
30430,500.0
30431,500.0
30432,500.0
30433,500.0
30434,500.0
30435,500.0
30436,500.0
30437,500.0
30438,500.0
30439,500.0
30440,500.0
30441,500.0
30442,500.0
30443,500.0
30444,500.0
30445,500.0
30446,500.0
30447,500.0
30448,500.0
30449,500.0
30450,500.0
30451,500.0
30452,500.0
30453,500.0
30454,500.0
30455,500.0
30456,500.0
30457,500.0
30458,500.0
30459,500.0
30460,500.0
30461,500.0
30462,500.0
30463,500.0
30464,500.0
30465,500.0
30466,500.0
30467,500.0
30468,500.0
30469,500.0
30470,500.0
30471,500.0
30472,500.0
30473,500.0
30474,500.0
30475,500.0
30476,500.0
30477,500.0
30478,500.0
30479,500.0
30480,500.0
30481,500.0
30482,500.0
30483,500.0
30484,500.0
30485,500.0
30486,500.0
30487,500.0
30488,500.0
30489,500.0
30490,500.0
30491,500.0
30492,500.0
30493,500.0
30494,500.0
30495,500.0
30496,500.0
30497,500.0
30498,500.0
30499,500.0
30500,500.0
30501,500.0
30502,500.0
30503,500.0
30504,500.0
30505,500.0
30506,500.0
30507,500.0
30508,500.0
30509,500.0
30510,500.0
30511,500.0
30512,500.0
30513,500.0
30514,500.0
30515,500.0
30516,500.0
30517,500.0
30518,500.0
30519,500.0
30520,500.0
30521,500.0
30522,500.0
30523,500.0
30524,500.0
30525,500.0
30526,500.0
30527,500.0
30528,500.0
30529,500.0
30530,500.0
30531,500.0
30532,500.0
30533,500.0
30534,500.0
30535,500.0
30536,500.0
30537,500.0
30538,500.0
30539,500.0
30540,500.0
30541,500.0
30542,500.0
30543,500.0
30544,500.0
30545,500.0
30546,500.0
30547,500.0
30548,500.0
30549,500.0
30550,500.0
30551,500.0
30552,500.0
30553,500.0
30554,500.0
30555,500.0
30556,500.0
30557,500.0
30558,500.0
30559,500.0
30560,500.0
30561,500.0
30562,500.0
30563,500.0
30564,500.0
30565,500.0
30566,299.0
30567,299.0
30568,299.0
30569,299.0
30570,299.0
30571,299.0
30572,299.0
30573,299.0
30574,299.0
30575,299.0
30576,299.0
30577,299.0
30578,299.0
30579,299.0
30580,299.0
30581,299.0
30582,299.0
30583,299.0
30584,299.0
30585,299.0
30586,299.0
30587,299.0
30588,299.0
30589,299.0
30590,299.0
30591,299.0
30592,299.0
30593,299.0
30594,299.0
30595,299.0
30596,299.0
30597,299.0
30598,299.0
30599,299.0
30600,299.0
30601,299.0
30602,299.0
30603,299.0
30604,299.0
30605,299.0
30606,299.0
30607,299.0
30608,299.0
30609,299.0
30610,299.0
30611,299.0
30612,299.0
30613,299.0
30614,299.0
30615,299.0
30616,299.0
30617,299.0
30618,299.0
30619,299.0
30620,299.0
30621,299.0
30622,299.0
30623,299.0
30624,299.0
30625,299.0
30626,299.0
30627,299.0
30628,299.0
30629,299.0
30630,299.0
30631,299.0
30632,299.0
30633,299.0
30634,299.0
30635,299.0
30636,299.0
30637,299.0
30638,299.0
30639,299.0
30640,299.0
30641,299.0
30642,299.0
30643,299.0
30644,299.0
30645,299.0
30646,299.0
30647,299.0
30648,299.0
30649,299.0
30650,299.0
30651,299.0
30652,299.0
30653,299.0
30654,299.0
30655,299.0
30656,299.0
30657,299.0
30658,299.0
30659,299.0
30660,299.0
30661,299.0
30662,299.0
30663,299.0
30664,299.0
30665,299.0
30666,299.0
30667,299.0
30668,299.0
30669,299.0
30670,299.0
30671,299.0
30672,299.0
30673,299.0
30674,299.0
30675,299.0
30676,299.0
30677,299.0
30678,299.0
30679,299.0
30680,299.0
30681,299.0
30682,299.0
30683,299.0
30684,299.0
30685,299.0
30686,299.0
30687,299.0
30688,299.0
30689,299.0
30690,299.0
30691,299.0
30692,299.0
30693,299.0
30694,299.0
30695,299.0
30696,299.0
30697,299.0
30698,299.0
30699,299.0
30700,299.0
30701,299.0
30702,299.0
30703,299.0
30704,299.0
30705,299.0
30706,299.0
30707,299.0
30708,299.0
30709,299.0
30710,299.0
30711,299.0
30712,299.0
30713,299.0
30714,299.0
30715,299.0
30716,299.0
30717,299.0
30718,299.0
30719,299.0
30720,299.0
30721,299.0
30722,299.0
30723,299.0
30724,299.0
30725,299.0
30726,299.0
30727,299.0
30728,299.0
30729,299.0
30730,299.0
30731,299.0
30732,299.0
30733,299.0
30734,299.0
30735,299.0
30736,299.0
30737,299.0
30738,299.0
30739,299.0
30740,299.0
30741,299.0
30742,299.0
30743,299.0
30744,299.0
30745,299.0
30746,299.0
30747,299.0
30748,299.0
30749,299.0
30750,299.0
30751,299.0
30752,299.0
30753,299.0
30754,299.0
30755,299.0
30756,299.0
30757,299.0
30758,299.0
30759,299.0
30760,299.0
30761,299.0
30762,299.0
30763,299.0
30764,299.0
30765,299.0
30766,299.0
30767,299.0
30768,299.0
30769,299.0
30770,299.0
30771,299.0
30772,299.0
30773,299.0
30774,299.0
30775,299.0
30776,299.0
30777,299.0
30778,299.0
30779,299.0
30780,299.0
30781,299.0
30782,299.0
30783,299.0
30784,299.0
30785,299.0
30786,299.0
30787,299.0
30788,299.0
30789,299.0
30790,299.0
30791,299.0
30792,299.0
30793,299.0
30794,299.0
30795,299.0
30796,299.0
30797,299.0
30798,299.0
30799,299.0
30800,299.0
30801,299.0
30802,299.0
30803,299.0
30804,299.0
30805,299.0
30806,299.0
30807,299.0
30808,299.0
30809,299.0
30810,299.0
30811,299.0
30812,299.0
30813,299.0
30814,299.0
30815,299.0
30816,299.0
30817,299.0
30818,299.0
30819,299.0
30820,299.0
30821,299.0
30822,299.0
30823,299.0
30824,299.0
30825,299.0
30826,299.0
30827,299.0
30828,299.0
30829,299.0
30830,299.0
30831,299.0
30832,299.0
30833,299.0
30834,299.0
30835,299.0
30836,299.0
30837,299.0
30838,299.0
30839,299.0
30840,299.0
30841,299.0
30842,299.0
30843,299.0
30844,299.0
30845,299.0
30846,299.0
30847,299.0
30848,299.0
30849,299.0
30850,299.0
30851,299.0
30852,299.0
30853,299.0
30854,299.0
30855,299.0
30856,299.0
30857,299.0
30858,299.0
30859,299.0
30860,299.0
30861,299.0
30862,299.0
30863,299.0
30864,299.0
30865,299.0
30866,299.0
30867,299.0
30868,299.0
30869,299.0
30870,299.0
30871,299.0
30872,299.0
30873,299.0
30874,299.0
30875,299.0
30876,299.0
30877,299.0
30878,299.0
30879,299.0
30880,299.0
30881,299.0
30882,299.0
30883,299.0
30884,299.0
30885,299.0
30886,299.0
30887,299.0
30888,299.0
30889,299.0
30890,299.0
30891,299.0
30892,299.0
30893,299.0
30894,299.0
30895,299.0
30896,299.0
30897,299.0
30898,299.0
30899,299.0
30900,299.0
30901,299.0
30902,299.0
30903,299.0
30904,299.0
30905,299.0
30906,299.0
30907,299.0
30908,299.0
30909,299.0
30910,299.0
30911,299.0
30912,299.0
30913,299.0
30914,299.0
30915,299.0
30916,299.0
30917,299.0
30918,299.0
30919,299.0
30920,299.0
30921,299.0
30922,299.0
30923,299.0
30924,299.0
30925,299.0
30926,299.0
30927,299.0
30928,299.0
30929,299.0
30930,299.0
30931,299.0
30932,299.0
30933,299.0
30934,299.0
30935,299.0
30936,299.0
30937,299.0
30938,299.0
30939,299.0
30940,299.0
30941,299.0
30942,299.0
30943,299.0
30944,299.0
30945,299.0
30946,299.0
30947,299.0
30948,299.0
30949,299.0
30950,299.0
30951,299.0
30952,299.0
30953,299.0
30954,299.0
30955,299.0
30956,299.0
30957,299.0
30958,299.0
30959,299.0
30960,299.0
30961,299.0
30962,299.0
30963,299.0
30964,299.0
30965,299.0
30966,299.0
30967,299.0
30968,299.0
30969,299.0
30970,299.0
30971,299.0
30972,299.0
30973,299.0
30974,299.0
30975,299.0
30976,299.0
30977,299.0
30978,299.0
30979,299.0
30980,299.0
30981,299.0
30982,299.0
30983,299.0
30984,299.0
30985,299.0
30986,299.0
30987,299.0
30988,299.0
30989,299.0
30990,299.0
30991,299.0
30992,299.0
30993,299.0
30994,299.0
30995,299.0
30996,299.0
30997,299.0
30998,299.0
30999,299.0
31000,299.0
31001,299.0
31002,299.0
31003,299.0
31004,299.0
31005,299.0
31006,299.0
31007,299.0
31008,299.0
31009,299.0
31010,299.0
31011,299.0
31012,299.0
31013,299.0
31014,299.0
31015,299.0
31016,299.0
31017,299.0
31018,299.0
31019,299.0
31020,299.0
31021,299.0
31022,299.0
31023,299.0
31024,299.0
31025,299.0
31026,299.0
31027,299.0
31028,299.0
31029,299.0
31030,299.0
31031,299.0
31032,299.0
31033,299.0
31034,299.0
31035,299.0
31036,299.0
31037,299.0
31038,299.0
31039,299.0
31040,299.0
31041,299.0
31042,299.0
31043,299.0
31044,299.0
31045,299.0
31046,299.0
31047,299.0
31048,299.0
31049,299.0
31050,299.0
31051,299.0
31052,299.0
31053,299.0
31054,299.0
31055,299.0
31056,299.0
31057,299.0
31058,299.0
31059,299.0
31060,299.0
31061,299.0
31062,299.0
31063,299.0
31064,299.0
31065,299.0
31066,500.0
31067,500.0
31068,500.0
31069,500.0
31070,500.0
31071,500.0
31072,500.0
31073,500.0
31074,500.0
31075,500.0
31076,500.0
31077,500.0
31078,500.0
31079,500.0
31080,500.0
31081,500.0
31082,500.0
31083,500.0
31084,500.0
31085,500.0
31086,500.0
31087,500.0
31088,500.0
31089,500.0
31090,500.0
31091,500.0
31092,500.0
31093,500.0
31094,500.0
31095,500.0
31096,500.0
31097,500.0
31098,500.0
31099,500.0
31100,500.0
31101,500.0
31102,500.0
31103,500.0
31104,500.0
31105,500.0
31106,500.0
31107,500.0
31108,500.0
31109,500.0
31110,500.0
31111,500.0
31112,500.0
31113,500.0
31114,500.0
31115,500.0
31116,500.0
31117,500.0
31118,500.0
31119,500.0
31120,500.0
31121,500.0
31122,500.0
31123,500.0
31124,500.0
31125,500.0
31126,500.0
31127,500.0
31128,500.0
31129,500.0
31130,500.0
31131,500.0
31132,500.0
31133,500.0
31134,500.0
31135,500.0
31136,500.0
31137,500.0
31138,500.0
31139,500.0
31140,500.0
31141,500.0
31142,500.0
31143,500.0
31144,500.0
31145,500.0
31146,500.0
31147,500.0
31148,500.0
31149,500.0
31150,500.0
31151,500.0
31152,500.0
31153,500.0
31154,500.0
31155,500.0
31156,500.0
31157,500.0
31158,500.0
31159,500.0
31160,500.0
31161,500.0
31162,500.0
31163,500.0
31164,500.0
31165,500.0
31166,500.0
31167,500.0
31168,500.0
31169,500.0
31170,500.0
31171,500.0
31172,500.0
31173,500.0
31174,500.0
31175,500.0
31176,500.0
31177,500.0
31178,500.0
31179,500.0
31180,500.0
31181,500.0
31182,500.0
31183,500.0
31184,500.0
31185,500.0
31186,500.0
31187,500.0
31188,500.0
31189,500.0
31190,500.0
31191,500.0
31192,500.0
31193,500.0
31194,500.0
31195,500.0
31196,500.0
31197,500.0
31198,500.0
31199,500.0
31200,500.0
31201,500.0
31202,500.0
31203,500.0
31204,500.0
31205,500.0
31206,500.0
31207,500.0
31208,500.0
31209,500.0
31210,500.0
31211,500.0
31212,500.0
31213,500.0
31214,500.0
31215,500.0
31216,500.0
31217,500.0
31218,500.0
31219,500.0
31220,500.0
31221,500.0
31222,500.0
31223,500.0
31224,500.0
31225,500.0
31226,500.0
31227,500.0
31228,500.0
31229,500.0
31230,500.0
31231,500.0
31232,500.0
31233,500.0
31234,500.0
31235,500.0
31236,500.0
31237,500.0
31238,500.0
31239,500.0
31240,500.0
31241,500.0
31242,500.0
31243,500.0
31244,500.0
31245,500.0
31246,500.0
31247,500.0
31248,500.0
31249,500.0
31250,500.0
31251,500.0
31252,500.0
31253,500.0
31254,500.0
31255,500.0
31256,500.0
31257,500.0
31258,500.0
31259,500.0
31260,500.0
31261,500.0
31262,500.0
31263,500.0
31264,500.0
31265,500.0
31266,500.0
31267,500.0
31268,500.0
31269,500.0
31270,500.0
31271,500.0
31272,500.0
31273,500.0
31274,500.0
31275,500.0
31276,500.0
31277,500.0
31278,500.0
31279,500.0
31280,500.0
31281,500.0
31282,500.0
31283,500.0
31284,500.0
31285,500.0
31286,500.0
31287,500.0
31288,500.0
31289,500.0
31290,500.0
31291,500.0
31292,500.0
31293,500.0
31294,500.0
31295,500.0
31296,500.0
31297,500.0
31298,500.0
31299,500.0
31300,500.0
31301,500.0
31302,500.0
31303,500.0
31304,500.0
31305,500.0
31306,500.0
31307,500.0
31308,500.0
31309,500.0
31310,500.0
31311,500.0
31312,500.0
31313,500.0
31314,500.0
31315,500.0
31316,500.0
31317,500.0
31318,500.0
31319,500.0
31320,500.0
31321,500.0
31322,500.0
31323,500.0
31324,500.0
31325,500.0
31326,500.0
31327,500.0
31328,500.0
31329,500.0
31330,500.0
31331,500.0
31332,500.0
31333,500.0
31334,500.0
31335,500.0
31336,500.0
31337,500.0
31338,500.0
31339,500.0
31340,500.0
31341,500.0
31342,500.0
31343,500.0
31344,500.0
31345,500.0
31346,500.0
31347,500.0
31348,500.0
31349,500.0
31350,500.0
31351,500.0
31352,500.0
31353,500.0
31354,500.0
31355,500.0
31356,500.0
31357,500.0
31358,500.0
31359,500.0
31360,500.0
31361,500.0
31362,500.0
31363,500.0
31364,500.0
31365,500.0
31366,500.0
31367,500.0
31368,500.0
31369,500.0
31370,500.0
31371,500.0
31372,500.0
31373,500.0
31374,500.0
31375,500.0
31376,500.0
31377,500.0
31378,500.0
31379,500.0
31380,500.0
31381,500.0
31382,500.0
31383,500.0
31384,500.0
31385,500.0
31386,500.0
31387,500.0
31388,500.0
31389,500.0
31390,500.0
31391,500.0
31392,500.0
31393,500.0
31394,500.0
31395,500.0
31396,500.0
31397,500.0
31398,500.0
31399,500.0
31400,500.0
31401,500.0
31402,500.0
31403,500.0
31404,500.0
31405,500.0
31406,500.0
31407,500.0
31408,500.0
31409,500.0
31410,500.0
31411,500.0
31412,500.0
31413,500.0
31414,500.0
31415,500.0
31416,500.0
31417,500.0
31418,500.0
31419,500.0
31420,500.0
31421,500.0
31422,500.0
31423,500.0
31424,500.0
31425,500.0
31426,500.0
31427,500.0
31428,500.0
31429,500.0
31430,500.0
31431,500.0
31432,500.0
31433,500.0
31434,500.0
31435,500.0
31436,500.0
31437,500.0
31438,500.0
31439,500.0
31440,500.0
31441,500.0
31442,500.0
31443,500.0
31444,500.0
31445,500.0
31446,500.0
31447,500.0
31448,500.0
31449,500.0
31450,500.0
31451,500.0
31452,500.0
31453,500.0
31454,500.0
31455,500.0
31456,500.0
31457,500.0
31458,500.0
31459,500.0
31460,500.0
31461,500.0
31462,500.0
31463,500.0
31464,500.0
31465,500.0
31466,500.0
31467,500.0
31468,500.0
31469,500.0
31470,500.0
31471,500.0
31472,500.0
31473,500.0
31474,500.0
31475,500.0
31476,500.0
31477,500.0
31478,500.0
31479,500.0
31480,500.0
31481,500.0
31482,500.0
31483,500.0
31484,500.0
31485,500.0
31486,500.0
31487,500.0
31488,500.0
31489,500.0
31490,500.0
31491,500.0
31492,500.0
31493,500.0
31494,500.0
31495,500.0
31496,430.0
31497,430.0
31498,430.0
31499,430.0
31500,430.0
31501,430.0
31502,430.0
31503,430.0
31504,430.0
31505,430.0
31506,430.0
31507,430.0
31508,430.0
31509,430.0
31510,430.0
31511,430.0
31512,430.0
31513,430.0
31514,430.0
31515,430.0
31516,430.0
31517,430.0
31518,430.0
31519,430.0
31520,430.0
31521,430.0
31522,430.0
31523,430.0
31524,430.0
31525,430.0
31526,430.0
31527,430.0
31528,430.0
31529,430.0
31530,430.0
31531,430.0
31532,430.0
31533,430.0
31534,430.0
31535,430.0
31536,430.0
31537,430.0
31538,430.0
31539,430.0
31540,430.0
31541,430.0
31542,430.0
31543,430.0
31544,430.0
31545,430.0
31546,430.0
31547,430.0
31548,430.0
31549,430.0
31550,430.0
31551,430.0
31552,430.0
31553,430.0
31554,430.0
31555,430.0
31556,430.0
31557,430.0
31558,430.0
31559,430.0
31560,430.0
31561,430.0
31562,430.0
31563,430.0
31564,430.0
31565,430.0
31566,430.0
31567,430.0
31568,430.0
31569,430.0
31570,430.0
31571,430.0
31572,430.0
31573,430.0
31574,430.0
31575,430.0
31576,430.0
31577,430.0
31578,430.0
31579,430.0
31580,430.0
31581,430.0
31582,430.0
31583,430.0
31584,430.0
31585,430.0
31586,430.0
31587,430.0
31588,430.0
31589,430.0
31590,430.0
31591,430.0
31592,430.0
31593,430.0
31594,430.0
31595,430.0
31596,430.0
31597,430.0
31598,430.0
31599,430.0
31600,430.0
31601,430.0
31602,430.0
31603,430.0
31604,430.0
31605,430.0
31606,430.0
31607,430.0
31608,430.0
31609,430.0
31610,430.0
31611,430.0
31612,430.0
31613,430.0
31614,430.0
31615,430.0
31616,430.0
31617,430.0
31618,430.0
31619,430.0
31620,430.0
31621,430.0
31622,430.0
31623,430.0
31624,430.0
31625,430.0
31626,430.0
31627,430.0
31628,430.0
31629,430.0
31630,430.0
31631,430.0
31632,430.0
31633,430.0
31634,430.0
31635,430.0
31636,430.0
31637,430.0
31638,430.0
31639,430.0
31640,430.0
31641,430.0
31642,430.0
31643,430.0
31644,430.0
31645,430.0
31646,430.0
31647,430.0
31648,430.0
31649,430.0
31650,430.0
31651,430.0
31652,430.0
31653,430.0
31654,430.0
31655,430.0
31656,430.0
31657,430.0
31658,430.0
31659,430.0
31660,430.0
31661,430.0
31662,430.0
31663,430.0
31664,430.0
31665,430.0
31666,430.0
31667,430.0
31668,430.0
31669,430.0
31670,430.0
31671,430.0
31672,430.0
31673,430.0
31674,430.0
31675,430.0
31676,430.0
31677,430.0
31678,430.0
31679,430.0
31680,430.0
31681,430.0
31682,430.0
31683,430.0
31684,430.0
31685,430.0
31686,430.0
31687,430.0
31688,430.0
31689,430.0
31690,430.0
31691,430.0
31692,430.0
31693,430.0
31694,430.0
31695,430.0
31696,430.0
31697,430.0
31698,430.0
31699,430.0
31700,430.0
31701,430.0
31702,430.0
31703,430.0
31704,430.0
31705,430.0
31706,430.0
31707,430.0
31708,430.0
31709,430.0
31710,430.0
31711,430.0
31712,430.0
31713,430.0
31714,430.0
31715,430.0
31716,430.0
31717,430.0
31718,430.0
31719,430.0
31720,430.0
31721,430.0
31722,430.0
31723,430.0
31724,430.0
31725,430.0
31726,430.0
31727,430.0
31728,430.0
31729,430.0
31730,430.0
31731,430.0
31732,430.0
31733,430.0
31734,430.0
31735,430.0
31736,430.0
31737,430.0
31738,430.0
31739,430.0
31740,430.0
31741,430.0
31742,430.0
31743,430.0
31744,430.0
31745,430.0
31746,430.0
31747,430.0
31748,430.0
31749,430.0
31750,430.0
31751,430.0
31752,430.0
31753,430.0
31754,430.0
31755,430.0
31756,430.0
31757,430.0
31758,430.0
31759,430.0
31760,430.0
31761,430.0
31762,430.0
31763,430.0
31764,430.0
31765,430.0
31766,430.0
31767,430.0
31768,430.0
31769,430.0
31770,430.0
31771,430.0
31772,430.0
31773,430.0
31774,430.0
31775,430.0
31776,430.0
31777,430.0
31778,430.0
31779,430.0
31780,430.0
31781,430.0
31782,430.0
31783,430.0
31784,430.0
31785,430.0
31786,430.0
31787,430.0
31788,430.0
31789,430.0
31790,430.0
31791,430.0
31792,430.0
31793,430.0
31794,430.0
31795,430.0
31796,430.0
31797,430.0
31798,430.0
31799,430.0
31800,430.0
31801,430.0
31802,430.0
31803,430.0
31804,430.0
31805,430.0
31806,430.0
31807,430.0
31808,430.0
31809,430.0
31810,430.0
31811,430.0
31812,430.0
31813,430.0
31814,430.0
31815,430.0
31816,430.0
31817,430.0
31818,430.0
31819,430.0
31820,430.0
31821,430.0
31822,430.0
31823,430.0
31824,430.0
31825,430.0
31826,430.0
31827,430.0
31828,430.0
31829,430.0
31830,430.0
31831,430.0
31832,430.0
31833,430.0
31834,430.0
31835,430.0
31836,430.0
31837,430.0
31838,430.0
31839,430.0
31840,430.0
31841,430.0
31842,430.0
31843,430.0
31844,430.0
31845,430.0
31846,430.0
31847,430.0
31848,430.0
31849,430.0
31850,430.0
31851,430.0
31852,430.0
31853,430.0
31854,430.0
31855,430.0
31856,430.0
31857,430.0
31858,430.0
31859,430.0
31860,430.0
31861,430.0
31862,430.0
31863,430.0
31864,430.0
31865,430.0
31866,430.0
31867,430.0
31868,430.0
31869,430.0
31870,430.0
31871,430.0
31872,430.0
31873,430.0
31874,430.0
31875,430.0
31876,430.0
31877,430.0
31878,430.0
31879,430.0
31880,430.0
31881,430.0
31882,430.0
31883,430.0
31884,430.0
31885,430.0
31886,430.0
31887,430.0
31888,430.0
31889,430.0
31890,430.0
31891,430.0
31892,430.0
31893,430.0
31894,430.0
31895,430.0
31896,430.0
31897,430.0
31898,430.0
31899,430.0
31900,430.0
31901,430.0
31902,430.0
31903,430.0
31904,430.0
31905,430.0
31906,430.0
31907,430.0
31908,430.0
31909,430.0
31910,430.0
31911,430.0
31912,430.0
31913,430.0
31914,430.0
31915,430.0
31916,430.0
31917,430.0
31918,430.0
31919,430.0
31920,430.0
31921,430.0
31922,430.0
31923,430.0
31924,430.0
31925,430.0
31926,430.0
31927,430.0
31928,430.0
31929,430.0
31930,430.0
31931,430.0
31932,430.0
31933,430.0
31934,430.0
31935,430.0
31936,430.0
31937,430.0
31938,430.0
31939,430.0
31940,430.0
31941,430.0
31942,430.0
31943,430.0
31944,430.0
31945,430.0
31946,430.0
31947,430.0
31948,430.0
31949,430.0
31950,430.0
31951,430.0
31952,430.0
31953,430.0
31954,430.0
31955,430.0
31956,430.0
31957,430.0
31958,430.0
31959,430.0
31960,430.0
31961,430.0
31962,430.0
31963,430.0
31964,430.0
31965,430.0
31966,430.0
31967,430.0
31968,430.0
31969,430.0
31970,430.0
31971,430.0
31972,430.0
31973,430.0
31974,430.0
31975,430.0
31976,430.0
31977,430.0
31978,430.0
31979,430.0
31980,430.0
31981,430.0
31982,430.0
31983,430.0
31984,430.0
31985,430.0
31986,430.0
31987,430.0
31988,430.0
31989,430.0
31990,430.0
31991,430.0
31992,430.0
31993,430.0
31994,430.0
31995,430.0
31996,500.0
31997,500.0
31998,500.0
31999,500.0
32000,500.0
32001,500.0
32002,500.0
32003,500.0
32004,500.0
32005,500.0
32006,500.0
32007,500.0
32008,500.0
32009,500.0
32010,500.0
32011,500.0
32012,500.0
32013,500.0
32014,500.0
32015,500.0
32016,500.0
32017,500.0
32018,500.0
32019,500.0
32020,500.0
32021,500.0
32022,500.0
32023,500.0
32024,500.0
32025,500.0
32026,500.0
32027,500.0
32028,500.0
32029,500.0
32030,500.0
32031,500.0
32032,500.0
32033,500.0
32034,500.0
32035,500.0
32036,500.0
32037,500.0
32038,500.0
32039,500.0
32040,500.0
32041,500.0
32042,500.0
32043,500.0
32044,500.0
32045,500.0
32046,500.0
32047,500.0
32048,500.0
32049,500.0
32050,500.0
32051,500.0
32052,500.0
32053,500.0
32054,500.0
32055,500.0
32056,500.0
32057,500.0
32058,500.0
32059,500.0
32060,500.0
32061,500.0
32062,500.0
32063,500.0
32064,500.0
32065,500.0
32066,500.0
32067,500.0
32068,500.0
32069,500.0
32070,500.0
32071,500.0
32072,500.0
32073,500.0
32074,500.0
32075,500.0
32076,500.0
32077,500.0
32078,500.0
32079,500.0
32080,500.0
32081,500.0
32082,500.0
32083,500.0
32084,500.0
32085,500.0
32086,500.0
32087,500.0
32088,500.0
32089,500.0
32090,500.0
32091,500.0
32092,500.0
32093,500.0
32094,500.0
32095,500.0
32096,500.0
32097,500.0
32098,500.0
32099,500.0
32100,500.0
32101,500.0
32102,500.0
32103,500.0
32104,500.0
32105,500.0
32106,500.0
32107,500.0
32108,500.0
32109,500.0
32110,500.0
32111,500.0
32112,500.0
32113,500.0
32114,500.0
32115,500.0
32116,500.0
32117,500.0
32118,500.0
32119,500.0
32120,500.0
32121,500.0
32122,500.0
32123,500.0
32124,500.0
32125,500.0
32126,500.0
32127,500.0
32128,500.0
32129,500.0
32130,500.0
32131,500.0
32132,500.0
32133,500.0
32134,500.0
32135,500.0
32136,500.0
32137,500.0
32138,500.0
32139,500.0
32140,500.0
32141,500.0
32142,500.0
32143,500.0
32144,500.0
32145,500.0
32146,500.0
32147,500.0
32148,500.0
32149,500.0
32150,500.0
32151,500.0
32152,500.0
32153,500.0
32154,500.0
32155,500.0
32156,500.0
32157,500.0
32158,500.0
32159,500.0
32160,500.0
32161,500.0
32162,500.0
32163,500.0
32164,500.0
32165,500.0
32166,500.0
32167,500.0
32168,500.0
32169,500.0
32170,500.0
32171,500.0
32172,500.0
32173,500.0
32174,500.0
32175,500.0
32176,500.0
32177,500.0
32178,500.0
32179,500.0
32180,500.0
32181,500.0
32182,500.0
32183,500.0
32184,500.0
32185,500.0
32186,500.0
32187,500.0
32188,500.0
32189,500.0
32190,500.0
32191,500.0
32192,500.0
32193,500.0
32194,500.0
32195,500.0
32196,500.0
32197,500.0
32198,500.0
32199,500.0
32200,500.0
32201,500.0
32202,500.0
32203,500.0
32204,500.0
32205,500.0
32206,500.0
32207,500.0
32208,500.0
32209,500.0
32210,500.0
32211,500.0
32212,500.0
32213,500.0
32214,500.0
32215,500.0
32216,500.0
32217,500.0
32218,500.0
32219,500.0
32220,500.0
32221,500.0
32222,500.0
32223,500.0
32224,500.0
32225,500.0
32226,500.0
32227,500.0
32228,500.0
32229,500.0
32230,500.0
32231,500.0
32232,500.0
32233,500.0
32234,500.0
32235,500.0
32236,500.0
32237,500.0
32238,500.0
32239,500.0
32240,500.0
32241,500.0
32242,500.0
32243,500.0
32244,500.0
32245,500.0
32246,500.0
32247,500.0
32248,500.0
32249,500.0
32250,500.0
32251,500.0
32252,500.0
32253,500.0
32254,500.0
32255,500.0
32256,500.0
32257,500.0
32258,500.0
32259,500.0
32260,500.0
32261,500.0
32262,500.0
32263,500.0
32264,500.0
32265,500.0
32266,500.0
32267,500.0
32268,500.0
32269,500.0
32270,500.0
32271,500.0
32272,500.0
32273,500.0
32274,500.0
32275,500.0
32276,500.0
32277,500.0
32278,500.0
32279,500.0
32280,500.0
32281,500.0
32282,500.0
32283,500.0
32284,500.0
32285,500.0
32286,500.0
32287,500.0
32288,500.0
32289,500.0
32290,500.0
32291,500.0
32292,500.0
32293,500.0
32294,500.0
32295,500.0
32296,500.0
32297,500.0
32298,500.0
32299,500.0
32300,500.0
32301,500.0
32302,500.0
32303,500.0
32304,500.0
32305,500.0
32306,500.0
32307,500.0
32308,500.0
32309,500.0
32310,500.0
32311,500.0
32312,500.0
32313,500.0
32314,500.0
32315,500.0
32316,500.0
32317,500.0
32318,500.0
32319,500.0
32320,500.0
32321,500.0
32322,500.0
32323,500.0
32324,500.0
32325,500.0
32326,500.0
32327,500.0
32328,500.0
32329,500.0
32330,500.0
32331,500.0
32332,500.0
32333,500.0
32334,500.0
32335,500.0
32336,500.0
32337,500.0
32338,500.0
32339,500.0
32340,500.0
32341,500.0
32342,500.0
32343,500.0
32344,500.0
32345,500.0
32346,500.0
32347,500.0
32348,500.0
32349,500.0
32350,500.0
32351,500.0
32352,500.0
32353,500.0
32354,500.0
32355,500.0
32356,500.0
32357,500.0
32358,500.0
32359,500.0
32360,500.0
32361,500.0
32362,500.0
32363,500.0
32364,500.0
32365,500.0
32366,500.0
32367,500.0
32368,500.0
32369,500.0
32370,500.0
32371,500.0
32372,500.0
32373,500.0
32374,500.0
32375,500.0
32376,500.0
32377,500.0
32378,500.0
32379,500.0
32380,500.0
32381,500.0
32382,500.0
32383,500.0
32384,500.0
32385,500.0
32386,500.0
32387,500.0
32388,500.0
32389,500.0
32390,500.0
32391,500.0
32392,500.0
32393,500.0
32394,500.0
32395,500.0
32396,500.0
32397,500.0
32398,500.0
32399,500.0
32400,500.0
32401,500.0
32402,500.0
32403,500.0
32404,500.0
32405,500.0
32406,500.0
32407,500.0
32408,500.0
32409,500.0
32410,500.0
32411,500.0
32412,500.0
32413,500.0
32414,500.0
32415,500.0
32416,500.0
32417,500.0
32418,500.0
32419,500.0
32420,500.0
32421,500.0
32422,500.0
32423,500.0
32424,500.0
32425,500.0
32426,500.0
32427,500.0
32428,500.0
32429,500.0
32430,500.0
32431,500.0
32432,500.0
32433,500.0
32434,500.0
32435,500.0
32436,500.0
32437,500.0
32438,500.0
32439,500.0
32440,500.0
32441,500.0
32442,500.0
32443,500.0
32444,500.0
32445,500.0
32446,500.0
32447,500.0
32448,500.0
32449,500.0
32450,500.0
32451,500.0
32452,500.0
32453,500.0
32454,500.0
32455,500.0
32456,500.0
32457,500.0
32458,500.0
32459,500.0
32460,500.0
32461,500.0
32462,500.0
32463,500.0
32464,500.0
32465,500.0
32466,500.0
32467,500.0
32468,500.0
32469,500.0
32470,500.0
32471,500.0
32472,500.0
32473,500.0
32474,500.0
32475,500.0
32476,500.0
32477,500.0
32478,500.0
32479,500.0
32480,500.0
32481,500.0
32482,500.0
32483,500.0
32484,500.0
32485,500.0
32486,500.0
32487,500.0
32488,500.0
32489,500.0
32490,500.0
32491,500.0
32492,500.0
32493,500.0
32494,500.0
32495,500.0
32496,500.0
32497,500.0
32498,500.0
32499,500.0
32500,500.0
32501,500.0
32502,500.0
32503,500.0
32504,500.0
32505,500.0
32506,500.0
32507,500.0
32508,500.0
32509,500.0
32510,500.0
32511,500.0
32512,500.0
32513,500.0
32514,500.0
32515,500.0
32516,500.0
32517,500.0
32518,500.0
32519,500.0
32520,500.0
32521,500.0
32522,500.0
32523,500.0
32524,500.0
32525,500.0
32526,500.0
32527,500.0
32528,500.0
32529,500.0
32530,500.0
32531,500.0
32532,500.0
32533,500.0
32534,500.0
32535,500.0
32536,500.0
32537,500.0
32538,500.0
32539,500.0
32540,500.0
32541,500.0
32542,500.0
32543,500.0
32544,500.0
32545,500.0
32546,500.0
32547,500.0
32548,500.0
32549,500.0
32550,500.0
32551,500.0
32552,500.0
32553,500.0
32554,500.0
32555,500.0
32556,500.0
32557,500.0
32558,500.0
32559,500.0
32560,500.0
32561,500.0
32562,500.0
32563,500.0
32564,500.0
32565,500.0
32566,500.0
32567,500.0
32568,500.0
32569,500.0
32570,500.0
32571,500.0
32572,500.0
32573,500.0
32574,500.0
32575,500.0
32576,500.0
32577,500.0
32578,500.0
32579,500.0
32580,500.0
32581,500.0
32582,500.0
32583,500.0
32584,500.0
32585,500.0
32586,500.0
32587,500.0
32588,500.0
32589,500.0
32590,500.0
32591,500.0
32592,500.0
32593,500.0
32594,500.0
32595,500.0
32596,500.0
32597,500.0
32598,500.0
32599,500.0
32600,500.0
32601,500.0
32602,500.0
32603,500.0
32604,500.0
32605,500.0
32606,500.0
32607,500.0
32608,500.0
32609,500.0
32610,500.0
32611,500.0
32612,500.0
32613,500.0
32614,500.0
32615,500.0
32616,500.0
32617,500.0
32618,500.0
32619,500.0
32620,500.0
32621,500.0
32622,500.0
32623,500.0
32624,500.0
32625,500.0
32626,500.0
32627,500.0
32628,500.0
32629,500.0
32630,500.0
32631,500.0
32632,500.0
32633,500.0
32634,500.0
32635,500.0
32636,500.0
32637,500.0
32638,500.0
32639,500.0
32640,500.0
32641,500.0
32642,500.0
32643,500.0
32644,500.0
32645,500.0
32646,500.0
32647,500.0
32648,500.0
32649,500.0
32650,500.0
32651,500.0
32652,500.0
32653,500.0
32654,500.0
32655,500.0
32656,500.0
32657,500.0
32658,500.0
32659,500.0
32660,500.0
32661,500.0
32662,500.0
32663,500.0
32664,500.0
32665,500.0
32666,500.0
32667,500.0
32668,500.0
32669,500.0
32670,500.0
32671,500.0
32672,500.0
32673,500.0
32674,500.0
32675,500.0
32676,500.0
32677,500.0
32678,500.0
32679,500.0
32680,500.0
32681,500.0
32682,500.0
32683,500.0
32684,500.0
32685,500.0
32686,500.0
32687,500.0
32688,500.0
32689,500.0
32690,500.0
32691,500.0
32692,500.0
32693,500.0
32694,500.0
32695,500.0
32696,500.0
32697,500.0
32698,500.0
32699,500.0
32700,500.0
32701,500.0
32702,500.0
32703,500.0
32704,500.0
32705,500.0
32706,500.0
32707,500.0
32708,500.0
32709,500.0
32710,500.0
32711,500.0
32712,500.0
32713,500.0
32714,500.0
32715,500.0
32716,500.0
32717,500.0
32718,500.0
32719,500.0
32720,500.0
32721,500.0
32722,500.0
32723,500.0
32724,500.0
32725,500.0
32726,500.0
32727,500.0
32728,500.0
32729,500.0
32730,500.0
32731,500.0
32732,500.0
32733,500.0
32734,500.0
32735,500.0
32736,500.0
32737,500.0
32738,500.0
32739,500.0
32740,500.0
32741,500.0
32742,500.0
32743,500.0
32744,500.0
32745,500.0
32746,500.0
32747,500.0
32748,500.0
32749,500.0
32750,500.0
32751,500.0
32752,500.0
32753,500.0
32754,500.0
32755,500.0
32756,500.0
32757,500.0
32758,500.0
32759,500.0
32760,500.0
32761,500.0
32762,500.0
32763,500.0
32764,500.0
32765,500.0
32766,500.0
32767,500.0
32768,500.0
32769,500.0
32770,500.0
32771,500.0
32772,500.0
32773,500.0
32774,500.0
32775,500.0
32776,500.0
32777,500.0
32778,500.0
32779,500.0
32780,500.0
32781,500.0
32782,500.0
32783,500.0
32784,500.0
32785,500.0
32786,500.0
32787,500.0
32788,500.0
32789,500.0
32790,500.0
32791,500.0
32792,500.0
32793,500.0
32794,500.0
32795,500.0
32796,500.0
32797,500.0
32798,500.0
32799,500.0
32800,500.0
32801,500.0
32802,500.0
32803,500.0
32804,500.0
32805,500.0
32806,500.0
32807,500.0
32808,500.0
32809,500.0
32810,500.0
32811,500.0
32812,500.0
32813,500.0
32814,500.0
32815,500.0
32816,500.0
32817,500.0
32818,500.0
32819,500.0
32820,500.0
32821,500.0
32822,500.0
32823,500.0
32824,500.0
32825,500.0
32826,500.0
32827,500.0
32828,500.0
32829,500.0
32830,500.0
32831,500.0
32832,500.0
32833,500.0
32834,500.0
32835,500.0
32836,500.0
32837,500.0
32838,500.0
32839,500.0
32840,500.0
32841,500.0
32842,500.0
32843,500.0
32844,500.0
32845,500.0
32846,500.0
32847,500.0
32848,500.0
32849,500.0
32850,500.0
32851,500.0
32852,500.0
32853,500.0
32854,500.0
32855,500.0
32856,500.0
32857,500.0
32858,500.0
32859,500.0
32860,500.0
32861,500.0
32862,500.0
32863,500.0
32864,500.0
32865,500.0
32866,500.0
32867,500.0
32868,500.0
32869,500.0
32870,500.0
32871,500.0
32872,500.0
32873,500.0
32874,500.0
32875,500.0
32876,500.0
32877,500.0
32878,500.0
32879,500.0
32880,500.0
32881,500.0
32882,500.0
32883,500.0
32884,500.0
32885,500.0
32886,500.0
32887,500.0
32888,500.0
32889,500.0
32890,500.0
32891,500.0
32892,500.0
32893,500.0
32894,500.0
32895,500.0
32896,500.0
32897,500.0
32898,500.0
32899,500.0
32900,500.0
32901,500.0
32902,500.0
32903,500.0
32904,500.0
32905,500.0
32906,500.0
32907,500.0
32908,500.0
32909,500.0
32910,500.0
32911,500.0
32912,500.0
32913,500.0
32914,500.0
32915,500.0
32916,500.0
32917,500.0
32918,500.0
32919,500.0
32920,500.0
32921,500.0
32922,500.0
32923,500.0
32924,500.0
32925,500.0
32926,500.0
32927,500.0
32928,500.0
32929,500.0
32930,500.0
32931,500.0
32932,500.0
32933,500.0
32934,500.0
32935,500.0
32936,500.0
32937,500.0
32938,500.0
32939,500.0
32940,500.0
32941,500.0
32942,500.0
32943,500.0
32944,500.0
32945,500.0
32946,500.0
32947,500.0
32948,500.0
32949,500.0
32950,500.0
32951,500.0
32952,500.0
32953,500.0
32954,500.0
32955,500.0
32956,500.0
32957,500.0
32958,500.0
32959,500.0
32960,500.0
32961,500.0
32962,500.0
32963,500.0
32964,500.0
32965,500.0
32966,500.0
32967,500.0
32968,500.0
32969,500.0
32970,500.0
32971,500.0
32972,500.0
32973,500.0
32974,500.0
32975,500.0
32976,500.0
32977,500.0
32978,500.0
32979,500.0
32980,500.0
32981,500.0
32982,500.0
32983,500.0
32984,500.0
32985,500.0
32986,500.0
32987,500.0
32988,500.0
32989,500.0
32990,500.0
32991,500.0
32992,500.0
32993,500.0
32994,500.0
32995,500.0
32996,500.0
32997,500.0
32998,500.0
32999,500.0
33000,500.0
33001,500.0
33002,500.0
33003,500.0
33004,500.0
33005,500.0
33006,500.0
33007,500.0
33008,500.0
33009,500.0
33010,500.0
33011,500.0
33012,500.0
33013,500.0
33014,500.0
33015,500.0
33016,500.0
33017,500.0
33018,500.0
33019,500.0
33020,500.0
33021,500.0
33022,500.0
33023,500.0
33024,500.0
33025,500.0
33026,500.0
33027,500.0
33028,500.0
33029,500.0
33030,500.0
33031,500.0
33032,500.0
33033,500.0
33034,500.0
33035,500.0
33036,500.0
33037,500.0
33038,500.0
33039,500.0
33040,500.0
33041,500.0
33042,500.0
33043,500.0
33044,500.0
33045,500.0
33046,500.0
33047,500.0
33048,500.0
33049,500.0
33050,500.0
33051,500.0
33052,500.0
33053,500.0
33054,500.0
33055,500.0
33056,500.0
33057,500.0
33058,500.0
33059,500.0
33060,500.0
33061,500.0
33062,500.0
33063,500.0
33064,500.0
33065,500.0
33066,500.0
33067,500.0
33068,500.0
33069,500.0
33070,500.0
33071,500.0
33072,500.0
33073,500.0
33074,500.0
33075,500.0
33076,500.0
33077,500.0
33078,500.0
33079,500.0
33080,500.0
33081,500.0
33082,500.0
33083,500.0
33084,500.0
33085,500.0
33086,500.0
33087,500.0
33088,500.0
33089,500.0
33090,500.0
33091,500.0
33092,500.0
33093,500.0
33094,500.0
33095,500.0
33096,500.0
33097,500.0
33098,500.0
33099,500.0
33100,500.0
33101,500.0
33102,500.0
33103,500.0
33104,500.0
33105,500.0
33106,500.0
33107,500.0
33108,500.0
33109,500.0
33110,500.0
33111,500.0
33112,500.0
33113,500.0
33114,500.0
33115,500.0
33116,500.0
33117,500.0
33118,500.0
33119,500.0
33120,500.0
33121,500.0
33122,500.0
33123,500.0
33124,500.0
33125,500.0
33126,500.0
33127,500.0
33128,500.0
33129,500.0
33130,500.0
33131,500.0
33132,500.0
33133,500.0
33134,500.0
33135,500.0
33136,500.0
33137,500.0
33138,500.0
33139,500.0
33140,500.0
33141,500.0
33142,500.0
33143,500.0
33144,500.0
33145,500.0
33146,500.0
33147,500.0
33148,500.0
33149,500.0
33150,500.0
33151,500.0
33152,500.0
33153,500.0
33154,500.0
33155,500.0
33156,500.0
33157,500.0
33158,500.0
33159,500.0
33160,500.0
33161,500.0
33162,500.0
33163,500.0
33164,500.0
33165,500.0
33166,500.0
33167,500.0
33168,500.0
33169,500.0
33170,500.0
33171,500.0
33172,500.0
33173,500.0
33174,500.0
33175,500.0
33176,500.0
33177,500.0
33178,500.0
33179,500.0
33180,500.0
33181,500.0
33182,500.0
33183,500.0
33184,500.0
33185,500.0
33186,500.0
33187,500.0
33188,500.0
33189,500.0
33190,500.0
33191,500.0
33192,500.0
33193,500.0
33194,500.0
33195,500.0
33196,500.0
33197,500.0
33198,500.0
33199,500.0
33200,500.0
33201,500.0
33202,500.0
33203,500.0
33204,500.0
33205,500.0
33206,500.0
33207,500.0
33208,500.0
33209,500.0
33210,500.0
33211,500.0
33212,500.0
33213,500.0
33214,500.0
33215,500.0
33216,500.0
33217,500.0
33218,500.0
33219,500.0
33220,500.0
33221,500.0
33222,500.0
33223,500.0
33224,500.0
33225,500.0
33226,500.0
33227,500.0
33228,500.0
33229,500.0
33230,500.0
33231,500.0
33232,500.0
33233,500.0
33234,500.0
33235,500.0
33236,500.0
33237,500.0
33238,500.0
33239,500.0
33240,500.0
33241,500.0
33242,500.0
33243,500.0
33244,500.0
33245,500.0
33246,500.0
33247,500.0
33248,500.0
33249,500.0
33250,500.0
33251,500.0
33252,500.0
33253,500.0
33254,500.0
33255,500.0
33256,500.0
33257,500.0
33258,500.0
33259,500.0
33260,500.0
33261,500.0
33262,500.0
33263,500.0
33264,500.0
33265,500.0
33266,500.0
33267,500.0
33268,500.0
33269,500.0
33270,500.0
33271,500.0
33272,500.0
33273,500.0
33274,500.0
33275,500.0
33276,500.0
33277,500.0
33278,500.0
33279,500.0
33280,500.0
33281,500.0
33282,500.0
33283,500.0
33284,500.0
33285,500.0
33286,500.0
33287,500.0
33288,500.0
33289,500.0
33290,500.0
33291,500.0
33292,500.0
33293,500.0
33294,500.0
33295,500.0
33296,500.0
33297,500.0
33298,500.0
33299,500.0
33300,500.0
33301,500.0
33302,500.0
33303,500.0
33304,500.0
33305,500.0
33306,500.0
33307,500.0
33308,500.0
33309,500.0
33310,500.0
33311,500.0
33312,500.0
33313,500.0
33314,500.0
33315,500.0
33316,500.0
33317,500.0
33318,500.0
33319,500.0
33320,500.0
33321,500.0
33322,500.0
33323,500.0
33324,500.0
33325,500.0
33326,500.0
33327,500.0
33328,500.0
33329,500.0
33330,500.0
33331,500.0
33332,500.0
33333,500.0
33334,500.0
33335,500.0
33336,500.0
33337,500.0
33338,500.0
33339,500.0
33340,500.0
33341,500.0
33342,500.0
33343,500.0
33344,500.0
33345,500.0
33346,500.0
33347,500.0
33348,500.0
33349,500.0
33350,500.0
33351,500.0
33352,500.0
33353,500.0
33354,500.0
33355,500.0
33356,500.0
33357,500.0
33358,500.0
33359,500.0
33360,500.0
33361,500.0
33362,500.0
33363,500.0
33364,500.0
33365,500.0
33366,500.0
33367,500.0
33368,500.0
33369,500.0
33370,500.0
33371,500.0
33372,500.0
33373,500.0
33374,500.0
33375,500.0
33376,500.0
33377,500.0
33378,500.0
33379,500.0
33380,500.0
33381,500.0
33382,500.0
33383,500.0
33384,500.0
33385,500.0
33386,500.0
33387,500.0
33388,500.0
33389,500.0
33390,500.0
33391,500.0
33392,500.0
33393,500.0
33394,500.0
33395,500.0
33396,500.0
33397,500.0
33398,500.0
33399,500.0
33400,500.0
33401,500.0
33402,500.0
33403,500.0
33404,500.0
33405,500.0
33406,500.0
33407,500.0
33408,500.0
33409,500.0
33410,500.0
33411,500.0
33412,500.0
33413,500.0
33414,500.0
33415,500.0
33416,500.0
33417,500.0
33418,500.0
33419,500.0
33420,500.0
33421,500.0
33422,500.0
33423,500.0
33424,500.0
33425,500.0
33426,500.0
33427,500.0
33428,500.0
33429,500.0
33430,500.0
33431,500.0
33432,500.0
33433,500.0
33434,500.0
33435,500.0
33436,500.0
33437,500.0
33438,500.0
33439,500.0
33440,500.0
33441,500.0
33442,500.0
33443,500.0
33444,500.0
33445,500.0
33446,500.0
33447,500.0
33448,500.0
33449,500.0
33450,500.0
33451,500.0
33452,500.0
33453,500.0
33454,500.0
33455,500.0
33456,500.0
33457,500.0
33458,500.0
33459,500.0
33460,500.0
33461,500.0
33462,500.0
33463,500.0
33464,500.0
33465,500.0
33466,500.0
33467,500.0
33468,500.0
33469,500.0
33470,500.0
33471,500.0
33472,500.0
33473,500.0
33474,500.0
33475,500.0
33476,500.0
33477,500.0
33478,500.0
33479,500.0
33480,500.0
33481,500.0
33482,500.0
33483,500.0
33484,500.0
33485,500.0
33486,500.0
33487,500.0
33488,500.0
33489,500.0
33490,500.0
33491,500.0
33492,500.0
33493,500.0
33494,500.0
33495,500.0
33496,500.0
33497,500.0
33498,500.0
33499,500.0
33500,500.0
33501,500.0
33502,500.0
33503,500.0
33504,500.0
33505,500.0
33506,500.0
33507,500.0
33508,500.0
33509,500.0
33510,500.0
33511,500.0
33512,500.0
33513,500.0
33514,500.0
33515,500.0
33516,500.0
33517,500.0
33518,500.0
33519,500.0
33520,500.0
33521,500.0
33522,500.0
33523,500.0
33524,500.0
33525,500.0
33526,500.0
33527,500.0
33528,500.0
33529,500.0
33530,500.0
33531,500.0
33532,500.0
33533,500.0
33534,500.0
33535,500.0
33536,500.0
33537,500.0
33538,500.0
33539,500.0
33540,500.0
33541,500.0
33542,500.0
33543,500.0
33544,500.0
33545,500.0
33546,500.0
33547,500.0
33548,500.0
33549,500.0
33550,500.0
33551,500.0
33552,500.0
33553,500.0
33554,500.0
33555,500.0
33556,500.0
33557,500.0
33558,500.0
33559,500.0
33560,500.0
33561,500.0
33562,500.0
33563,500.0
33564,500.0
33565,500.0
33566,500.0
33567,500.0
33568,500.0
33569,500.0
33570,500.0
33571,500.0
33572,500.0
33573,500.0
33574,500.0
33575,500.0
33576,500.0
33577,500.0
33578,500.0
33579,500.0
33580,500.0
33581,500.0
33582,500.0
33583,500.0
33584,500.0
33585,500.0
33586,500.0
33587,500.0
33588,500.0
33589,500.0
33590,500.0
33591,500.0
33592,500.0
33593,500.0
33594,500.0
33595,500.0
33596,500.0
33597,500.0
33598,500.0
33599,500.0
33600,500.0
33601,500.0
33602,500.0
33603,500.0
33604,500.0
33605,500.0
33606,500.0
33607,500.0
33608,500.0
33609,500.0
33610,500.0
33611,500.0
33612,500.0
33613,500.0
33614,500.0
33615,500.0
33616,500.0
33617,500.0
33618,500.0
33619,500.0
33620,500.0
33621,500.0
33622,500.0
33623,500.0
33624,500.0
33625,500.0
33626,500.0
33627,500.0
33628,500.0
33629,500.0
33630,500.0
33631,500.0
33632,500.0
33633,500.0
33634,500.0
33635,500.0
33636,500.0
33637,500.0
33638,500.0
33639,500.0
33640,500.0
33641,500.0
33642,500.0
33643,500.0
33644,500.0
33645,500.0
33646,500.0
33647,500.0
33648,500.0
33649,500.0
33650,500.0
33651,500.0
33652,500.0
33653,500.0
33654,500.0
33655,500.0
33656,500.0
33657,500.0
33658,500.0
33659,500.0
33660,500.0
33661,500.0
33662,500.0
33663,500.0
33664,500.0
33665,500.0
33666,500.0
33667,500.0
33668,500.0
33669,500.0
33670,500.0
33671,500.0
33672,500.0
33673,500.0
33674,500.0
33675,500.0
33676,500.0
33677,500.0
33678,500.0
33679,500.0
33680,500.0
33681,500.0
33682,500.0
33683,500.0
33684,500.0
33685,500.0
33686,500.0
33687,500.0
33688,500.0
33689,500.0
33690,500.0
33691,500.0
33692,500.0
33693,500.0
33694,500.0
33695,500.0
33696,500.0
33697,500.0
33698,500.0
33699,500.0
33700,500.0
33701,500.0
33702,500.0
33703,500.0
33704,500.0
33705,500.0
33706,500.0
33707,500.0
33708,500.0
33709,500.0
33710,500.0
33711,500.0
33712,500.0
33713,500.0
33714,500.0
33715,500.0
33716,500.0
33717,500.0
33718,500.0
33719,500.0
33720,500.0
33721,500.0
33722,500.0
33723,500.0
33724,500.0
33725,500.0
33726,500.0
33727,500.0
33728,500.0
33729,500.0
33730,500.0
33731,500.0
33732,500.0
33733,500.0
33734,500.0
33735,500.0
33736,500.0
33737,500.0
33738,500.0
33739,500.0
33740,500.0
33741,500.0
33742,500.0
33743,500.0
33744,500.0
33745,500.0
33746,500.0
33747,500.0
33748,500.0
33749,500.0
33750,500.0
33751,500.0
33752,500.0
33753,500.0
33754,500.0
33755,500.0
33756,500.0
33757,500.0
33758,500.0
33759,500.0
33760,500.0
33761,500.0
33762,500.0
33763,500.0
33764,500.0
33765,500.0
33766,500.0
33767,500.0
33768,500.0
33769,500.0
33770,500.0
33771,500.0
33772,500.0
33773,500.0
33774,500.0
33775,500.0
33776,500.0
33777,500.0
33778,500.0
33779,500.0
33780,500.0
33781,500.0
33782,500.0
33783,500.0
33784,500.0
33785,500.0
33786,500.0
33787,500.0
33788,500.0
33789,293.0
33790,293.0
33791,293.0
33792,293.0
33793,293.0
33794,293.0
33795,293.0
33796,293.0
33797,293.0
33798,293.0
33799,293.0
33800,293.0
33801,293.0
33802,293.0
33803,293.0
33804,293.0
33805,293.0
33806,293.0
33807,293.0
33808,293.0
33809,293.0
33810,293.0
33811,293.0
33812,293.0
33813,293.0
33814,293.0
33815,293.0
33816,293.0
33817,293.0
33818,293.0
33819,293.0
33820,293.0
33821,293.0
33822,293.0
33823,293.0
33824,293.0
33825,293.0
33826,293.0
33827,293.0
33828,293.0
33829,293.0
33830,293.0
33831,293.0
33832,293.0
33833,293.0
33834,293.0
33835,293.0
33836,293.0
33837,293.0
33838,293.0
33839,293.0
33840,293.0
33841,293.0
33842,293.0
33843,293.0
33844,293.0
33845,293.0
33846,293.0
33847,293.0
33848,293.0
33849,293.0
33850,293.0
33851,293.0
33852,293.0
33853,293.0
33854,293.0
33855,293.0
33856,293.0
33857,293.0
33858,293.0
33859,293.0
33860,293.0
33861,293.0
33862,293.0
33863,293.0
33864,293.0
33865,293.0
33866,293.0
33867,293.0
33868,293.0
33869,293.0
33870,293.0
33871,293.0
33872,293.0
33873,293.0
33874,293.0
33875,293.0
33876,293.0
33877,293.0
33878,293.0
33879,293.0
33880,293.0
33881,293.0
33882,293.0
33883,293.0
33884,293.0
33885,293.0
33886,293.0
33887,293.0
33888,293.0
33889,293.0
33890,293.0
33891,293.0
33892,293.0
33893,293.0
33894,293.0
33895,293.0
33896,293.0
33897,293.0
33898,293.0
33899,293.0
33900,293.0
33901,293.0
33902,293.0
33903,293.0
33904,293.0
33905,293.0
33906,293.0
33907,293.0
33908,293.0
33909,293.0
33910,293.0
33911,293.0
33912,293.0
33913,293.0
33914,293.0
33915,293.0
33916,293.0
33917,293.0
33918,293.0
33919,293.0
33920,293.0
33921,293.0
33922,293.0
33923,293.0
33924,293.0
33925,293.0
33926,293.0
33927,293.0
33928,293.0
33929,293.0
33930,293.0
33931,293.0
33932,293.0
33933,293.0
33934,293.0
33935,293.0
33936,293.0
33937,293.0
33938,293.0
33939,293.0
33940,293.0
33941,293.0
33942,293.0
33943,293.0
33944,293.0
33945,293.0
33946,293.0
33947,293.0
33948,293.0
33949,293.0
33950,293.0
33951,293.0
33952,293.0
33953,293.0
33954,293.0
33955,293.0
33956,293.0
33957,293.0
33958,293.0
33959,293.0
33960,293.0
33961,293.0
33962,293.0
33963,293.0
33964,293.0
33965,293.0
33966,293.0
33967,293.0
33968,293.0
33969,293.0
33970,293.0
33971,293.0
33972,293.0
33973,293.0
33974,293.0
33975,293.0
33976,293.0
33977,293.0
33978,293.0
33979,293.0
33980,293.0
33981,293.0
33982,293.0
33983,293.0
33984,293.0
33985,293.0
33986,293.0
33987,293.0
33988,293.0
33989,293.0
33990,293.0
33991,293.0
33992,293.0
33993,293.0
33994,293.0
33995,293.0
33996,293.0
33997,293.0
33998,293.0
33999,293.0
34000,293.0
34001,293.0
34002,293.0
34003,293.0
34004,293.0
34005,293.0
34006,293.0
34007,293.0
34008,293.0
34009,293.0
34010,293.0
34011,293.0
34012,293.0
34013,293.0
34014,293.0
34015,293.0
34016,293.0
34017,293.0
34018,293.0
34019,293.0
34020,293.0
34021,293.0
34022,293.0
34023,293.0
34024,293.0
34025,293.0
34026,293.0
34027,293.0
34028,293.0
34029,293.0
34030,293.0
34031,293.0
34032,293.0
34033,293.0
34034,293.0
34035,293.0
34036,293.0
34037,293.0
34038,293.0
34039,293.0
34040,293.0
34041,293.0
34042,293.0
34043,293.0
34044,293.0
34045,256.0
34046,256.0
34047,256.0
34048,256.0
34049,256.0
34050,256.0
34051,256.0
34052,256.0
34053,256.0
34054,256.0
34055,256.0
34056,256.0
34057,256.0
34058,256.0
34059,256.0
34060,256.0
34061,256.0
34062,256.0
34063,256.0
34064,256.0
34065,256.0
34066,256.0
34067,256.0
34068,256.0
34069,256.0
34070,256.0
34071,256.0
34072,256.0
34073,256.0
34074,256.0
34075,256.0
34076,256.0
34077,256.0
34078,256.0
34079,256.0
34080,256.0
34081,256.0
34082,256.0
34083,256.0
34084,256.0
34085,256.0
34086,256.0
34087,256.0
34088,256.0
34089,256.0
34090,256.0
34091,256.0
34092,256.0
34093,256.0
34094,256.0
34095,256.0
34096,256.0
34097,256.0
34098,256.0
34099,256.0
34100,256.0
34101,256.0
34102,256.0
34103,256.0
34104,256.0
34105,256.0
34106,256.0
34107,256.0
34108,256.0
34109,256.0
34110,256.0
34111,256.0
34112,256.0
34113,256.0
34114,256.0
34115,256.0
34116,256.0
34117,256.0
34118,256.0
34119,256.0
34120,256.0
34121,256.0
34122,256.0
34123,256.0
34124,256.0
34125,256.0
34126,256.0
34127,256.0
34128,256.0
34129,256.0
34130,256.0
34131,256.0
34132,256.0
34133,256.0
34134,256.0
34135,256.0
34136,256.0
34137,256.0
34138,256.0
34139,256.0
34140,256.0
34141,256.0
34142,256.0
34143,256.0
34144,256.0
34145,256.0
34146,256.0
34147,256.0
34148,256.0
34149,256.0
34150,256.0
34151,256.0
34152,256.0
34153,256.0
34154,256.0
34155,256.0
34156,256.0
34157,256.0
34158,256.0
34159,256.0
34160,256.0
34161,256.0
34162,256.0
34163,256.0
34164,256.0
34165,256.0
34166,256.0
34167,256.0
34168,256.0
34169,256.0
34170,256.0
34171,256.0
34172,256.0
34173,256.0
34174,256.0
34175,256.0
34176,256.0
34177,256.0
34178,256.0
34179,256.0
34180,256.0
34181,256.0
34182,256.0
34183,256.0
34184,256.0
34185,256.0
34186,256.0
34187,256.0
34188,256.0
34189,256.0
34190,256.0
34191,256.0
34192,256.0
34193,256.0
34194,256.0
34195,256.0
34196,256.0
34197,256.0
34198,256.0
34199,256.0
34200,256.0
34201,256.0
34202,256.0
34203,256.0
34204,256.0
34205,256.0
34206,256.0
34207,256.0
34208,256.0
34209,256.0
34210,256.0
34211,256.0
34212,256.0
34213,256.0
34214,256.0
34215,256.0
34216,256.0
34217,256.0
34218,256.0
34219,256.0
34220,256.0
34221,256.0
34222,256.0
34223,256.0
34224,256.0
34225,256.0
34226,256.0
34227,256.0
34228,256.0
34229,256.0
34230,256.0
34231,256.0
34232,256.0
34233,256.0
34234,256.0
34235,256.0
34236,256.0
34237,256.0
34238,256.0
34239,256.0
34240,256.0
34241,256.0
34242,256.0
34243,256.0
34244,256.0
34245,256.0
34246,256.0
34247,256.0
34248,256.0
34249,256.0
34250,256.0
34251,256.0
34252,256.0
34253,256.0
34254,256.0
34255,256.0
34256,256.0
34257,256.0
34258,256.0
34259,256.0
34260,256.0
34261,256.0
34262,256.0
34263,256.0
34264,256.0
34265,256.0
34266,256.0
34267,256.0
34268,256.0
34269,256.0
34270,256.0
34271,256.0
34272,256.0
34273,256.0
34274,256.0
34275,256.0
34276,256.0
34277,256.0
34278,256.0
34279,256.0
34280,256.0
34281,256.0
34282,256.0
34283,256.0
34284,256.0
34285,256.0
34286,256.0
34287,256.0
34288,256.0
34289,256.0
34290,256.0
34291,256.0
34292,256.0
34293,256.0
34294,256.0
34295,256.0
34296,256.0
34297,256.0
34298,256.0
34299,256.0
34300,256.0
34301,256.0
34302,256.0
34303,256.0
34304,256.0
34305,256.0
34306,256.0
34307,256.0
34308,256.0
34309,256.0
34310,256.0
34311,256.0
34312,256.0
34313,256.0
34314,256.0
34315,256.0
34316,256.0
34317,256.0
34318,256.0
34319,256.0
34320,256.0
34321,256.0
34322,256.0
34323,256.0
34324,256.0
34325,256.0
34326,256.0
34327,256.0
34328,256.0
34329,256.0
34330,256.0
34331,256.0
34332,256.0
34333,256.0
34334,256.0
34335,256.0
34336,256.0
34337,256.0
34338,256.0
34339,256.0
34340,256.0
34341,256.0
34342,256.0
34343,256.0
34344,256.0
34345,256.0
34346,256.0
34347,256.0
34348,256.0
34349,256.0
34350,256.0
34351,256.0
34352,256.0
34353,256.0
34354,256.0
34355,256.0
34356,256.0
34357,256.0
34358,256.0
34359,256.0
34360,256.0
34361,256.0
34362,256.0
34363,256.0
34364,256.0
34365,256.0
34366,256.0
34367,256.0
34368,256.0
34369,256.0
34370,256.0
34371,256.0
34372,256.0
34373,256.0
34374,256.0
34375,256.0
34376,256.0
34377,256.0
34378,256.0
34379,256.0
34380,256.0
34381,256.0
34382,256.0
34383,256.0
34384,256.0
34385,256.0
34386,256.0
34387,256.0
34388,256.0
34389,256.0
34390,256.0
34391,256.0
34392,256.0
34393,256.0
34394,256.0
34395,256.0
34396,256.0
34397,256.0
34398,256.0
34399,256.0
34400,256.0
34401,256.0
34402,256.0
34403,256.0
34404,256.0
34405,256.0
34406,256.0
34407,256.0
34408,256.0
34409,256.0
34410,256.0
34411,256.0
34412,256.0
34413,256.0
34414,256.0
34415,256.0
34416,256.0
34417,256.0
34418,256.0
34419,256.0
34420,256.0
34421,256.0
34422,256.0
34423,256.0
34424,256.0
34425,256.0
34426,256.0
34427,256.0
34428,256.0
34429,256.0
34430,256.0
34431,256.0
34432,256.0
34433,256.0
34434,256.0
34435,256.0
34436,256.0
34437,256.0
34438,256.0
34439,256.0
34440,256.0
34441,256.0
34442,256.0
34443,256.0
34444,256.0
34445,256.0
34446,256.0
34447,256.0
34448,256.0
34449,256.0
34450,256.0
34451,256.0
34452,256.0
34453,256.0
34454,256.0
34455,256.0
34456,256.0
34457,256.0
34458,256.0
34459,256.0
34460,256.0
34461,256.0
34462,256.0
34463,256.0
34464,256.0
34465,256.0
34466,256.0
34467,256.0
34468,256.0
34469,256.0
34470,256.0
34471,256.0
34472,256.0
34473,256.0
34474,256.0
34475,256.0
34476,256.0
34477,256.0
34478,256.0
34479,256.0
34480,256.0
34481,256.0
34482,256.0
34483,256.0
34484,256.0
34485,256.0
34486,256.0
34487,256.0
34488,256.0
34489,256.0
34490,256.0
34491,256.0
34492,256.0
34493,256.0
34494,256.0
34495,256.0
34496,256.0
34497,256.0
34498,256.0
34499,256.0
34500,256.0
34501,256.0
34502,256.0
34503,256.0
34504,256.0
34505,256.0
34506,256.0
34507,256.0
34508,256.0
34509,256.0
34510,256.0
34511,256.0
34512,256.0
34513,256.0
34514,256.0
34515,256.0
34516,256.0
34517,256.0
34518,256.0
34519,256.0
34520,256.0
34521,256.0
34522,256.0
34523,256.0
34524,256.0
34525,256.0
34526,256.0
34527,256.0
34528,256.0
34529,256.0
34530,256.0
34531,256.0
34532,256.0
34533,256.0
34534,256.0
34535,256.0
34536,256.0
34537,256.0
34538,256.0
34539,256.0
34540,256.0
34541,256.0
34542,256.0
34543,256.0
34544,256.0
34545,500.0
34546,500.0
34547,500.0
34548,500.0
34549,500.0
34550,500.0
34551,500.0
34552,500.0
34553,500.0
34554,500.0
34555,500.0
34556,500.0
34557,500.0
34558,500.0
34559,500.0
34560,500.0
34561,500.0
34562,500.0
34563,500.0
34564,500.0
34565,500.0
34566,500.0
34567,500.0
34568,500.0
34569,500.0
34570,500.0
34571,500.0
34572,500.0
34573,500.0
34574,500.0
34575,500.0
34576,500.0
34577,500.0
34578,500.0
34579,500.0
34580,500.0
34581,500.0
34582,500.0
34583,500.0
34584,500.0
34585,500.0
34586,500.0
34587,500.0
34588,500.0
34589,500.0
34590,500.0
34591,500.0
34592,500.0
34593,500.0
34594,500.0
34595,500.0
34596,500.0
34597,500.0
34598,500.0
34599,500.0
34600,500.0
34601,500.0
34602,500.0
34603,500.0
34604,500.0
34605,500.0
34606,500.0
34607,500.0
34608,500.0
34609,500.0
34610,500.0
34611,500.0
34612,500.0
34613,500.0
34614,500.0
34615,500.0
34616,500.0
34617,500.0
34618,500.0
34619,500.0
34620,500.0
34621,500.0
34622,500.0
34623,500.0
34624,500.0
34625,500.0
34626,500.0
34627,500.0
34628,500.0
34629,500.0
34630,500.0
34631,500.0
34632,500.0
34633,500.0
34634,500.0
34635,500.0
34636,500.0
34637,500.0
34638,500.0
34639,500.0
34640,500.0
34641,500.0
34642,500.0
34643,500.0
34644,500.0
34645,500.0
34646,500.0
34647,500.0
34648,500.0
34649,500.0
34650,500.0
34651,500.0
34652,500.0
34653,500.0
34654,500.0
34655,500.0
34656,500.0
34657,500.0
34658,500.0
34659,500.0
34660,500.0
34661,500.0
34662,500.0
34663,500.0
34664,500.0
34665,500.0
34666,500.0
34667,500.0
34668,500.0
34669,500.0
34670,500.0
34671,500.0
34672,500.0
34673,500.0
34674,500.0
34675,500.0
34676,500.0
34677,500.0
34678,500.0
34679,500.0
34680,500.0
34681,500.0
34682,500.0
34683,500.0
34684,500.0
34685,500.0
34686,500.0
34687,500.0
34688,500.0
34689,500.0
34690,500.0
34691,500.0
34692,500.0
34693,500.0
34694,500.0
34695,500.0
34696,500.0
34697,500.0
34698,500.0
34699,500.0
34700,500.0
34701,500.0
34702,500.0
34703,500.0
34704,500.0
34705,500.0
34706,500.0
34707,500.0
34708,500.0
34709,500.0
34710,500.0
34711,500.0
34712,500.0
34713,500.0
34714,500.0
34715,500.0
34716,500.0
34717,500.0
34718,500.0
34719,500.0
34720,500.0
34721,500.0
34722,500.0
34723,500.0
34724,500.0
34725,500.0
34726,500.0
34727,500.0
34728,500.0
34729,500.0
34730,500.0
34731,500.0
34732,500.0
34733,500.0
34734,500.0
34735,500.0
34736,500.0
34737,500.0
34738,500.0
34739,500.0
34740,500.0
34741,500.0
34742,500.0
34743,500.0
34744,500.0
34745,500.0
34746,500.0
34747,500.0
34748,500.0
34749,500.0
34750,500.0
34751,500.0
34752,500.0
34753,500.0
34754,500.0
34755,500.0
34756,500.0
34757,500.0
34758,500.0
34759,500.0
34760,500.0
34761,500.0
34762,500.0
34763,500.0
34764,500.0
34765,500.0
34766,500.0
34767,500.0
34768,500.0
34769,500.0
34770,500.0
34771,500.0
34772,500.0
34773,500.0
34774,500.0
34775,500.0
34776,500.0
34777,500.0
34778,500.0
34779,500.0
34780,500.0
34781,500.0
34782,500.0
34783,500.0
34784,500.0
34785,500.0
34786,500.0
34787,500.0
34788,500.0
34789,500.0
34790,500.0
34791,500.0
34792,500.0
34793,500.0
34794,500.0
34795,500.0
34796,500.0
34797,500.0
34798,500.0
34799,500.0
34800,500.0
34801,500.0
34802,500.0
34803,500.0
34804,500.0
34805,500.0
34806,500.0
34807,500.0
34808,500.0
34809,500.0
34810,500.0
34811,500.0
34812,500.0
34813,500.0
34814,500.0
34815,500.0
34816,500.0
34817,500.0
34818,500.0
34819,500.0
34820,500.0
34821,500.0
34822,500.0
34823,500.0
34824,500.0
34825,500.0
34826,500.0
34827,500.0
34828,500.0
34829,500.0
34830,500.0
34831,500.0
34832,500.0
34833,500.0
34834,500.0
34835,500.0
34836,500.0
34837,500.0
34838,500.0
34839,500.0
34840,500.0
34841,500.0
34842,500.0
34843,500.0
34844,500.0
34845,500.0
34846,500.0
34847,500.0
34848,500.0
34849,500.0
34850,500.0
34851,500.0
34852,500.0
34853,500.0
34854,500.0
34855,500.0
34856,500.0
34857,500.0
34858,500.0
34859,500.0
34860,500.0
34861,500.0
34862,500.0
34863,500.0
34864,500.0
34865,500.0
34866,500.0
34867,500.0
34868,500.0
34869,500.0
34870,500.0
34871,500.0
34872,500.0
34873,500.0
34874,500.0
34875,500.0
34876,500.0
34877,500.0
34878,500.0
34879,500.0
34880,500.0
34881,500.0
34882,500.0
34883,500.0
34884,500.0
34885,500.0
34886,500.0
34887,500.0
34888,500.0
34889,500.0
34890,500.0
34891,500.0
34892,500.0
34893,500.0
34894,500.0
34895,500.0
34896,500.0
34897,500.0
34898,500.0
34899,500.0
34900,500.0
34901,500.0
34902,500.0
34903,500.0
34904,500.0
34905,500.0
34906,500.0
34907,500.0
34908,500.0
34909,500.0
34910,500.0
34911,500.0
34912,500.0
34913,500.0
34914,500.0
34915,500.0
34916,500.0
34917,500.0
34918,500.0
34919,500.0
34920,500.0
34921,500.0
34922,500.0
34923,500.0
34924,500.0
34925,500.0
34926,500.0
34927,500.0
34928,500.0
34929,500.0
34930,500.0
34931,500.0
34932,500.0
34933,500.0
34934,500.0
34935,500.0
34936,500.0
34937,500.0
34938,500.0
34939,500.0
34940,500.0
34941,500.0
34942,500.0
34943,500.0
34944,500.0
34945,500.0
34946,500.0
34947,500.0
34948,500.0
34949,500.0
34950,500.0
34951,500.0
34952,500.0
34953,500.0
34954,500.0
34955,500.0
34956,500.0
34957,500.0
34958,500.0
34959,500.0
34960,500.0
34961,500.0
34962,500.0
34963,500.0
34964,500.0
34965,500.0
34966,500.0
34967,500.0
34968,500.0
34969,500.0
34970,500.0
34971,500.0
34972,500.0
34973,500.0
34974,500.0
34975,500.0
34976,500.0
34977,500.0
34978,500.0
34979,500.0
34980,500.0
34981,500.0
34982,500.0
34983,500.0
34984,500.0
34985,500.0
34986,500.0
34987,500.0
34988,500.0
34989,500.0
34990,500.0
34991,500.0
34992,500.0
34993,500.0
34994,500.0
34995,500.0
34996,500.0
34997,500.0
34998,500.0
34999,500.0
35000,500.0
35001,500.0
35002,500.0
35003,500.0
35004,500.0
35005,500.0
35006,500.0
35007,500.0
35008,500.0
35009,500.0
35010,500.0
35011,500.0
35012,500.0
35013,500.0
35014,500.0
35015,500.0
35016,500.0
35017,500.0
35018,500.0
35019,500.0
35020,500.0
35021,500.0
35022,500.0
35023,500.0
35024,500.0
35025,500.0
35026,500.0
35027,500.0
35028,500.0
35029,500.0
35030,500.0
35031,500.0
35032,500.0
35033,500.0
35034,500.0
35035,500.0
35036,500.0
35037,500.0
35038,500.0
35039,500.0
35040,500.0
35041,500.0
35042,500.0
35043,500.0
35044,500.0
35045,500.0
35046,500.0
35047,500.0
35048,500.0
35049,500.0
35050,500.0
35051,500.0
35052,500.0
35053,500.0
35054,500.0
35055,500.0
35056,500.0
35057,500.0
35058,500.0
35059,500.0
35060,500.0
35061,500.0
35062,500.0
35063,500.0
35064,500.0
35065,500.0
35066,500.0
35067,500.0
35068,500.0
35069,500.0
35070,500.0
35071,500.0
35072,500.0
35073,500.0
35074,500.0
35075,500.0
35076,500.0
35077,500.0
35078,500.0
35079,500.0
35080,500.0
35081,500.0
35082,500.0
35083,500.0
35084,500.0
35085,500.0
35086,500.0
35087,500.0
35088,500.0
35089,500.0
35090,500.0
35091,500.0
35092,500.0
35093,500.0
35094,500.0
35095,500.0
35096,500.0
35097,500.0
35098,500.0
35099,500.0
35100,500.0
35101,500.0
35102,500.0
35103,500.0
35104,500.0
35105,500.0
35106,500.0
35107,500.0
35108,500.0
35109,500.0
35110,500.0
35111,500.0
35112,500.0
35113,500.0
35114,500.0
35115,500.0
35116,500.0
35117,500.0
35118,500.0
35119,500.0
35120,500.0
35121,500.0
35122,500.0
35123,500.0
35124,500.0
35125,500.0
35126,500.0
35127,500.0
35128,500.0
35129,500.0
35130,500.0
35131,500.0
35132,500.0
35133,500.0
35134,500.0
35135,500.0
35136,500.0
35137,500.0
35138,500.0
35139,500.0
35140,500.0
35141,500.0
35142,500.0
35143,500.0
35144,500.0
35145,500.0
35146,500.0
35147,500.0
35148,500.0
35149,500.0
35150,500.0
35151,500.0
35152,500.0
35153,500.0
35154,500.0
35155,500.0
35156,500.0
35157,500.0
35158,500.0
35159,500.0
35160,500.0
35161,500.0
35162,500.0
35163,500.0
35164,500.0
35165,500.0
35166,500.0
35167,500.0
35168,500.0
35169,500.0
35170,500.0
35171,500.0
35172,500.0
35173,500.0
35174,500.0
35175,500.0
35176,500.0
35177,500.0
35178,500.0
35179,500.0
35180,500.0
35181,500.0
35182,500.0
35183,500.0
35184,500.0
35185,500.0
35186,500.0
35187,500.0
35188,500.0
35189,500.0
35190,500.0
35191,500.0
35192,500.0
35193,500.0
35194,500.0
35195,500.0
35196,500.0
35197,500.0
35198,500.0
35199,500.0
35200,500.0
35201,500.0
35202,500.0
35203,500.0
35204,500.0
35205,500.0
35206,500.0
35207,500.0
35208,500.0
35209,500.0
35210,500.0
35211,500.0
35212,500.0
35213,500.0
35214,500.0
35215,500.0
35216,500.0
35217,500.0
35218,500.0
35219,500.0
35220,500.0
35221,500.0
35222,500.0
35223,500.0
35224,500.0
35225,500.0
35226,500.0
35227,500.0
35228,500.0
35229,500.0
35230,500.0
35231,500.0
35232,500.0
35233,500.0
35234,500.0
35235,500.0
35236,500.0
35237,500.0
35238,500.0
35239,500.0
35240,500.0
35241,500.0
35242,500.0
35243,500.0
35244,500.0
35245,500.0
35246,500.0
35247,500.0
35248,500.0
35249,500.0
35250,500.0
35251,500.0
35252,500.0
35253,500.0
35254,500.0
35255,500.0
35256,500.0
35257,500.0
35258,500.0
35259,500.0
35260,500.0
35261,500.0
35262,500.0
35263,500.0
35264,500.0
35265,500.0
35266,500.0
35267,500.0
35268,500.0
35269,500.0
35270,500.0
35271,500.0
35272,500.0
35273,500.0
35274,500.0
35275,500.0
35276,500.0
35277,500.0
35278,500.0
35279,500.0
35280,500.0
35281,500.0
35282,500.0
35283,500.0
35284,500.0
35285,500.0
35286,500.0
35287,500.0
35288,500.0
35289,500.0
35290,500.0
35291,500.0
35292,500.0
35293,500.0
35294,500.0
35295,500.0
35296,500.0
35297,500.0
35298,500.0
35299,500.0
35300,500.0
35301,500.0
35302,500.0
35303,500.0
35304,500.0
35305,500.0
35306,500.0
35307,500.0
35308,500.0
35309,500.0
35310,500.0
35311,500.0
35312,500.0
35313,500.0
35314,500.0
35315,500.0
35316,500.0
35317,500.0
35318,500.0
35319,500.0
35320,500.0
35321,500.0
35322,500.0
35323,500.0
35324,500.0
35325,500.0
35326,500.0
35327,500.0
35328,500.0
35329,500.0
35330,500.0
35331,500.0
35332,500.0
35333,500.0
35334,500.0
35335,500.0
35336,500.0
35337,500.0
35338,500.0
35339,500.0
35340,500.0
35341,500.0
35342,500.0
35343,500.0
35344,500.0
35345,500.0
35346,500.0
35347,500.0
35348,500.0
35349,500.0
35350,500.0
35351,500.0
35352,500.0
35353,500.0
35354,500.0
35355,500.0
35356,500.0
35357,500.0
35358,500.0
35359,500.0
35360,500.0
35361,500.0
35362,500.0
35363,500.0
35364,500.0
35365,500.0
35366,500.0
35367,500.0
35368,500.0
35369,500.0
35370,500.0
35371,500.0
35372,500.0
35373,500.0
35374,500.0
35375,500.0
35376,500.0
35377,500.0
35378,500.0
35379,500.0
35380,500.0
35381,500.0
35382,500.0
35383,500.0
35384,500.0
35385,500.0
35386,500.0
35387,500.0
35388,500.0
35389,500.0
35390,500.0
35391,500.0
35392,500.0
35393,500.0
35394,500.0
35395,500.0
35396,500.0
35397,500.0
35398,500.0
35399,500.0
35400,500.0
35401,500.0
35402,500.0
35403,500.0
35404,500.0
35405,500.0
35406,500.0
35407,500.0
35408,500.0
35409,500.0
35410,500.0
35411,500.0
35412,500.0
35413,500.0
35414,500.0
35415,500.0
35416,500.0
35417,500.0
35418,500.0
35419,500.0
35420,500.0
35421,500.0
35422,500.0
35423,500.0
35424,500.0
35425,500.0
35426,500.0
35427,500.0
35428,500.0
35429,500.0
35430,500.0
35431,500.0
35432,500.0
35433,500.0
35434,500.0
35435,500.0
35436,500.0
35437,500.0
35438,500.0
35439,500.0
35440,500.0
35441,500.0
35442,500.0
35443,500.0
35444,500.0
35445,500.0
35446,500.0
35447,500.0
35448,500.0
35449,500.0
35450,500.0
35451,500.0
35452,500.0
35453,500.0
35454,500.0
35455,500.0
35456,500.0
35457,500.0
35458,500.0
35459,500.0
35460,500.0
35461,500.0
35462,500.0
35463,500.0
35464,500.0
35465,500.0
35466,500.0
35467,500.0
35468,500.0
35469,500.0
35470,500.0
35471,500.0
35472,500.0
35473,500.0
35474,500.0
35475,500.0
35476,500.0
35477,500.0
35478,500.0
35479,500.0
35480,500.0
35481,500.0
35482,500.0
35483,500.0
35484,500.0
35485,500.0
35486,500.0
35487,500.0
35488,500.0
35489,500.0
35490,500.0
35491,500.0
35492,500.0
35493,500.0
35494,500.0
35495,500.0
35496,500.0
35497,500.0
35498,500.0
35499,500.0
35500,500.0
35501,500.0
35502,500.0
35503,500.0
35504,500.0
35505,500.0
35506,500.0
35507,500.0
35508,500.0
35509,500.0
35510,500.0
35511,500.0
35512,500.0
35513,500.0
35514,500.0
35515,500.0
35516,500.0
35517,500.0
35518,500.0
35519,500.0
35520,500.0
35521,500.0
35522,500.0
35523,500.0
35524,500.0
35525,500.0
35526,500.0
35527,500.0
35528,500.0
35529,500.0
35530,500.0
35531,500.0
35532,500.0
35533,500.0
35534,500.0
35535,500.0
35536,500.0
35537,500.0
35538,500.0
35539,500.0
35540,500.0
35541,500.0
35542,500.0
35543,500.0
35544,500.0
35545,500.0
35546,500.0
35547,500.0
35548,500.0
35549,500.0
35550,500.0
35551,500.0
35552,500.0
35553,500.0
35554,500.0
35555,500.0
35556,500.0
35557,500.0
35558,500.0
35559,500.0
35560,500.0
35561,500.0
35562,500.0
35563,500.0
35564,500.0
35565,500.0
35566,500.0
35567,500.0
35568,500.0
35569,500.0
35570,500.0
35571,500.0
35572,500.0
35573,500.0
35574,500.0
35575,500.0
35576,500.0
35577,500.0
35578,500.0
35579,500.0
35580,500.0
35581,500.0
35582,500.0
35583,500.0
35584,500.0
35585,500.0
35586,500.0
35587,500.0
35588,500.0
35589,500.0
35590,500.0
35591,500.0
35592,500.0
35593,500.0
35594,500.0
35595,500.0
35596,500.0
35597,500.0
35598,500.0
35599,500.0
35600,500.0
35601,500.0
35602,500.0
35603,500.0
35604,500.0
35605,500.0
35606,500.0
35607,500.0
35608,500.0
35609,500.0
35610,500.0
35611,500.0
35612,500.0
35613,500.0
35614,500.0
35615,500.0
35616,500.0
35617,500.0
35618,500.0
35619,500.0
35620,500.0
35621,500.0
35622,500.0
35623,500.0
35624,500.0
35625,500.0
35626,500.0
35627,500.0
35628,500.0
35629,500.0
35630,500.0
35631,500.0
35632,500.0
35633,500.0
35634,500.0
35635,500.0
35636,500.0
35637,500.0
35638,500.0
35639,500.0
35640,500.0
35641,500.0
35642,500.0
35643,500.0
35644,500.0
35645,500.0
35646,500.0
35647,500.0
35648,500.0
35649,500.0
35650,500.0
35651,500.0
35652,500.0
35653,500.0
35654,500.0
35655,500.0
35656,500.0
35657,500.0
35658,500.0
35659,500.0
35660,500.0
35661,500.0
35662,500.0
35663,500.0
35664,500.0
35665,500.0
35666,500.0
35667,500.0
35668,500.0
35669,500.0
35670,500.0
35671,500.0
35672,500.0
35673,500.0
35674,500.0
35675,500.0
35676,500.0
35677,500.0
35678,500.0
35679,500.0
35680,500.0
35681,500.0
35682,500.0
35683,500.0
35684,500.0
35685,500.0
35686,500.0
35687,500.0
35688,500.0
35689,500.0
35690,500.0
35691,500.0
35692,500.0
35693,500.0
35694,500.0
35695,500.0
35696,500.0
35697,500.0
35698,500.0
35699,500.0
35700,500.0
35701,500.0
35702,500.0
35703,500.0
35704,500.0
35705,500.0
35706,500.0
35707,500.0
35708,500.0
35709,500.0
35710,500.0
35711,500.0
35712,500.0
35713,500.0
35714,500.0
35715,500.0
35716,500.0
35717,500.0
35718,500.0
35719,500.0
35720,500.0
35721,500.0
35722,500.0
35723,500.0
35724,500.0
35725,500.0
35726,500.0
35727,500.0
35728,500.0
35729,500.0
35730,500.0
35731,500.0
35732,500.0
35733,500.0
35734,500.0
35735,500.0
35736,500.0
35737,500.0
35738,500.0
35739,500.0
35740,500.0
35741,500.0
35742,500.0
35743,500.0
35744,500.0
35745,500.0
35746,500.0
35747,500.0
35748,500.0
35749,500.0
35750,500.0
35751,500.0
35752,500.0
35753,500.0
35754,500.0
35755,500.0
35756,500.0
35757,500.0
35758,500.0
35759,500.0
35760,500.0
35761,500.0
35762,500.0
35763,500.0
35764,500.0
35765,500.0
35766,500.0
35767,500.0
35768,500.0
35769,500.0
35770,500.0
35771,500.0
35772,500.0
35773,500.0
35774,500.0
35775,500.0
35776,500.0
35777,500.0
35778,500.0
35779,500.0
35780,500.0
35781,500.0
35782,500.0
35783,500.0
35784,500.0
35785,500.0
35786,500.0
35787,500.0
35788,500.0
35789,500.0
35790,500.0
35791,500.0
35792,500.0
35793,500.0
35794,500.0
35795,500.0
35796,500.0
35797,500.0
35798,500.0
35799,500.0
35800,500.0
35801,500.0
35802,500.0
35803,500.0
35804,500.0
35805,500.0
35806,500.0
35807,500.0
35808,500.0
35809,500.0
35810,500.0
35811,500.0
35812,500.0
35813,500.0
35814,500.0
35815,500.0
35816,500.0
35817,500.0
35818,500.0
35819,500.0
35820,500.0
35821,500.0
35822,500.0
35823,500.0
35824,500.0
35825,500.0
35826,500.0
35827,500.0
35828,500.0
35829,500.0
35830,500.0
35831,500.0
35832,500.0
35833,500.0
35834,500.0
35835,500.0
35836,500.0
35837,500.0
35838,500.0
35839,500.0
35840,500.0
35841,500.0
35842,500.0
35843,500.0
35844,500.0
35845,500.0
35846,500.0
35847,500.0
35848,500.0
35849,500.0
35850,500.0
35851,500.0
35852,500.0
35853,500.0
35854,500.0
35855,500.0
35856,500.0
35857,500.0
35858,500.0
35859,500.0
35860,500.0
35861,500.0
35862,500.0
35863,500.0
35864,500.0
35865,500.0
35866,500.0
35867,500.0
35868,500.0
35869,500.0
35870,500.0
35871,500.0
35872,500.0
35873,500.0
35874,500.0
35875,500.0
35876,500.0
35877,500.0
35878,500.0
35879,500.0
35880,500.0
35881,500.0
35882,500.0
35883,500.0
35884,500.0
35885,500.0
35886,500.0
35887,500.0
35888,500.0
35889,500.0
35890,500.0
35891,500.0
35892,500.0
35893,500.0
35894,500.0
35895,500.0
35896,500.0
35897,500.0
35898,500.0
35899,500.0
35900,500.0
35901,500.0
35902,500.0
35903,500.0
35904,500.0
35905,500.0
35906,500.0
35907,500.0
35908,500.0
35909,500.0
35910,500.0
35911,500.0
35912,500.0
35913,500.0
35914,500.0
35915,500.0
35916,500.0
35917,500.0
35918,500.0
35919,500.0
35920,500.0
35921,500.0
35922,500.0
35923,500.0
35924,500.0
35925,500.0
35926,500.0
35927,500.0
35928,500.0
35929,500.0
35930,500.0
35931,500.0
35932,500.0
35933,500.0
35934,500.0
35935,500.0
35936,500.0
35937,500.0
35938,500.0
35939,500.0
35940,500.0
35941,500.0
35942,500.0
35943,500.0
35944,500.0
35945,500.0
35946,500.0
35947,500.0
35948,500.0
35949,500.0
35950,500.0
35951,500.0
35952,500.0
35953,500.0
35954,500.0
35955,500.0
35956,500.0
35957,500.0
35958,500.0
35959,500.0
35960,500.0
35961,500.0
35962,500.0
35963,500.0
35964,500.0
35965,500.0
35966,500.0
35967,500.0
35968,500.0
35969,500.0
35970,500.0
35971,500.0
35972,500.0
35973,500.0
35974,500.0
35975,500.0
35976,500.0
35977,500.0
35978,500.0
35979,500.0
35980,500.0
35981,500.0
35982,500.0
35983,500.0
35984,500.0
35985,500.0
35986,500.0
35987,500.0
35988,500.0
35989,500.0
35990,500.0
35991,500.0
35992,500.0
35993,500.0
35994,500.0
35995,500.0
35996,500.0
35997,500.0
35998,500.0
35999,500.0
36000,500.0
36001,500.0
36002,500.0
36003,500.0
36004,500.0
36005,500.0
36006,500.0
36007,500.0
36008,500.0
36009,500.0
36010,500.0
36011,500.0
36012,500.0
36013,500.0
36014,500.0
36015,500.0
36016,500.0
36017,500.0
36018,500.0
36019,500.0
36020,500.0
36021,500.0
36022,500.0
36023,500.0
36024,500.0
36025,500.0
36026,500.0
36027,500.0
36028,500.0
36029,500.0
36030,500.0
36031,500.0
36032,500.0
36033,500.0
36034,500.0
36035,500.0
36036,500.0
36037,500.0
36038,500.0
36039,500.0
36040,500.0
36041,500.0
36042,500.0
36043,500.0
36044,500.0
36045,500.0
36046,500.0
36047,500.0
36048,500.0
36049,500.0
36050,500.0
36051,500.0
36052,500.0
36053,500.0
36054,500.0
36055,500.0
36056,500.0
36057,500.0
36058,500.0
36059,500.0
36060,500.0
36061,500.0
36062,500.0
36063,500.0
36064,500.0
36065,500.0
36066,500.0
36067,500.0
36068,500.0
36069,500.0
36070,500.0
36071,500.0
36072,500.0
36073,500.0
36074,500.0
36075,500.0
36076,500.0
36077,500.0
36078,500.0
36079,500.0
36080,500.0
36081,500.0
36082,500.0
36083,500.0
36084,500.0
36085,500.0
36086,500.0
36087,500.0
36088,500.0
36089,500.0
36090,500.0
36091,500.0
36092,500.0
36093,500.0
36094,500.0
36095,500.0
36096,500.0
36097,500.0
36098,500.0
36099,500.0
36100,500.0
36101,500.0
36102,500.0
36103,500.0
36104,500.0
36105,500.0
36106,500.0
36107,500.0
36108,500.0
36109,500.0
36110,500.0
36111,500.0
36112,500.0
36113,500.0
36114,500.0
36115,500.0
36116,500.0
36117,500.0
36118,500.0
36119,500.0
36120,500.0
36121,500.0
36122,500.0
36123,500.0
36124,500.0
36125,500.0
36126,500.0
36127,500.0
36128,500.0
36129,500.0
36130,500.0
36131,500.0
36132,500.0
36133,500.0
36134,500.0
36135,500.0
36136,500.0
36137,500.0
36138,500.0
36139,500.0
36140,500.0
36141,500.0
36142,500.0
36143,500.0
36144,500.0
36145,500.0
36146,500.0
36147,500.0
36148,500.0
36149,500.0
36150,500.0
36151,500.0
36152,500.0
36153,500.0
36154,500.0
36155,500.0
36156,500.0
36157,500.0
36158,500.0
36159,500.0
36160,500.0
36161,500.0
36162,500.0
36163,500.0
36164,500.0
36165,500.0
36166,500.0
36167,500.0
36168,500.0
36169,500.0
36170,500.0
36171,500.0
36172,500.0
36173,500.0
36174,500.0
36175,500.0
36176,500.0
36177,500.0
36178,500.0
36179,500.0
36180,500.0
36181,500.0
36182,500.0
36183,500.0
36184,500.0
36185,500.0
36186,500.0
36187,500.0
36188,500.0
36189,500.0
36190,500.0
36191,500.0
36192,500.0
36193,500.0
36194,500.0
36195,500.0
36196,500.0
36197,500.0
36198,500.0
36199,500.0
36200,500.0
36201,500.0
36202,500.0
36203,500.0
36204,500.0
36205,500.0
36206,500.0
36207,500.0
36208,500.0
36209,500.0
36210,500.0
36211,500.0
36212,500.0
36213,500.0
36214,500.0
36215,500.0
36216,500.0
36217,500.0
36218,500.0
36219,500.0
36220,500.0
36221,500.0
36222,500.0
36223,500.0
36224,500.0
36225,500.0
36226,500.0
36227,500.0
36228,500.0
36229,500.0
36230,500.0
36231,500.0
36232,500.0
36233,500.0
36234,500.0
36235,500.0
36236,500.0
36237,500.0
36238,500.0
36239,500.0
36240,500.0
36241,500.0
36242,500.0
36243,500.0
36244,500.0
36245,500.0
36246,500.0
36247,500.0
36248,500.0
36249,500.0
36250,500.0
36251,500.0
36252,500.0
36253,500.0
36254,500.0
36255,500.0
36256,500.0
36257,500.0
36258,500.0
36259,500.0
36260,500.0
36261,500.0
36262,500.0
36263,500.0
36264,500.0
36265,500.0
36266,500.0
36267,500.0
36268,500.0
36269,500.0
36270,500.0
36271,500.0
36272,500.0
36273,500.0
36274,500.0
36275,500.0
36276,500.0
36277,500.0
36278,500.0
36279,500.0
36280,500.0
36281,500.0
36282,500.0
36283,500.0
36284,500.0
36285,500.0
36286,500.0
36287,500.0
36288,500.0
36289,500.0
36290,500.0
36291,500.0
36292,500.0
36293,500.0
36294,500.0
36295,500.0
36296,500.0
36297,500.0
36298,500.0
36299,500.0
36300,500.0
36301,500.0
36302,500.0
36303,500.0
36304,500.0
36305,500.0
36306,500.0
36307,500.0
36308,500.0
36309,500.0
36310,500.0
36311,500.0
36312,500.0
36313,500.0
36314,500.0
36315,500.0
36316,500.0
36317,500.0
36318,500.0
36319,500.0
36320,500.0
36321,500.0
36322,500.0
36323,500.0
36324,500.0
36325,500.0
36326,500.0
36327,500.0
36328,500.0
36329,500.0
36330,500.0
36331,500.0
36332,500.0
36333,500.0
36334,500.0
36335,500.0
36336,500.0
36337,500.0
36338,500.0
36339,500.0
36340,500.0
36341,500.0
36342,500.0
36343,500.0
36344,500.0
36345,500.0
36346,500.0
36347,500.0
36348,500.0
36349,500.0
36350,500.0
36351,500.0
36352,500.0
36353,500.0
36354,500.0
36355,500.0
36356,500.0
36357,500.0
36358,500.0
36359,500.0
36360,500.0
36361,500.0
36362,500.0
36363,500.0
36364,500.0
36365,500.0
36366,500.0
36367,500.0
36368,500.0
36369,500.0
36370,500.0
36371,500.0
36372,500.0
36373,500.0
36374,500.0
36375,500.0
36376,500.0
36377,500.0
36378,500.0
36379,500.0
36380,500.0
36381,500.0
36382,500.0
36383,500.0
36384,500.0
36385,500.0
36386,500.0
36387,500.0
36388,500.0
36389,500.0
36390,500.0
36391,500.0
36392,500.0
36393,500.0
36394,500.0
36395,500.0
36396,500.0
36397,500.0
36398,500.0
36399,500.0
36400,500.0
36401,500.0
36402,500.0
36403,500.0
36404,500.0
36405,500.0
36406,500.0
36407,500.0
36408,500.0
36409,500.0
36410,500.0
36411,500.0
36412,500.0
36413,500.0
36414,500.0
36415,500.0
36416,500.0
36417,500.0
36418,500.0
36419,500.0
36420,500.0
36421,500.0
36422,500.0
36423,500.0
36424,500.0
36425,500.0
36426,500.0
36427,500.0
36428,500.0
36429,500.0
36430,500.0
36431,500.0
36432,500.0
36433,500.0
36434,500.0
36435,500.0
36436,500.0
36437,500.0
36438,500.0
36439,500.0
36440,500.0
36441,500.0
36442,500.0
36443,500.0
36444,500.0
36445,500.0
36446,500.0
36447,500.0
36448,500.0
36449,500.0
36450,500.0
36451,500.0
36452,500.0
36453,500.0
36454,500.0
36455,500.0
36456,500.0
36457,500.0
36458,500.0
36459,500.0
36460,500.0
36461,500.0
36462,500.0
36463,500.0
36464,500.0
36465,500.0
36466,500.0
36467,500.0
36468,500.0
36469,500.0
36470,500.0
36471,500.0
36472,500.0
36473,500.0
36474,500.0
36475,500.0
36476,500.0
36477,500.0
36478,500.0
36479,500.0
36480,500.0
36481,500.0
36482,500.0
36483,500.0
36484,500.0
36485,500.0
36486,500.0
36487,500.0
36488,500.0
36489,500.0
36490,500.0
36491,500.0
36492,500.0
36493,500.0
36494,500.0
36495,500.0
36496,500.0
36497,500.0
36498,500.0
36499,500.0
36500,500.0
36501,500.0
36502,500.0
36503,500.0
36504,500.0
36505,500.0
36506,500.0
36507,500.0
36508,500.0
36509,500.0
36510,500.0
36511,500.0
36512,500.0
36513,500.0
36514,500.0
36515,500.0
36516,500.0
36517,500.0
36518,500.0
36519,500.0
36520,500.0
36521,500.0
36522,500.0
36523,500.0
36524,500.0
36525,500.0
36526,500.0
36527,500.0
36528,500.0
36529,500.0
36530,500.0
36531,500.0
36532,500.0
36533,500.0
36534,500.0
36535,500.0
36536,500.0
36537,500.0
36538,500.0
36539,500.0
36540,500.0
36541,500.0
36542,500.0
36543,500.0
36544,500.0
36545,500.0
36546,500.0
36547,500.0
36548,500.0
36549,500.0
36550,500.0
36551,500.0
36552,500.0
36553,500.0
36554,500.0
36555,500.0
36556,500.0
36557,500.0
36558,500.0
36559,500.0
36560,500.0
36561,500.0
36562,500.0
36563,500.0
36564,500.0
36565,500.0
36566,500.0
36567,500.0
36568,500.0
36569,500.0
36570,500.0
36571,500.0
36572,500.0
36573,500.0
36574,500.0
36575,500.0
36576,500.0
36577,500.0
36578,500.0
36579,500.0
36580,500.0
36581,500.0
36582,500.0
36583,500.0
36584,500.0
36585,500.0
36586,500.0
36587,500.0
36588,500.0
36589,500.0
36590,500.0
36591,500.0
36592,500.0
36593,500.0
36594,500.0
36595,500.0
36596,500.0
36597,500.0
36598,500.0
36599,500.0
36600,500.0
36601,500.0
36602,500.0
36603,500.0
36604,500.0
36605,500.0
36606,500.0
36607,500.0
36608,500.0
36609,500.0
36610,500.0
36611,500.0
36612,500.0
36613,500.0
36614,500.0
36615,500.0
36616,500.0
36617,500.0
36618,500.0
36619,500.0
36620,500.0
36621,500.0
36622,500.0
36623,500.0
36624,500.0
36625,500.0
36626,500.0
36627,500.0
36628,500.0
36629,500.0
36630,500.0
36631,500.0
36632,500.0
36633,500.0
36634,500.0
36635,500.0
36636,500.0
36637,500.0
36638,500.0
36639,500.0
36640,500.0
36641,500.0
36642,500.0
36643,500.0
36644,500.0
36645,500.0
36646,500.0
36647,500.0
36648,500.0
36649,500.0
36650,500.0
36651,500.0
36652,500.0
36653,500.0
36654,500.0
36655,500.0
36656,500.0
36657,500.0
36658,500.0
36659,500.0
36660,500.0
36661,500.0
36662,500.0
36663,500.0
36664,500.0
36665,500.0
36666,500.0
36667,500.0
36668,500.0
36669,500.0
36670,500.0
36671,500.0
36672,500.0
36673,500.0
36674,500.0
36675,500.0
36676,500.0
36677,500.0
36678,500.0
36679,500.0
36680,500.0
36681,500.0
36682,500.0
36683,500.0
36684,500.0
36685,500.0
36686,500.0
36687,500.0
36688,500.0
36689,500.0
36690,500.0
36691,500.0
36692,500.0
36693,500.0
36694,500.0
36695,500.0
36696,500.0
36697,500.0
36698,500.0
36699,500.0
36700,500.0
36701,500.0
36702,500.0
36703,500.0
36704,500.0
36705,500.0
36706,500.0
36707,500.0
36708,500.0
36709,500.0
36710,500.0
36711,500.0
36712,500.0
36713,500.0
36714,500.0
36715,500.0
36716,500.0
36717,500.0
36718,500.0
36719,500.0
36720,500.0
36721,500.0
36722,500.0
36723,500.0
36724,500.0
36725,500.0
36726,500.0
36727,500.0
36728,500.0
36729,500.0
36730,500.0
36731,500.0
36732,500.0
36733,500.0
36734,500.0
36735,500.0
36736,500.0
36737,500.0
36738,500.0
36739,500.0
36740,500.0
36741,500.0
36742,500.0
36743,500.0
36744,500.0
36745,500.0
36746,500.0
36747,500.0
36748,500.0
36749,500.0
36750,500.0
36751,500.0
36752,500.0
36753,500.0
36754,500.0
36755,500.0
36756,500.0
36757,500.0
36758,500.0
36759,500.0
36760,500.0
36761,500.0
36762,500.0
36763,500.0
36764,500.0
36765,500.0
36766,500.0
36767,500.0
36768,500.0
36769,500.0
36770,500.0
36771,500.0
36772,500.0
36773,500.0
36774,500.0
36775,500.0
36776,500.0
36777,500.0
36778,500.0
36779,500.0
36780,500.0
36781,500.0
36782,500.0
36783,500.0
36784,500.0
36785,500.0
36786,500.0
36787,500.0
36788,500.0
36789,500.0
36790,500.0
36791,500.0
36792,500.0
36793,500.0
36794,500.0
36795,500.0
36796,500.0
36797,500.0
36798,500.0
36799,500.0
36800,500.0
36801,500.0
36802,500.0
36803,500.0
36804,500.0
36805,500.0
36806,500.0
36807,500.0
36808,500.0
36809,500.0
36810,500.0
36811,500.0
36812,500.0
36813,500.0
36814,500.0
36815,500.0
36816,500.0
36817,500.0
36818,500.0
36819,500.0
36820,500.0
36821,500.0
36822,500.0
36823,500.0
36824,500.0
36825,500.0
36826,500.0
36827,500.0
36828,500.0
36829,500.0
36830,500.0
36831,500.0
36832,500.0
36833,500.0
36834,500.0
36835,500.0
36836,500.0
36837,500.0
36838,500.0
36839,500.0
36840,500.0
36841,500.0
36842,500.0
36843,500.0
36844,500.0
36845,500.0
36846,500.0
36847,500.0
36848,500.0
36849,500.0
36850,500.0
36851,500.0
36852,500.0
36853,500.0
36854,500.0
36855,500.0
36856,500.0
36857,500.0
36858,500.0
36859,500.0
36860,500.0
36861,500.0
36862,500.0
36863,500.0
36864,500.0
36865,500.0
36866,500.0
36867,500.0
36868,500.0
36869,500.0
36870,500.0
36871,500.0
36872,500.0
36873,500.0
36874,500.0
36875,500.0
36876,500.0
36877,500.0
36878,500.0
36879,500.0
36880,500.0
36881,500.0
36882,500.0
36883,500.0
36884,500.0
36885,500.0
36886,500.0
36887,500.0
36888,500.0
36889,500.0
36890,500.0
36891,500.0
36892,500.0
36893,500.0
36894,500.0
36895,500.0
36896,500.0
36897,500.0
36898,500.0
36899,500.0
36900,500.0
36901,500.0
36902,500.0
36903,500.0
36904,500.0
36905,500.0
36906,500.0
36907,500.0
36908,500.0
36909,500.0
36910,500.0
36911,500.0
36912,500.0
36913,500.0
36914,500.0
36915,500.0
36916,500.0
36917,500.0
36918,500.0
36919,500.0
36920,500.0
36921,500.0
36922,500.0
36923,500.0
36924,500.0
36925,500.0
36926,500.0
36927,500.0
36928,500.0
36929,500.0
36930,500.0
36931,500.0
36932,500.0
36933,500.0
36934,500.0
36935,500.0
36936,500.0
36937,500.0
36938,500.0
36939,500.0
36940,500.0
36941,500.0
36942,500.0
36943,500.0
36944,500.0
36945,500.0
36946,500.0
36947,500.0
36948,500.0
36949,500.0
36950,500.0
36951,500.0
36952,500.0
36953,500.0
36954,500.0
36955,500.0
36956,500.0
36957,500.0
36958,500.0
36959,500.0
36960,500.0
36961,500.0
36962,500.0
36963,500.0
36964,500.0
36965,500.0
36966,500.0
36967,500.0
36968,500.0
36969,500.0
36970,500.0
36971,500.0
36972,500.0
36973,500.0
36974,500.0
36975,500.0
36976,500.0
36977,500.0
36978,500.0
36979,500.0
36980,500.0
36981,500.0
36982,500.0
36983,500.0
36984,500.0
36985,500.0
36986,500.0
36987,500.0
36988,500.0
36989,500.0
36990,500.0
36991,500.0
36992,500.0
36993,500.0
36994,500.0
36995,500.0
36996,500.0
36997,500.0
36998,500.0
36999,500.0
37000,500.0
37001,500.0
37002,500.0
37003,500.0
37004,500.0
37005,500.0
37006,500.0
37007,500.0
37008,500.0
37009,500.0
37010,500.0
37011,500.0
37012,500.0
37013,500.0
37014,500.0
37015,500.0
37016,500.0
37017,500.0
37018,500.0
37019,500.0
37020,500.0
37021,500.0
37022,500.0
37023,500.0
37024,500.0
37025,500.0
37026,500.0
37027,500.0
37028,500.0
37029,500.0
37030,500.0
37031,500.0
37032,500.0
37033,500.0
37034,500.0
37035,500.0
37036,500.0
37037,500.0
37038,500.0
37039,500.0
37040,500.0
37041,500.0
37042,500.0
37043,500.0
37044,500.0
37045,500.0
37046,500.0
37047,500.0
37048,500.0
37049,500.0
37050,500.0
37051,500.0
37052,500.0
37053,500.0
37054,500.0
37055,500.0
37056,500.0
37057,500.0
37058,500.0
37059,500.0
37060,500.0
37061,500.0
37062,500.0
37063,500.0
37064,500.0
37065,500.0
37066,500.0
37067,500.0
37068,500.0
37069,500.0
37070,500.0
37071,500.0
37072,500.0
37073,500.0
37074,500.0
37075,500.0
37076,500.0
37077,500.0
37078,500.0
37079,500.0
37080,500.0
37081,500.0
37082,500.0
37083,500.0
37084,500.0
37085,500.0
37086,500.0
37087,500.0
37088,500.0
37089,500.0
37090,500.0
37091,500.0
37092,500.0
37093,500.0
37094,500.0
37095,500.0
37096,500.0
37097,500.0
37098,500.0
37099,500.0
37100,500.0
37101,500.0
37102,500.0
37103,500.0
37104,500.0
37105,500.0
37106,500.0
37107,500.0
37108,500.0
37109,500.0
37110,500.0
37111,500.0
37112,500.0
37113,500.0
37114,500.0
37115,500.0
37116,500.0
37117,500.0
37118,500.0
37119,500.0
37120,500.0
37121,500.0
37122,500.0
37123,500.0
37124,500.0
37125,500.0
37126,500.0
37127,500.0
37128,500.0
37129,500.0
37130,500.0
37131,500.0
37132,500.0
37133,500.0
37134,500.0
37135,500.0
37136,500.0
37137,500.0
37138,500.0
37139,500.0
37140,500.0
37141,500.0
37142,500.0
37143,500.0
37144,500.0
37145,500.0
37146,500.0
37147,500.0
37148,500.0
37149,500.0
37150,500.0
37151,500.0
37152,500.0
37153,500.0
37154,500.0
37155,500.0
37156,500.0
37157,500.0
37158,500.0
37159,500.0
37160,500.0
37161,500.0
37162,500.0
37163,500.0
37164,500.0
37165,500.0
37166,500.0
37167,500.0
37168,500.0
37169,500.0
37170,500.0
37171,500.0
37172,500.0
37173,500.0
37174,500.0
37175,500.0
37176,500.0
37177,500.0
37178,500.0
37179,500.0
37180,500.0
37181,500.0
37182,500.0
37183,500.0
37184,500.0
37185,500.0
37186,500.0
37187,500.0
37188,500.0
37189,500.0
37190,500.0
37191,500.0
37192,500.0
37193,500.0
37194,500.0
37195,500.0
37196,500.0
37197,500.0
37198,500.0
37199,500.0
37200,500.0
37201,500.0
37202,500.0
37203,500.0
37204,500.0
37205,500.0
37206,500.0
37207,500.0
37208,500.0
37209,500.0
37210,500.0
37211,500.0
37212,500.0
37213,500.0
37214,500.0
37215,500.0
37216,500.0
37217,500.0
37218,500.0
37219,500.0
37220,500.0
37221,500.0
37222,500.0
37223,500.0
37224,500.0
37225,500.0
37226,500.0
37227,500.0
37228,500.0
37229,500.0
37230,500.0
37231,500.0
37232,500.0
37233,500.0
37234,500.0
37235,500.0
37236,500.0
37237,500.0
37238,500.0
37239,500.0
37240,500.0
37241,500.0
37242,500.0
37243,500.0
37244,500.0
37245,500.0
37246,500.0
37247,500.0
37248,500.0
37249,500.0
37250,500.0
37251,500.0
37252,500.0
37253,500.0
37254,500.0
37255,500.0
37256,500.0
37257,500.0
37258,500.0
37259,500.0
37260,500.0
37261,500.0
37262,500.0
37263,500.0
37264,500.0
37265,500.0
37266,500.0
37267,500.0
37268,500.0
37269,500.0
37270,500.0
37271,500.0
37272,500.0
37273,500.0
37274,500.0
37275,500.0
37276,500.0
37277,500.0
37278,500.0
37279,500.0
37280,500.0
37281,500.0
37282,500.0
37283,500.0
37284,500.0
37285,500.0
37286,500.0
37287,500.0
37288,500.0
37289,500.0
37290,500.0
37291,500.0
37292,500.0
37293,500.0
37294,500.0
37295,500.0
37296,500.0
37297,500.0
37298,500.0
37299,500.0
37300,500.0
37301,500.0
37302,500.0
37303,500.0
37304,500.0
37305,500.0
37306,500.0
37307,500.0
37308,500.0
37309,500.0
37310,500.0
37311,500.0
37312,500.0
37313,500.0
37314,500.0
37315,500.0
37316,500.0
37317,500.0
37318,500.0
37319,500.0
37320,500.0
37321,500.0
37322,500.0
37323,500.0
37324,500.0
37325,500.0
37326,500.0
37327,500.0
37328,500.0
37329,500.0
37330,500.0
37331,500.0
37332,500.0
37333,500.0
37334,500.0
37335,500.0
37336,500.0
37337,500.0
37338,500.0
37339,500.0
37340,500.0
37341,500.0
37342,500.0
37343,500.0
37344,500.0
37345,500.0
37346,500.0
37347,500.0
37348,500.0
37349,500.0
37350,500.0
37351,500.0
37352,500.0
37353,500.0
37354,500.0
37355,500.0
37356,500.0
37357,500.0
37358,500.0
37359,500.0
37360,500.0
37361,500.0
37362,500.0
37363,500.0
37364,500.0
37365,500.0
37366,500.0
37367,500.0
37368,500.0
37369,500.0
37370,500.0
37371,500.0
37372,500.0
37373,500.0
37374,500.0
37375,500.0
37376,500.0
37377,500.0
37378,500.0
37379,500.0
37380,500.0
37381,500.0
37382,500.0
37383,500.0
37384,500.0
37385,500.0
37386,500.0
37387,500.0
37388,500.0
37389,500.0
37390,500.0
37391,500.0
37392,500.0
37393,500.0
37394,500.0
37395,500.0
37396,500.0
37397,500.0
37398,500.0
37399,500.0
37400,500.0
37401,500.0
37402,500.0
37403,500.0
37404,500.0
37405,500.0
37406,500.0
37407,500.0
37408,500.0
37409,500.0
37410,500.0
37411,500.0
37412,500.0
37413,500.0
37414,500.0
37415,500.0
37416,500.0
37417,500.0
37418,500.0
37419,500.0
37420,500.0
37421,500.0
37422,500.0
37423,500.0
37424,500.0
37425,500.0
37426,500.0
37427,500.0
37428,500.0
37429,500.0
37430,500.0
37431,500.0
37432,500.0
37433,500.0
37434,500.0
37435,500.0
37436,500.0
37437,500.0
37438,500.0
37439,500.0
37440,500.0
37441,500.0
37442,500.0
37443,500.0
37444,500.0
37445,500.0
37446,500.0
37447,500.0
37448,500.0
37449,500.0
37450,500.0
37451,500.0
37452,500.0
37453,500.0
37454,500.0
37455,500.0
37456,500.0
37457,500.0
37458,500.0
37459,500.0
37460,500.0
37461,500.0
37462,500.0
37463,500.0
37464,500.0
37465,500.0
37466,500.0
37467,500.0
37468,500.0
37469,500.0
37470,500.0
37471,500.0
37472,500.0
37473,500.0
37474,500.0
37475,500.0
37476,500.0
37477,500.0
37478,500.0
37479,500.0
37480,500.0
37481,500.0
37482,500.0
37483,500.0
37484,500.0
37485,500.0
37486,500.0
37487,500.0
37488,500.0
37489,500.0
37490,500.0
37491,500.0
37492,500.0
37493,500.0
37494,500.0
37495,500.0
37496,500.0
37497,500.0
37498,500.0
37499,500.0
37500,500.0
37501,500.0
37502,500.0
37503,500.0
37504,500.0
37505,500.0
37506,500.0
37507,500.0
37508,500.0
37509,500.0
37510,500.0
37511,500.0
37512,500.0
37513,500.0
37514,500.0
37515,500.0
37516,500.0
37517,500.0
37518,500.0
37519,500.0
37520,500.0
37521,500.0
37522,500.0
37523,500.0
37524,500.0
37525,500.0
37526,500.0
37527,500.0
37528,500.0
37529,500.0
37530,500.0
37531,500.0
37532,500.0
37533,500.0
37534,500.0
37535,500.0
37536,500.0
37537,500.0
37538,500.0
37539,500.0
37540,500.0
37541,500.0
37542,500.0
37543,500.0
37544,500.0
37545,500.0
37546,500.0
37547,500.0
37548,500.0
37549,500.0
37550,500.0
37551,500.0
37552,500.0
37553,500.0
37554,500.0
37555,500.0
37556,500.0
37557,500.0
37558,500.0
37559,500.0
37560,500.0
37561,500.0
37562,500.0
37563,500.0
37564,500.0
37565,500.0
37566,500.0
37567,500.0
37568,500.0
37569,500.0
37570,500.0
37571,500.0
37572,500.0
37573,500.0
37574,500.0
37575,500.0
37576,500.0
37577,500.0
37578,500.0
37579,500.0
37580,500.0
37581,500.0
37582,500.0
37583,500.0
37584,500.0
37585,500.0
37586,500.0
37587,500.0
37588,500.0
37589,500.0
37590,500.0
37591,500.0
37592,500.0
37593,500.0
37594,500.0
37595,500.0
37596,500.0
37597,500.0
37598,500.0
37599,500.0
37600,500.0
37601,500.0
37602,500.0
37603,500.0
37604,500.0
37605,500.0
37606,500.0
37607,500.0
37608,500.0
37609,500.0
37610,500.0
37611,500.0
37612,500.0
37613,500.0
37614,500.0
37615,500.0
37616,500.0
37617,500.0
37618,500.0
37619,500.0
37620,500.0
37621,500.0
37622,500.0
37623,500.0
37624,500.0
37625,500.0
37626,500.0
37627,500.0
37628,500.0
37629,500.0
37630,500.0
37631,500.0
37632,500.0
37633,500.0
37634,500.0
37635,500.0
37636,500.0
37637,500.0
37638,500.0
37639,500.0
37640,500.0
37641,500.0
37642,500.0
37643,500.0
37644,500.0
37645,500.0
37646,500.0
37647,500.0
37648,500.0
37649,500.0
37650,500.0
37651,500.0
37652,500.0
37653,500.0
37654,500.0
37655,500.0
37656,500.0
37657,500.0
37658,500.0
37659,500.0
37660,500.0
37661,500.0
37662,500.0
37663,500.0
37664,500.0
37665,500.0
37666,500.0
37667,500.0
37668,500.0
37669,500.0
37670,500.0
37671,500.0
37672,500.0
37673,500.0
37674,500.0
37675,500.0
37676,500.0
37677,500.0
37678,500.0
37679,500.0
37680,500.0
37681,500.0
37682,500.0
37683,500.0
37684,500.0
37685,500.0
37686,500.0
37687,500.0
37688,500.0
37689,500.0
37690,500.0
37691,500.0
37692,500.0
37693,500.0
37694,500.0
37695,500.0
37696,500.0
37697,500.0
37698,500.0
37699,500.0
37700,500.0
37701,500.0
37702,500.0
37703,500.0
37704,500.0
37705,500.0
37706,500.0
37707,500.0
37708,500.0
37709,500.0
37710,500.0
37711,500.0
37712,500.0
37713,500.0
37714,500.0
37715,500.0
37716,500.0
37717,500.0
37718,500.0
37719,500.0
37720,500.0
37721,500.0
37722,500.0
37723,500.0
37724,500.0
37725,500.0
37726,500.0
37727,500.0
37728,500.0
37729,500.0
37730,500.0
37731,500.0
37732,500.0
37733,500.0
37734,500.0
37735,500.0
37736,500.0
37737,500.0
37738,500.0
37739,500.0
37740,500.0
37741,500.0
37742,500.0
37743,500.0
37744,500.0
37745,500.0
37746,500.0
37747,500.0
37748,500.0
37749,500.0
37750,500.0
37751,500.0
37752,500.0
37753,500.0
37754,500.0
37755,500.0
37756,500.0
37757,500.0
37758,500.0
37759,500.0
37760,500.0
37761,500.0
37762,500.0
37763,500.0
37764,500.0
37765,500.0
37766,500.0
37767,500.0
37768,500.0
37769,500.0
37770,500.0
37771,500.0
37772,500.0
37773,500.0
37774,500.0
37775,500.0
37776,500.0
37777,500.0
37778,500.0
37779,500.0
37780,500.0
37781,500.0
37782,500.0
37783,500.0
37784,500.0
37785,500.0
37786,500.0
37787,500.0
37788,500.0
37789,500.0
37790,500.0
37791,500.0
37792,500.0
37793,500.0
37794,500.0
37795,500.0
37796,500.0
37797,500.0
37798,500.0
37799,500.0
37800,500.0
37801,500.0
37802,500.0
37803,500.0
37804,500.0
37805,500.0
37806,500.0
37807,500.0
37808,500.0
37809,500.0
37810,500.0
37811,500.0
37812,500.0
37813,500.0
37814,500.0
37815,500.0
37816,500.0
37817,500.0
37818,500.0
37819,500.0
37820,500.0
37821,500.0
37822,500.0
37823,500.0
37824,500.0
37825,500.0
37826,500.0
37827,500.0
37828,500.0
37829,500.0
37830,500.0
37831,500.0
37832,500.0
37833,500.0
37834,500.0
37835,500.0
37836,500.0
37837,500.0
37838,500.0
37839,500.0
37840,500.0
37841,500.0
37842,500.0
37843,500.0
37844,500.0
37845,500.0
37846,500.0
37847,500.0
37848,500.0
37849,500.0
37850,500.0
37851,500.0
37852,500.0
37853,500.0
37854,500.0
37855,500.0
37856,500.0
37857,500.0
37858,500.0
37859,500.0
37860,500.0
37861,500.0
37862,500.0
37863,500.0
37864,500.0
37865,500.0
37866,500.0
37867,500.0
37868,500.0
37869,500.0
37870,500.0
37871,500.0
37872,500.0
37873,500.0
37874,500.0
37875,500.0
37876,500.0
37877,500.0
37878,500.0
37879,500.0
37880,500.0
37881,500.0
37882,500.0
37883,500.0
37884,500.0
37885,500.0
37886,500.0
37887,500.0
37888,500.0
37889,500.0
37890,500.0
37891,500.0
37892,500.0
37893,500.0
37894,500.0
37895,500.0
37896,500.0
37897,500.0
37898,500.0
37899,500.0
37900,500.0
37901,500.0
37902,500.0
37903,500.0
37904,500.0
37905,500.0
37906,500.0
37907,500.0
37908,500.0
37909,500.0
37910,500.0
37911,500.0
37912,500.0
37913,500.0
37914,500.0
37915,500.0
37916,500.0
37917,500.0
37918,500.0
37919,500.0
37920,500.0
37921,500.0
37922,500.0
37923,500.0
37924,500.0
37925,500.0
37926,500.0
37927,500.0
37928,500.0
37929,500.0
37930,500.0
37931,500.0
37932,500.0
37933,500.0
37934,500.0
37935,500.0
37936,500.0
37937,500.0
37938,500.0
37939,500.0
37940,500.0
37941,500.0
37942,500.0
37943,500.0
37944,500.0
37945,500.0
37946,500.0
37947,500.0
37948,500.0
37949,500.0
37950,500.0
37951,500.0
37952,500.0
37953,500.0
37954,500.0
37955,500.0
37956,500.0
37957,500.0
37958,500.0
37959,500.0
37960,500.0
37961,500.0
37962,500.0
37963,500.0
37964,500.0
37965,500.0
37966,500.0
37967,500.0
37968,500.0
37969,500.0
37970,500.0
37971,500.0
37972,500.0
37973,500.0
37974,500.0
37975,500.0
37976,500.0
37977,500.0
37978,500.0
37979,500.0
37980,500.0
37981,500.0
37982,500.0
37983,500.0
37984,500.0
37985,500.0
37986,500.0
37987,500.0
37988,500.0
37989,500.0
37990,500.0
37991,500.0
37992,500.0
37993,500.0
37994,500.0
37995,500.0
37996,500.0
37997,500.0
37998,500.0
37999,500.0
38000,500.0
38001,500.0
38002,500.0
38003,500.0
38004,500.0
38005,500.0
38006,500.0
38007,500.0
38008,500.0
38009,500.0
38010,500.0
38011,500.0
38012,500.0
38013,500.0
38014,500.0
38015,500.0
38016,500.0
38017,500.0
38018,500.0
38019,500.0
38020,500.0
38021,500.0
38022,500.0
38023,500.0
38024,500.0
38025,500.0
38026,500.0
38027,500.0
38028,500.0
38029,500.0
38030,500.0
38031,500.0
38032,500.0
38033,500.0
38034,500.0
38035,500.0
38036,500.0
38037,500.0
38038,500.0
38039,500.0
38040,500.0
38041,500.0
38042,500.0
38043,500.0
38044,500.0
38045,500.0
38046,500.0
38047,500.0
38048,500.0
38049,500.0
38050,500.0
38051,500.0
38052,500.0
38053,500.0
38054,500.0
38055,500.0
38056,500.0
38057,500.0
38058,500.0
38059,500.0
38060,500.0
38061,500.0
38062,500.0
38063,500.0
38064,500.0
38065,500.0
38066,500.0
38067,500.0
38068,500.0
38069,500.0
38070,500.0
38071,500.0
38072,500.0
38073,500.0
38074,500.0
38075,500.0
38076,500.0
38077,500.0
38078,500.0
38079,500.0
38080,500.0
38081,500.0
38082,500.0
38083,500.0
38084,500.0
38085,500.0
38086,500.0
38087,500.0
38088,500.0
38089,500.0
38090,500.0
38091,500.0
38092,500.0
38093,500.0
38094,500.0
38095,500.0
38096,500.0
38097,500.0
38098,500.0
38099,500.0
38100,500.0
38101,500.0
38102,500.0
38103,500.0
38104,500.0
38105,500.0
38106,500.0
38107,500.0
38108,500.0
38109,500.0
38110,500.0
38111,500.0
38112,500.0
38113,500.0
38114,500.0
38115,500.0
38116,500.0
38117,500.0
38118,500.0
38119,500.0
38120,500.0
38121,500.0
38122,500.0
38123,500.0
38124,500.0
38125,500.0
38126,500.0
38127,500.0
38128,500.0
38129,500.0
38130,500.0
38131,500.0
38132,500.0
38133,500.0
38134,500.0
38135,500.0
38136,500.0
38137,500.0
38138,500.0
38139,500.0
38140,500.0
38141,500.0
38142,500.0
38143,500.0
38144,500.0
38145,500.0
38146,500.0
38147,500.0
38148,500.0
38149,500.0
38150,500.0
38151,500.0
38152,500.0
38153,500.0
38154,500.0
38155,500.0
38156,500.0
38157,500.0
38158,500.0
38159,500.0
38160,500.0
38161,500.0
38162,500.0
38163,500.0
38164,500.0
38165,500.0
38166,500.0
38167,500.0
38168,500.0
38169,500.0
38170,500.0
38171,500.0
38172,500.0
38173,500.0
38174,500.0
38175,500.0
38176,500.0
38177,500.0
38178,500.0
38179,500.0
38180,500.0
38181,500.0
38182,500.0
38183,500.0
38184,500.0
38185,500.0
38186,500.0
38187,500.0
38188,500.0
38189,500.0
38190,500.0
38191,500.0
38192,500.0
38193,500.0
38194,500.0
38195,500.0
38196,500.0
38197,500.0
38198,500.0
38199,500.0
38200,500.0
38201,500.0
38202,500.0
38203,500.0
38204,500.0
38205,500.0
38206,500.0
38207,500.0
38208,500.0
38209,500.0
38210,500.0
38211,500.0
38212,500.0
38213,500.0
38214,500.0
38215,500.0
38216,500.0
38217,500.0
38218,500.0
38219,500.0
38220,500.0
38221,500.0
38222,500.0
38223,500.0
38224,500.0
38225,500.0
38226,500.0
38227,500.0
38228,500.0
38229,500.0
38230,500.0
38231,500.0
38232,500.0
38233,500.0
38234,500.0
38235,500.0
38236,500.0
38237,500.0
38238,500.0
38239,500.0
38240,500.0
38241,500.0
38242,500.0
38243,500.0
38244,500.0
38245,500.0
38246,500.0
38247,500.0
38248,500.0
38249,500.0
38250,500.0
38251,500.0
38252,500.0
38253,500.0
38254,500.0
38255,500.0
38256,500.0
38257,500.0
38258,500.0
38259,500.0
38260,500.0
38261,500.0
38262,500.0
38263,500.0
38264,500.0
38265,500.0
38266,500.0
38267,500.0
38268,500.0
38269,500.0
38270,500.0
38271,500.0
38272,500.0
38273,500.0
38274,500.0
38275,500.0
38276,500.0
38277,500.0
38278,500.0
38279,500.0
38280,500.0
38281,500.0
38282,500.0
38283,500.0
38284,500.0
38285,500.0
38286,500.0
38287,500.0
38288,500.0
38289,500.0
38290,500.0
38291,500.0
38292,500.0
38293,500.0
38294,500.0
38295,500.0
38296,500.0
38297,500.0
38298,500.0
38299,500.0
38300,500.0
38301,500.0
38302,500.0
38303,500.0
38304,500.0
38305,500.0
38306,500.0
38307,500.0
38308,500.0
38309,500.0
38310,500.0
38311,500.0
38312,500.0
38313,500.0
38314,500.0
38315,500.0
38316,500.0
38317,500.0
38318,500.0
38319,500.0
38320,500.0
38321,500.0
38322,500.0
38323,500.0
38324,500.0
38325,500.0
38326,500.0
38327,500.0
38328,500.0
38329,500.0
38330,500.0
38331,500.0
38332,500.0
38333,500.0
38334,500.0
38335,500.0
38336,500.0
38337,500.0
38338,500.0
38339,500.0
38340,500.0
38341,500.0
38342,500.0
38343,500.0
38344,500.0
38345,500.0
38346,500.0
38347,500.0
38348,500.0
38349,500.0
38350,500.0
38351,500.0
38352,500.0
38353,500.0
38354,500.0
38355,500.0
38356,500.0
38357,500.0
38358,500.0
38359,500.0
38360,500.0
38361,500.0
38362,500.0
38363,500.0
38364,500.0
38365,500.0
38366,500.0
38367,500.0
38368,500.0
38369,500.0
38370,500.0
38371,500.0
38372,500.0
38373,500.0
38374,500.0
38375,500.0
38376,500.0
38377,500.0
38378,500.0
38379,500.0
38380,500.0
38381,500.0
38382,500.0
38383,500.0
38384,500.0
38385,500.0
38386,500.0
38387,500.0
38388,500.0
38389,500.0
38390,500.0
38391,500.0
38392,500.0
38393,500.0
38394,500.0
38395,500.0
38396,500.0
38397,500.0
38398,500.0
38399,500.0
38400,500.0
38401,500.0
38402,500.0
38403,500.0
38404,500.0
38405,500.0
38406,500.0
38407,500.0
38408,500.0
38409,500.0
38410,500.0
38411,500.0
38412,500.0
38413,500.0
38414,500.0
38415,500.0
38416,500.0
38417,500.0
38418,500.0
38419,500.0
38420,500.0
38421,500.0
38422,500.0
38423,500.0
38424,500.0
38425,500.0
38426,500.0
38427,500.0
38428,500.0
38429,500.0
38430,500.0
38431,500.0
38432,500.0
38433,500.0
38434,500.0
38435,500.0
38436,500.0
38437,500.0
38438,500.0
38439,500.0
38440,500.0
38441,500.0
38442,500.0
38443,500.0
38444,500.0
38445,500.0
38446,500.0
38447,500.0
38448,500.0
38449,500.0
38450,500.0
38451,500.0
38452,500.0
38453,500.0
38454,500.0
38455,500.0
38456,500.0
38457,500.0
38458,500.0
38459,500.0
38460,500.0
38461,500.0
38462,500.0
38463,500.0
38464,500.0
38465,500.0
38466,500.0
38467,500.0
38468,500.0
38469,500.0
38470,500.0
38471,500.0
38472,500.0
38473,500.0
38474,500.0
38475,500.0
38476,500.0
38477,500.0
38478,500.0
38479,500.0
38480,500.0
38481,500.0
38482,500.0
38483,500.0
38484,500.0
38485,500.0
38486,500.0
38487,500.0
38488,500.0
38489,500.0
38490,500.0
38491,500.0
38492,500.0
38493,500.0
38494,500.0
38495,500.0
38496,500.0
38497,500.0
38498,500.0
38499,500.0
38500,500.0
38501,500.0
38502,500.0
38503,500.0
38504,500.0
38505,500.0
38506,500.0
38507,500.0
38508,500.0
38509,500.0
38510,500.0
38511,500.0
38512,500.0
38513,500.0
38514,500.0
38515,500.0
38516,500.0
38517,500.0
38518,500.0
38519,500.0
38520,500.0
38521,500.0
38522,500.0
38523,500.0
38524,500.0
38525,500.0
38526,500.0
38527,500.0
38528,500.0
38529,500.0
38530,500.0
38531,500.0
38532,487.0
38533,487.0
38534,487.0
38535,487.0
38536,487.0
38537,487.0
38538,487.0
38539,487.0
38540,487.0
38541,487.0
38542,487.0
38543,487.0
38544,487.0
38545,487.0
38546,487.0
38547,487.0
38548,487.0
38549,487.0
38550,487.0
38551,487.0
38552,487.0
38553,487.0
38554,487.0
38555,487.0
38556,487.0
38557,487.0
38558,487.0
38559,487.0
38560,487.0
38561,487.0
38562,487.0
38563,487.0
38564,487.0
38565,487.0
38566,487.0
38567,487.0
38568,487.0
38569,487.0
38570,487.0
38571,487.0
38572,487.0
38573,487.0
38574,487.0
38575,487.0
38576,487.0
38577,487.0
38578,487.0
38579,487.0
38580,487.0
38581,487.0
38582,487.0
38583,487.0
38584,487.0
38585,487.0
38586,487.0
38587,487.0
38588,487.0
38589,487.0
38590,487.0
38591,487.0
38592,487.0
38593,487.0
38594,487.0
38595,487.0
38596,487.0
38597,487.0
38598,487.0
38599,487.0
38600,487.0
38601,487.0
38602,487.0
38603,487.0
38604,487.0
38605,487.0
38606,487.0
38607,487.0
38608,487.0
38609,487.0
38610,487.0
38611,487.0
38612,487.0
38613,487.0
38614,487.0
38615,487.0
38616,487.0
38617,487.0
38618,487.0
38619,487.0
38620,487.0
38621,487.0
38622,487.0
38623,487.0
38624,487.0
38625,487.0
38626,487.0
38627,487.0
38628,487.0
38629,487.0
38630,487.0
38631,487.0
38632,487.0
38633,487.0
38634,487.0
38635,487.0
38636,487.0
38637,487.0
38638,487.0
38639,487.0
38640,487.0
38641,487.0
38642,487.0
38643,487.0
38644,487.0
38645,487.0
38646,487.0
38647,487.0
38648,487.0
38649,487.0
38650,487.0
38651,487.0
38652,487.0
38653,487.0
38654,487.0
38655,487.0
38656,487.0
38657,487.0
38658,487.0
38659,487.0
38660,487.0
38661,487.0
38662,487.0
38663,487.0
38664,487.0
38665,487.0
38666,487.0
38667,487.0
38668,487.0
38669,487.0
38670,487.0
38671,487.0
38672,487.0
38673,487.0
38674,487.0
38675,487.0
38676,487.0
38677,487.0
38678,487.0
38679,487.0
38680,487.0
38681,487.0
38682,487.0
38683,487.0
38684,487.0
38685,487.0
38686,487.0
38687,487.0
38688,487.0
38689,487.0
38690,487.0
38691,487.0
38692,487.0
38693,487.0
38694,487.0
38695,487.0
38696,487.0
38697,487.0
38698,487.0
38699,487.0
38700,487.0
38701,487.0
38702,487.0
38703,487.0
38704,487.0
38705,487.0
38706,487.0
38707,487.0
38708,487.0
38709,487.0
38710,487.0
38711,487.0
38712,487.0
38713,487.0
38714,487.0
38715,487.0
38716,487.0
38717,487.0
38718,487.0
38719,487.0
38720,487.0
38721,487.0
38722,487.0
38723,487.0
38724,487.0
38725,487.0
38726,487.0
38727,487.0
38728,487.0
38729,487.0
38730,487.0
38731,487.0
38732,487.0
38733,487.0
38734,487.0
38735,487.0
38736,487.0
38737,487.0
38738,487.0
38739,487.0
38740,487.0
38741,487.0
38742,487.0
38743,487.0
38744,487.0
38745,487.0
38746,487.0
38747,487.0
38748,487.0
38749,487.0
38750,487.0
38751,487.0
38752,487.0
38753,487.0
38754,487.0
38755,487.0
38756,487.0
38757,487.0
38758,487.0
38759,487.0
38760,487.0
38761,487.0
38762,487.0
38763,487.0
38764,487.0
38765,487.0
38766,487.0
38767,487.0
38768,487.0
38769,487.0
38770,487.0
38771,487.0
38772,487.0
38773,487.0
38774,487.0
38775,487.0
38776,487.0
38777,487.0
38778,487.0
38779,487.0
38780,487.0
38781,487.0
38782,487.0
38783,487.0
38784,487.0
38785,487.0
38786,487.0
38787,487.0
38788,487.0
38789,487.0
38790,487.0
38791,487.0
38792,487.0
38793,487.0
38794,487.0
38795,487.0
38796,487.0
38797,487.0
38798,487.0
38799,487.0
38800,487.0
38801,487.0
38802,487.0
38803,487.0
38804,487.0
38805,487.0
38806,487.0
38807,487.0
38808,487.0
38809,487.0
38810,487.0
38811,487.0
38812,487.0
38813,487.0
38814,487.0
38815,487.0
38816,487.0
38817,487.0
38818,487.0
38819,487.0
38820,487.0
38821,487.0
38822,487.0
38823,487.0
38824,487.0
38825,487.0
38826,487.0
38827,487.0
38828,487.0
38829,487.0
38830,487.0
38831,487.0
38832,487.0
38833,487.0
38834,487.0
38835,487.0
38836,487.0
38837,487.0
38838,487.0
38839,487.0
38840,487.0
38841,487.0
38842,487.0
38843,487.0
38844,487.0
38845,487.0
38846,487.0
38847,487.0
38848,487.0
38849,487.0
38850,487.0
38851,487.0
38852,487.0
38853,487.0
38854,487.0
38855,487.0
38856,487.0
38857,487.0
38858,487.0
38859,487.0
38860,487.0
38861,487.0
38862,487.0
38863,487.0
38864,487.0
38865,487.0
38866,487.0
38867,487.0
38868,487.0
38869,487.0
38870,487.0
38871,487.0
38872,487.0
38873,487.0
38874,487.0
38875,487.0
38876,487.0
38877,487.0
38878,487.0
38879,487.0
38880,487.0
38881,487.0
38882,487.0
38883,487.0
38884,487.0
38885,487.0
38886,487.0
38887,487.0
38888,487.0
38889,487.0
38890,487.0
38891,487.0
38892,487.0
38893,487.0
38894,487.0
38895,487.0
38896,487.0
38897,487.0
38898,487.0
38899,487.0
38900,487.0
38901,487.0
38902,487.0
38903,487.0
38904,487.0
38905,487.0
38906,487.0
38907,487.0
38908,487.0
38909,487.0
38910,487.0
38911,487.0
38912,487.0
38913,487.0
38914,487.0
38915,487.0
38916,487.0
38917,487.0
38918,487.0
38919,487.0
38920,487.0
38921,487.0
38922,487.0
38923,487.0
38924,487.0
38925,487.0
38926,487.0
38927,487.0
38928,487.0
38929,487.0
38930,487.0
38931,487.0
38932,487.0
38933,487.0
38934,487.0
38935,487.0
38936,487.0
38937,487.0
38938,487.0
38939,487.0
38940,487.0
38941,487.0
38942,487.0
38943,487.0
38944,487.0
38945,487.0
38946,487.0
38947,487.0
38948,487.0
38949,487.0
38950,487.0
38951,487.0
38952,487.0
38953,487.0
38954,487.0
38955,487.0
38956,487.0
38957,487.0
38958,487.0
38959,487.0
38960,487.0
38961,487.0
38962,487.0
38963,487.0
38964,487.0
38965,487.0
38966,487.0
38967,487.0
38968,487.0
38969,487.0
38970,487.0
38971,487.0
38972,487.0
38973,487.0
38974,487.0
38975,487.0
38976,487.0
38977,487.0
38978,487.0
38979,487.0
38980,487.0
38981,487.0
38982,487.0
38983,487.0
38984,487.0
38985,487.0
38986,487.0
38987,487.0
38988,487.0
38989,487.0
38990,487.0
38991,487.0
38992,487.0
38993,487.0
38994,487.0
38995,487.0
38996,487.0
38997,487.0
38998,487.0
38999,487.0
39000,487.0
39001,487.0
39002,487.0
39003,487.0
39004,487.0
39005,487.0
39006,487.0
39007,487.0
39008,487.0
39009,487.0
39010,487.0
39011,487.0
39012,487.0
39013,487.0
39014,487.0
39015,487.0
39016,487.0
39017,487.0
39018,487.0
39019,487.0
39020,487.0
39021,487.0
39022,487.0
39023,487.0
39024,487.0
39025,487.0
39026,487.0
39027,487.0
39028,487.0
39029,487.0
39030,487.0
39031,487.0
39032,500.0
39033,500.0
39034,500.0
39035,500.0
39036,500.0
39037,500.0
39038,500.0
39039,500.0
39040,500.0
39041,500.0
39042,500.0
39043,500.0
39044,500.0
39045,500.0
39046,500.0
39047,500.0
39048,500.0
39049,500.0
39050,500.0
39051,500.0
39052,500.0
39053,500.0
39054,500.0
39055,500.0
39056,500.0
39057,500.0
39058,500.0
39059,500.0
39060,500.0
39061,500.0
39062,500.0
39063,500.0
39064,500.0
39065,500.0
39066,500.0
39067,500.0
39068,500.0
39069,500.0
39070,500.0
39071,500.0
39072,500.0
39073,500.0
39074,500.0
39075,500.0
39076,500.0
39077,500.0
39078,500.0
39079,500.0
39080,500.0
39081,500.0
39082,500.0
39083,500.0
39084,500.0
39085,500.0
39086,500.0
39087,500.0
39088,500.0
39089,500.0
39090,500.0
39091,500.0
39092,500.0
39093,500.0
39094,500.0
39095,500.0
39096,500.0
39097,500.0
39098,500.0
39099,500.0
39100,500.0
39101,500.0
39102,500.0
39103,500.0
39104,500.0
39105,500.0
39106,500.0
39107,500.0
39108,500.0
39109,500.0
39110,500.0
39111,500.0
39112,500.0
39113,500.0
39114,500.0
39115,500.0
39116,500.0
39117,500.0
39118,500.0
39119,500.0
39120,500.0
39121,500.0
39122,500.0
39123,500.0
39124,500.0
39125,500.0
39126,500.0
39127,500.0
39128,500.0
39129,500.0
39130,500.0
39131,500.0
39132,500.0
39133,500.0
39134,500.0
39135,500.0
39136,500.0
39137,500.0
39138,500.0
39139,500.0
39140,500.0
39141,500.0
39142,500.0
39143,500.0
39144,500.0
39145,500.0
39146,500.0
39147,500.0
39148,500.0
39149,500.0
39150,500.0
39151,500.0
39152,500.0
39153,500.0
39154,500.0
39155,500.0
39156,500.0
39157,500.0
39158,500.0
39159,500.0
39160,500.0
39161,500.0
39162,500.0
39163,500.0
39164,500.0
39165,500.0
39166,500.0
39167,500.0
39168,500.0
39169,500.0
39170,500.0
39171,500.0
39172,500.0
39173,500.0
39174,500.0
39175,500.0
39176,500.0
39177,500.0
39178,500.0
39179,500.0
39180,500.0
39181,500.0
39182,500.0
39183,500.0
39184,500.0
39185,500.0
39186,500.0
39187,500.0
39188,500.0
39189,500.0
39190,500.0
39191,500.0
39192,500.0
39193,500.0
39194,500.0
39195,500.0
39196,500.0
39197,500.0
39198,500.0
39199,500.0
39200,500.0
39201,500.0
39202,500.0
39203,500.0
39204,500.0
39205,500.0
39206,500.0
39207,500.0
39208,500.0
39209,500.0
39210,500.0
39211,500.0
39212,500.0
39213,500.0
39214,500.0
39215,500.0
39216,500.0
39217,500.0
39218,500.0
39219,500.0
39220,500.0
39221,500.0
39222,500.0
39223,500.0
39224,500.0
39225,500.0
39226,500.0
39227,500.0
39228,500.0
39229,500.0
39230,500.0
39231,500.0
39232,500.0
39233,500.0
39234,500.0
39235,500.0
39236,500.0
39237,500.0
39238,500.0
39239,500.0
39240,500.0
39241,500.0
39242,500.0
39243,500.0
39244,500.0
39245,500.0
39246,500.0
39247,500.0
39248,500.0
39249,500.0
39250,500.0
39251,500.0
39252,500.0
39253,500.0
39254,500.0
39255,500.0
39256,500.0
39257,500.0
39258,500.0
39259,500.0
39260,500.0
39261,500.0
39262,500.0
39263,500.0
39264,500.0
39265,500.0
39266,500.0
39267,500.0
39268,500.0
39269,500.0
39270,500.0
39271,500.0
39272,500.0
39273,500.0
39274,500.0
39275,500.0
39276,500.0
39277,500.0
39278,500.0
39279,500.0
39280,500.0
39281,500.0
39282,500.0
39283,500.0
39284,500.0
39285,500.0
39286,500.0
39287,500.0
39288,500.0
39289,500.0
39290,500.0
39291,500.0
39292,500.0
39293,500.0
39294,500.0
39295,500.0
39296,500.0
39297,500.0
39298,500.0
39299,500.0
39300,500.0
39301,500.0
39302,500.0
39303,500.0
39304,500.0
39305,500.0
39306,500.0
39307,500.0
39308,500.0
39309,500.0
39310,500.0
39311,500.0
39312,500.0
39313,500.0
39314,500.0
39315,500.0
39316,500.0
39317,500.0
39318,500.0
39319,500.0
39320,500.0
39321,500.0
39322,500.0
39323,500.0
39324,500.0
39325,500.0
39326,500.0
39327,500.0
39328,500.0
39329,500.0
39330,500.0
39331,500.0
39332,500.0
39333,500.0
39334,500.0
39335,500.0
39336,500.0
39337,500.0
39338,500.0
39339,500.0
39340,500.0
39341,500.0
39342,500.0
39343,500.0
39344,500.0
39345,500.0
39346,500.0
39347,500.0
39348,500.0
39349,500.0
39350,500.0
39351,500.0
39352,500.0
39353,500.0
39354,500.0
39355,500.0
39356,500.0
39357,500.0
39358,500.0
39359,500.0
39360,500.0
39361,500.0
39362,500.0
39363,500.0
39364,500.0
39365,500.0
39366,500.0
39367,500.0
39368,500.0
39369,500.0
39370,500.0
39371,500.0
39372,500.0
39373,500.0
39374,500.0
39375,500.0
39376,500.0
39377,500.0
39378,500.0
39379,500.0
39380,500.0
39381,500.0
39382,500.0
39383,500.0
39384,500.0
39385,500.0
39386,500.0
39387,500.0
39388,500.0
39389,500.0
39390,500.0
39391,500.0
39392,500.0
39393,500.0
39394,500.0
39395,500.0
39396,500.0
39397,500.0
39398,500.0
39399,500.0
39400,500.0
39401,500.0
39402,500.0
39403,500.0
39404,500.0
39405,500.0
39406,500.0
39407,500.0
39408,500.0
39409,500.0
39410,500.0
39411,500.0
39412,500.0
39413,500.0
39414,500.0
39415,500.0
39416,500.0
39417,500.0
39418,500.0
39419,500.0
39420,500.0
39421,500.0
39422,500.0
39423,500.0
39424,500.0
39425,500.0
39426,500.0
39427,500.0
39428,500.0
39429,500.0
39430,500.0
39431,500.0
39432,500.0
39433,500.0
39434,500.0
39435,500.0
39436,500.0
39437,500.0
39438,500.0
39439,500.0
39440,500.0
39441,500.0
39442,500.0
39443,500.0
39444,500.0
39445,500.0
39446,500.0
39447,500.0
39448,500.0
39449,500.0
39450,500.0
39451,500.0
39452,500.0
39453,500.0
39454,500.0
39455,500.0
39456,500.0
39457,500.0
39458,500.0
39459,500.0
39460,500.0
39461,500.0
39462,500.0
39463,500.0
39464,500.0
39465,500.0
39466,500.0
39467,500.0
39468,500.0
39469,500.0
39470,500.0
39471,500.0
39472,500.0
39473,500.0
39474,500.0
39475,500.0
39476,500.0
39477,500.0
39478,500.0
39479,500.0
39480,500.0
39481,500.0
39482,500.0
39483,500.0
39484,500.0
39485,500.0
39486,500.0
39487,500.0
39488,500.0
39489,500.0
39490,500.0
39491,500.0
39492,500.0
39493,500.0
39494,500.0
39495,500.0
39496,500.0
39497,500.0
39498,500.0
39499,500.0
39500,500.0
39501,500.0
39502,500.0
39503,500.0
39504,500.0
39505,500.0
39506,500.0
39507,500.0
39508,500.0
39509,500.0
39510,500.0
39511,500.0
39512,500.0
39513,500.0
39514,500.0
39515,500.0
39516,500.0
39517,500.0
39518,500.0
39519,500.0
39520,500.0
39521,500.0
39522,500.0
39523,500.0
39524,500.0
39525,500.0
39526,500.0
39527,500.0
39528,500.0
39529,500.0
39530,500.0
39531,500.0
39532,500.0
39533,500.0
39534,500.0
39535,500.0
39536,500.0
39537,500.0
39538,500.0
39539,500.0
39540,500.0
39541,500.0
39542,500.0
39543,500.0
39544,500.0
39545,500.0
39546,500.0
39547,500.0
39548,500.0
39549,500.0
39550,500.0
39551,500.0
39552,500.0
39553,500.0
39554,500.0
39555,500.0
39556,500.0
39557,500.0
39558,500.0
39559,500.0
39560,500.0
39561,500.0
39562,500.0
39563,500.0
39564,500.0
39565,500.0
39566,500.0
39567,500.0
39568,500.0
39569,500.0
39570,500.0
39571,500.0
39572,500.0
39573,500.0
39574,500.0
39575,500.0
39576,500.0
39577,500.0
39578,500.0
39579,500.0
39580,500.0
39581,500.0
39582,500.0
39583,500.0
39584,500.0
39585,500.0
39586,500.0
39587,500.0
39588,500.0
39589,500.0
39590,500.0
39591,500.0
39592,500.0
39593,500.0
39594,500.0
39595,500.0
39596,500.0
39597,500.0
39598,500.0
39599,500.0
39600,500.0
39601,500.0
39602,500.0
39603,500.0
39604,500.0
39605,500.0
39606,500.0
39607,500.0
39608,500.0
39609,500.0
39610,500.0
39611,500.0
39612,500.0
39613,500.0
39614,500.0
39615,500.0
39616,500.0
39617,500.0
39618,500.0
39619,500.0
39620,500.0
39621,500.0
39622,500.0
39623,500.0
39624,500.0
39625,500.0
39626,500.0
39627,500.0
39628,500.0
39629,500.0
39630,500.0
39631,500.0
39632,500.0
39633,500.0
39634,500.0
39635,500.0
39636,500.0
39637,500.0
39638,500.0
39639,500.0
39640,500.0
39641,500.0
39642,500.0
39643,500.0
39644,500.0
39645,500.0
39646,500.0
39647,500.0
39648,500.0
39649,500.0
39650,500.0
39651,500.0
39652,500.0
39653,500.0
39654,500.0
39655,500.0
39656,500.0
39657,500.0
39658,500.0
39659,500.0
39660,500.0
39661,500.0
39662,500.0
39663,500.0
39664,500.0
39665,500.0
39666,500.0
39667,500.0
39668,500.0
39669,500.0
39670,500.0
39671,500.0
39672,500.0
39673,500.0
39674,500.0
39675,500.0
39676,500.0
39677,500.0
39678,500.0
39679,500.0
39680,500.0
39681,500.0
39682,500.0
39683,500.0
39684,500.0
39685,500.0
39686,500.0
39687,500.0
39688,500.0
39689,500.0
39690,500.0
39691,500.0
39692,500.0
39693,500.0
39694,500.0
39695,500.0
39696,500.0
39697,500.0
39698,500.0
39699,500.0
39700,500.0
39701,500.0
39702,500.0
39703,500.0
39704,500.0
39705,500.0
39706,500.0
39707,500.0
39708,500.0
39709,500.0
39710,500.0
39711,500.0
39712,500.0
39713,500.0
39714,500.0
39715,500.0
39716,500.0
39717,500.0
39718,500.0
39719,500.0
39720,500.0
39721,500.0
39722,500.0
39723,500.0
39724,500.0
39725,500.0
39726,500.0
39727,500.0
39728,500.0
39729,500.0
39730,500.0
39731,500.0
39732,500.0
39733,500.0
39734,500.0
39735,500.0
39736,500.0
39737,500.0
39738,500.0
39739,500.0
39740,500.0
39741,500.0
39742,500.0
39743,500.0
39744,500.0
39745,500.0
39746,500.0
39747,500.0
39748,500.0
39749,500.0
39750,500.0
39751,500.0
39752,500.0
39753,500.0
39754,500.0
39755,500.0
39756,500.0
39757,500.0
39758,500.0
39759,500.0
39760,500.0
39761,500.0
39762,500.0
39763,500.0
39764,500.0
39765,500.0
39766,500.0
39767,500.0
39768,500.0
39769,500.0
39770,500.0
39771,500.0
39772,500.0
39773,500.0
39774,500.0
39775,500.0
39776,500.0
39777,500.0
39778,500.0
39779,500.0
39780,500.0
39781,500.0
39782,500.0
39783,500.0
39784,500.0
39785,500.0
39786,500.0
39787,500.0
39788,500.0
39789,500.0
39790,500.0
39791,500.0
39792,500.0
39793,500.0
39794,500.0
39795,500.0
39796,500.0
39797,500.0
39798,500.0
39799,500.0
39800,500.0
39801,500.0
39802,500.0
39803,500.0
39804,500.0
39805,500.0
39806,500.0
39807,500.0
39808,500.0
39809,500.0
39810,500.0
39811,500.0
39812,500.0
39813,500.0
39814,500.0
39815,500.0
39816,500.0
39817,500.0
39818,500.0
39819,500.0
39820,500.0
39821,500.0
39822,500.0
39823,500.0
39824,500.0
39825,500.0
39826,500.0
39827,500.0
39828,500.0
39829,500.0
39830,500.0
39831,500.0
39832,500.0
39833,500.0
39834,500.0
39835,500.0
39836,500.0
39837,500.0
39838,500.0
39839,500.0
39840,500.0
39841,500.0
39842,500.0
39843,500.0
39844,500.0
39845,500.0
39846,500.0
39847,500.0
39848,500.0
39849,500.0
39850,500.0
39851,500.0
39852,500.0
39853,500.0
39854,500.0
39855,500.0
39856,500.0
39857,500.0
39858,500.0
39859,500.0
39860,500.0
39861,500.0
39862,500.0
39863,500.0
39864,500.0
39865,500.0
39866,500.0
39867,500.0
39868,500.0
39869,500.0
39870,500.0
39871,500.0
39872,500.0
39873,500.0
39874,500.0
39875,500.0
39876,500.0
39877,500.0
39878,500.0
39879,500.0
39880,500.0
39881,500.0
39882,500.0
39883,500.0
39884,500.0
39885,500.0
39886,500.0
39887,500.0
39888,500.0
39889,500.0
39890,500.0
39891,500.0
39892,500.0
39893,500.0
39894,500.0
39895,500.0
39896,500.0
39897,500.0
39898,500.0
39899,500.0
39900,500.0
39901,500.0
39902,500.0
39903,500.0
39904,500.0
39905,500.0
39906,500.0
39907,500.0
39908,500.0
39909,500.0
39910,500.0
39911,500.0
39912,500.0
39913,500.0
39914,500.0
39915,500.0
39916,500.0
39917,500.0
39918,500.0
39919,500.0
39920,500.0
39921,500.0
39922,500.0
39923,500.0
39924,500.0
39925,500.0
39926,500.0
39927,500.0
39928,500.0
39929,500.0
39930,500.0
39931,500.0
39932,500.0
39933,500.0
39934,500.0
39935,500.0
39936,500.0
39937,500.0
39938,500.0
39939,500.0
39940,500.0
39941,500.0
39942,500.0
39943,500.0
39944,500.0
39945,500.0
39946,500.0
39947,500.0
39948,500.0
39949,500.0
39950,500.0
39951,500.0
39952,500.0
39953,500.0
39954,500.0
39955,500.0
39956,500.0
39957,500.0
39958,500.0
39959,500.0
39960,500.0
39961,500.0
39962,500.0
39963,500.0
39964,500.0
39965,500.0
39966,500.0
39967,500.0
39968,500.0
39969,500.0
39970,500.0
39971,500.0
39972,500.0
39973,500.0
39974,500.0
39975,500.0
39976,500.0
39977,500.0
39978,500.0
39979,500.0
39980,500.0
39981,500.0
39982,500.0
39983,500.0
39984,500.0
39985,500.0
39986,500.0
39987,500.0
39988,500.0
39989,500.0
39990,500.0
39991,500.0
39992,500.0
39993,500.0
39994,500.0
39995,500.0
39996,500.0
39997,500.0
39998,500.0
39999,500.0
40000,500.0
40001,500.0
40002,500.0
40003,500.0
40004,500.0
40005,500.0
40006,500.0
40007,500.0
40008,500.0
40009,500.0
40010,500.0
40011,500.0
40012,500.0
40013,500.0
40014,500.0
40015,500.0
40016,500.0
40017,500.0
40018,500.0
40019,500.0
40020,500.0
40021,500.0
40022,500.0
40023,500.0
40024,500.0
40025,500.0
40026,500.0
40027,500.0
40028,500.0
40029,500.0
40030,500.0
40031,500.0
40032,500.0
40033,500.0
40034,500.0
40035,500.0
40036,500.0
40037,500.0
40038,500.0
40039,500.0
40040,500.0
40041,500.0
40042,500.0
40043,500.0
40044,500.0
40045,500.0
40046,500.0
40047,500.0
40048,500.0
40049,500.0
40050,500.0
40051,500.0
40052,500.0
40053,500.0
40054,500.0
40055,500.0
40056,500.0
40057,500.0
40058,500.0
40059,500.0
40060,500.0
40061,500.0
40062,500.0
40063,500.0
40064,500.0
40065,500.0
40066,500.0
40067,500.0
40068,500.0
40069,500.0
40070,500.0
40071,500.0
40072,500.0
40073,500.0
40074,500.0
40075,500.0
40076,500.0
40077,500.0
40078,500.0
40079,500.0
40080,500.0
40081,500.0
40082,500.0
40083,500.0
40084,500.0
40085,500.0
40086,500.0
40087,500.0
40088,500.0
40089,500.0
40090,500.0
40091,500.0
40092,500.0
40093,500.0
40094,500.0
40095,500.0
40096,500.0
40097,500.0
40098,500.0
40099,500.0
40100,500.0
40101,500.0
40102,500.0
40103,500.0
40104,500.0
40105,500.0
40106,500.0
40107,500.0
40108,500.0
40109,500.0
40110,500.0
40111,500.0
40112,500.0
40113,500.0
40114,500.0
40115,500.0
40116,500.0
40117,500.0
40118,500.0
40119,500.0
40120,500.0
40121,500.0
40122,500.0
40123,500.0
40124,500.0
40125,500.0
40126,500.0
40127,500.0
40128,500.0
40129,500.0
40130,500.0
40131,500.0
40132,500.0
40133,500.0
40134,500.0
40135,500.0
40136,500.0
40137,500.0
40138,500.0
40139,500.0
40140,500.0
40141,500.0
40142,500.0
40143,500.0
40144,500.0
40145,500.0
40146,500.0
40147,500.0
40148,500.0
40149,500.0
40150,500.0
40151,500.0
40152,500.0
40153,500.0
40154,500.0
40155,500.0
40156,500.0
40157,500.0
40158,500.0
40159,500.0
40160,500.0
40161,500.0
40162,500.0
40163,500.0
40164,500.0
40165,500.0
40166,500.0
40167,500.0
40168,500.0
40169,500.0
40170,500.0
40171,500.0
40172,500.0
40173,500.0
40174,500.0
40175,500.0
40176,500.0
40177,500.0
40178,500.0
40179,500.0
40180,500.0
40181,500.0
40182,500.0
40183,500.0
40184,500.0
40185,500.0
40186,500.0
40187,500.0
40188,500.0
40189,500.0
40190,500.0
40191,500.0
40192,500.0
40193,500.0
40194,500.0
40195,500.0
40196,500.0
40197,500.0
40198,500.0
40199,500.0
40200,500.0
40201,500.0
40202,500.0
40203,500.0
40204,500.0
40205,500.0
40206,500.0
40207,500.0
40208,500.0
40209,500.0
40210,500.0
40211,500.0
40212,500.0
40213,500.0
40214,500.0
40215,500.0
40216,500.0
40217,500.0
40218,500.0
40219,500.0
40220,500.0
40221,500.0
40222,500.0
40223,500.0
40224,500.0
40225,500.0
40226,500.0
40227,500.0
40228,500.0
40229,500.0
40230,500.0
40231,500.0
40232,500.0
40233,500.0
40234,500.0
40235,500.0
40236,500.0
40237,500.0
40238,500.0
40239,500.0
40240,500.0
40241,500.0
40242,500.0
40243,500.0
40244,500.0
40245,500.0
40246,500.0
40247,500.0
40248,500.0
40249,500.0
40250,500.0
40251,500.0
40252,500.0
40253,500.0
40254,500.0
40255,500.0
40256,500.0
40257,500.0
40258,500.0
40259,500.0
40260,500.0
40261,500.0
40262,500.0
40263,500.0
40264,500.0
40265,500.0
40266,500.0
40267,500.0
40268,500.0
40269,500.0
40270,500.0
40271,500.0
40272,500.0
40273,500.0
40274,500.0
40275,500.0
40276,500.0
40277,500.0
40278,500.0
40279,500.0
40280,500.0
40281,500.0
40282,500.0
40283,500.0
40284,500.0
40285,500.0
40286,500.0
40287,500.0
40288,500.0
40289,500.0
40290,500.0
40291,500.0
40292,500.0
40293,500.0
40294,500.0
40295,500.0
40296,500.0
40297,500.0
40298,500.0
40299,500.0
40300,500.0
40301,500.0
40302,500.0
40303,500.0
40304,500.0
40305,500.0
40306,500.0
40307,500.0
40308,500.0
40309,500.0
40310,500.0
40311,500.0
40312,500.0
40313,500.0
40314,500.0
40315,500.0
40316,500.0
40317,500.0
40318,500.0
40319,500.0
40320,500.0
40321,500.0
40322,500.0
40323,500.0
40324,500.0
40325,500.0
40326,500.0
40327,500.0
40328,500.0
40329,500.0
40330,500.0
40331,500.0
40332,500.0
40333,500.0
40334,500.0
40335,500.0
40336,500.0
40337,500.0
40338,500.0
40339,500.0
40340,500.0
40341,500.0
40342,500.0
40343,500.0
40344,500.0
40345,500.0
40346,500.0
40347,500.0
40348,500.0
40349,500.0
40350,500.0
40351,500.0
40352,500.0
40353,500.0
40354,500.0
40355,500.0
40356,500.0
40357,500.0
40358,500.0
40359,500.0
40360,500.0
40361,500.0
40362,500.0
40363,500.0
40364,500.0
40365,500.0
40366,500.0
40367,500.0
40368,500.0
40369,500.0
40370,500.0
40371,500.0
40372,500.0
40373,500.0
40374,500.0
40375,500.0
40376,500.0
40377,500.0
40378,500.0
40379,500.0
40380,500.0
40381,500.0
40382,500.0
40383,500.0
40384,500.0
40385,500.0
40386,500.0
40387,500.0
40388,500.0
40389,500.0
40390,500.0
40391,500.0
40392,500.0
40393,500.0
40394,500.0
40395,500.0
40396,500.0
40397,500.0
40398,500.0
40399,500.0
40400,500.0
40401,500.0
40402,500.0
40403,500.0
40404,500.0
40405,500.0
40406,500.0
40407,500.0
40408,500.0
40409,500.0
40410,500.0
40411,500.0
40412,500.0
40413,500.0
40414,500.0
40415,500.0
40416,500.0
40417,500.0
40418,500.0
40419,500.0
40420,500.0
40421,500.0
40422,500.0
40423,500.0
40424,500.0
40425,500.0
40426,500.0
40427,500.0
40428,500.0
40429,500.0
40430,500.0
40431,500.0
40432,500.0
40433,500.0
40434,500.0
40435,500.0
40436,500.0
40437,500.0
40438,500.0
40439,500.0
40440,500.0
40441,500.0
40442,500.0
40443,500.0
40444,500.0
40445,500.0
40446,500.0
40447,500.0
40448,500.0
40449,500.0
40450,500.0
40451,500.0
40452,500.0
40453,500.0
40454,500.0
40455,500.0
40456,500.0
40457,500.0
40458,500.0
40459,500.0
40460,500.0
40461,500.0
40462,500.0
40463,500.0
40464,500.0
40465,500.0
40466,500.0
40467,500.0
40468,500.0
40469,500.0
40470,500.0
40471,500.0
40472,500.0
40473,500.0
40474,500.0
40475,500.0
40476,500.0
40477,500.0
40478,500.0
40479,500.0
40480,500.0
40481,500.0
40482,500.0
40483,500.0
40484,500.0
40485,500.0
40486,500.0
40487,500.0
40488,500.0
40489,500.0
40490,500.0
40491,500.0
40492,500.0
40493,500.0
40494,500.0
40495,500.0
40496,500.0
40497,500.0
40498,500.0
40499,500.0
40500,500.0
40501,500.0
40502,500.0
40503,500.0
40504,500.0
40505,500.0
40506,500.0
40507,500.0
40508,500.0
40509,500.0
40510,500.0
40511,500.0
40512,500.0
40513,500.0
40514,500.0
40515,500.0
40516,500.0
40517,500.0
40518,500.0
40519,500.0
40520,500.0
40521,500.0
40522,500.0
40523,500.0
40524,500.0
40525,500.0
40526,500.0
40527,500.0
40528,500.0
40529,500.0
40530,500.0
40531,500.0
40532,500.0
40533,500.0
40534,500.0
40535,500.0
40536,500.0
40537,500.0
40538,500.0
40539,500.0
40540,500.0
40541,500.0
40542,500.0
40543,500.0
40544,500.0
40545,500.0
40546,500.0
40547,500.0
40548,500.0
40549,500.0
40550,500.0
40551,500.0
40552,500.0
40553,500.0
40554,500.0
40555,500.0
40556,500.0
40557,500.0
40558,500.0
40559,500.0
40560,500.0
40561,500.0
40562,500.0
40563,500.0
40564,500.0
40565,500.0
40566,500.0
40567,500.0
40568,500.0
40569,500.0
40570,500.0
40571,500.0
40572,500.0
40573,500.0
40574,500.0
40575,500.0
40576,500.0
40577,500.0
40578,500.0
40579,500.0
40580,500.0
40581,500.0
40582,500.0
40583,500.0
40584,500.0
40585,500.0
40586,500.0
40587,500.0
40588,500.0
40589,500.0
40590,500.0
40591,500.0
40592,500.0
40593,500.0
40594,500.0
40595,500.0
40596,500.0
40597,500.0
40598,500.0
40599,500.0
40600,500.0
40601,500.0
40602,500.0
40603,500.0
40604,500.0
40605,500.0
40606,500.0
40607,500.0
40608,500.0
40609,500.0
40610,500.0
40611,500.0
40612,500.0
40613,500.0
40614,500.0
40615,500.0
40616,500.0
40617,500.0
40618,500.0
40619,500.0
40620,500.0
40621,500.0
40622,500.0
40623,500.0
40624,500.0
40625,500.0
40626,500.0
40627,500.0
40628,500.0
40629,500.0
40630,500.0
40631,500.0
40632,500.0
40633,500.0
40634,500.0
40635,500.0
40636,500.0
40637,500.0
40638,500.0
40639,500.0
40640,500.0
40641,500.0
40642,500.0
40643,500.0
40644,500.0
40645,500.0
40646,500.0
40647,500.0
40648,500.0
40649,500.0
40650,500.0
40651,500.0
40652,500.0
40653,500.0
40654,500.0
40655,500.0
40656,500.0
40657,500.0
40658,500.0
40659,500.0
40660,500.0
40661,500.0
40662,500.0
40663,500.0
40664,500.0
40665,500.0
40666,500.0
40667,500.0
40668,500.0
40669,500.0
40670,500.0
40671,500.0
40672,500.0
40673,500.0
40674,500.0
40675,500.0
40676,500.0
40677,500.0
40678,500.0
40679,500.0
40680,500.0
40681,500.0
40682,500.0
40683,500.0
40684,500.0
40685,500.0
40686,500.0
40687,500.0
40688,500.0
40689,500.0
40690,500.0
40691,500.0
40692,500.0
40693,500.0
40694,500.0
40695,500.0
40696,500.0
40697,500.0
40698,500.0
40699,500.0
40700,500.0
40701,500.0
40702,500.0
40703,500.0
40704,500.0
40705,500.0
40706,500.0
40707,500.0
40708,500.0
40709,500.0
40710,500.0
40711,500.0
40712,500.0
40713,500.0
40714,500.0
40715,500.0
40716,500.0
40717,500.0
40718,500.0
40719,500.0
40720,500.0
40721,500.0
40722,500.0
40723,500.0
40724,500.0
40725,500.0
40726,500.0
40727,500.0
40728,500.0
40729,500.0
40730,500.0
40731,500.0
40732,500.0
40733,500.0
40734,500.0
40735,500.0
40736,500.0
40737,500.0
40738,500.0
40739,500.0
40740,500.0
40741,500.0
40742,500.0
40743,500.0
40744,500.0
40745,500.0
40746,500.0
40747,500.0
40748,500.0
40749,500.0
40750,500.0
40751,500.0
40752,500.0
40753,500.0
40754,500.0
40755,500.0
40756,500.0
40757,500.0
40758,500.0
40759,500.0
40760,500.0
40761,500.0
40762,500.0
40763,500.0
40764,500.0
40765,500.0
40766,500.0
40767,500.0
40768,500.0
40769,500.0
40770,500.0
40771,500.0
40772,500.0
40773,500.0
40774,500.0
40775,500.0
40776,500.0
40777,500.0
40778,500.0
40779,500.0
40780,500.0
40781,500.0
40782,500.0
40783,500.0
40784,500.0
40785,500.0
40786,500.0
40787,500.0
40788,500.0
40789,500.0
40790,500.0
40791,500.0
40792,500.0
40793,500.0
40794,500.0
40795,500.0
40796,500.0
40797,500.0
40798,500.0
40799,500.0
40800,500.0
40801,500.0
40802,500.0
40803,500.0
40804,500.0
40805,500.0
40806,500.0
40807,500.0
40808,500.0
40809,500.0
40810,500.0
40811,500.0
40812,500.0
40813,500.0
40814,500.0
40815,500.0
40816,500.0
40817,500.0
40818,500.0
40819,500.0
40820,500.0
40821,500.0
40822,500.0
40823,500.0
40824,500.0
40825,500.0
40826,500.0
40827,500.0
40828,500.0
40829,500.0
40830,500.0
40831,500.0
40832,500.0
40833,500.0
40834,500.0
40835,500.0
40836,500.0
40837,500.0
40838,500.0
40839,500.0
40840,500.0
40841,500.0
40842,500.0
40843,500.0
40844,500.0
40845,500.0
40846,500.0
40847,500.0
40848,500.0
40849,500.0
40850,500.0
40851,500.0
40852,500.0
40853,500.0
40854,500.0
40855,500.0
40856,500.0
40857,500.0
40858,500.0
40859,500.0
40860,500.0
40861,500.0
40862,500.0
40863,500.0
40864,500.0
40865,500.0
40866,500.0
40867,500.0
40868,500.0
40869,500.0
40870,500.0
40871,500.0
40872,500.0
40873,500.0
40874,500.0
40875,500.0
40876,500.0
40877,500.0
40878,500.0
40879,500.0
40880,500.0
40881,500.0
40882,500.0
40883,500.0
40884,500.0
40885,500.0
40886,500.0
40887,500.0
40888,500.0
40889,500.0
40890,500.0
40891,500.0
40892,500.0
40893,500.0
40894,500.0
40895,500.0
40896,500.0
40897,500.0
40898,500.0
40899,500.0
40900,500.0
40901,500.0
40902,500.0
40903,500.0
40904,500.0
40905,500.0
40906,500.0
40907,500.0
40908,500.0
40909,500.0
40910,500.0
40911,500.0
40912,500.0
40913,500.0
40914,500.0
40915,500.0
40916,500.0
40917,500.0
40918,500.0
40919,500.0
40920,500.0
40921,500.0
40922,500.0
40923,500.0
40924,500.0
40925,500.0
40926,500.0
40927,500.0
40928,500.0
40929,500.0
40930,500.0
40931,500.0
40932,500.0
40933,500.0
40934,500.0
40935,500.0
40936,500.0
40937,500.0
40938,500.0
40939,500.0
40940,500.0
40941,500.0
40942,500.0
40943,500.0
40944,500.0
40945,500.0
40946,500.0
40947,500.0
40948,500.0
40949,500.0
40950,500.0
40951,500.0
40952,500.0
40953,500.0
40954,500.0
40955,500.0
40956,500.0
40957,500.0
40958,500.0
40959,500.0
40960,500.0
40961,500.0
40962,500.0
40963,500.0
40964,500.0
40965,500.0
40966,500.0
40967,500.0
40968,500.0
40969,500.0
40970,500.0
40971,500.0
40972,500.0
40973,500.0
40974,500.0
40975,500.0
40976,500.0
40977,500.0
40978,500.0
40979,500.0
40980,500.0
40981,500.0
40982,500.0
40983,500.0
40984,500.0
40985,500.0
40986,500.0
40987,500.0
40988,500.0
40989,500.0
40990,500.0
40991,500.0
40992,500.0
40993,500.0
40994,500.0
40995,500.0
40996,500.0
40997,500.0
40998,500.0
40999,500.0
41000,500.0
41001,500.0
41002,500.0
41003,500.0
41004,500.0
41005,500.0
41006,500.0
41007,500.0
41008,500.0
41009,500.0
41010,500.0
41011,500.0
41012,500.0
41013,500.0
41014,500.0
41015,500.0
41016,500.0
41017,500.0
41018,500.0
41019,500.0
41020,500.0
41021,500.0
41022,500.0
41023,500.0
41024,500.0
41025,500.0
41026,500.0
41027,500.0
41028,500.0
41029,500.0
41030,500.0
41031,500.0
41032,500.0
41033,500.0
41034,500.0
41035,500.0
41036,500.0
41037,500.0
41038,500.0
41039,500.0
41040,500.0
41041,500.0
41042,500.0
41043,500.0
41044,500.0
41045,500.0
41046,500.0
41047,500.0
41048,500.0
41049,500.0
41050,500.0
41051,500.0
41052,500.0
41053,500.0
41054,500.0
41055,500.0
41056,500.0
41057,500.0
41058,500.0
41059,500.0
41060,500.0
41061,500.0
41062,500.0
41063,500.0
41064,500.0
41065,500.0
41066,500.0
41067,500.0
41068,500.0
41069,500.0
41070,500.0
41071,500.0
41072,500.0
41073,500.0
41074,500.0
41075,500.0
41076,500.0
41077,500.0
41078,500.0
41079,500.0
41080,500.0
41081,500.0
41082,500.0
41083,500.0
41084,500.0
41085,500.0
41086,500.0
41087,500.0
41088,500.0
41089,500.0
41090,500.0
41091,500.0
41092,500.0
41093,500.0
41094,500.0
41095,500.0
41096,500.0
41097,500.0
41098,500.0
41099,500.0
41100,500.0
41101,500.0
41102,500.0
41103,500.0
41104,500.0
41105,500.0
41106,500.0
41107,500.0
41108,500.0
41109,500.0
41110,500.0
41111,500.0
41112,500.0
41113,500.0
41114,500.0
41115,500.0
41116,500.0
41117,500.0
41118,500.0
41119,500.0
41120,500.0
41121,500.0
41122,500.0
41123,500.0
41124,500.0
41125,500.0
41126,500.0
41127,500.0
41128,500.0
41129,500.0
41130,500.0
41131,500.0
41132,500.0
41133,500.0
41134,500.0
41135,500.0
41136,500.0
41137,500.0
41138,500.0
41139,500.0
41140,500.0
41141,500.0
41142,500.0
41143,500.0
41144,500.0
41145,500.0
41146,500.0
41147,500.0
41148,500.0
41149,500.0
41150,500.0
41151,500.0
41152,500.0
41153,500.0
41154,500.0
41155,500.0
41156,500.0
41157,500.0
41158,500.0
41159,500.0
41160,500.0
41161,500.0
41162,500.0
41163,500.0
41164,500.0
41165,500.0
41166,500.0
41167,500.0
41168,500.0
41169,500.0
41170,500.0
41171,500.0
41172,500.0
41173,500.0
41174,500.0
41175,500.0
41176,500.0
41177,500.0
41178,500.0
41179,500.0
41180,500.0
41181,500.0
41182,500.0
41183,500.0
41184,500.0
41185,500.0
41186,500.0
41187,500.0
41188,500.0
41189,500.0
41190,500.0
41191,500.0
41192,500.0
41193,500.0
41194,500.0
41195,500.0
41196,500.0
41197,500.0
41198,500.0
41199,500.0
41200,500.0
41201,500.0
41202,500.0
41203,500.0
41204,500.0
41205,500.0
41206,500.0
41207,500.0
41208,500.0
41209,500.0
41210,500.0
41211,500.0
41212,500.0
41213,500.0
41214,500.0
41215,500.0
41216,500.0
41217,500.0
41218,500.0
41219,500.0
41220,500.0
41221,500.0
41222,500.0
41223,500.0
41224,500.0
41225,500.0
41226,500.0
41227,500.0
41228,500.0
41229,500.0
41230,500.0
41231,500.0
41232,500.0
41233,500.0
41234,500.0
41235,500.0
41236,500.0
41237,500.0
41238,500.0
41239,500.0
41240,500.0
41241,500.0
41242,500.0
41243,500.0
41244,500.0
41245,500.0
41246,500.0
41247,500.0
41248,500.0
41249,500.0
41250,500.0
41251,500.0
41252,500.0
41253,500.0
41254,500.0
41255,500.0
41256,500.0
41257,500.0
41258,500.0
41259,500.0
41260,500.0
41261,500.0
41262,500.0
41263,500.0
41264,500.0
41265,500.0
41266,500.0
41267,500.0
41268,500.0
41269,500.0
41270,500.0
41271,500.0
41272,500.0
41273,500.0
41274,500.0
41275,500.0
41276,500.0
41277,500.0
41278,500.0
41279,500.0
41280,500.0
41281,500.0
41282,500.0
41283,500.0
41284,500.0
41285,500.0
41286,500.0
41287,500.0
41288,500.0
41289,500.0
41290,500.0
41291,500.0
41292,500.0
41293,500.0
41294,500.0
41295,500.0
41296,500.0
41297,500.0
41298,500.0
41299,500.0
41300,500.0
41301,500.0
41302,500.0
41303,500.0
41304,500.0
41305,500.0
41306,500.0
41307,500.0
41308,500.0
41309,500.0
41310,500.0
41311,500.0
41312,500.0
41313,500.0
41314,500.0
41315,500.0
41316,500.0
41317,500.0
41318,500.0
41319,500.0
41320,500.0
41321,500.0
41322,500.0
41323,500.0
41324,500.0
41325,500.0
41326,500.0
41327,500.0
41328,500.0
41329,500.0
41330,500.0
41331,500.0
41332,500.0
41333,500.0
41334,500.0
41335,500.0
41336,500.0
41337,500.0
41338,500.0
41339,500.0
41340,500.0
41341,500.0
41342,500.0
41343,500.0
41344,500.0
41345,500.0
41346,500.0
41347,500.0
41348,500.0
41349,500.0
41350,500.0
41351,500.0
41352,500.0
41353,500.0
41354,500.0
41355,500.0
41356,500.0
41357,500.0
41358,500.0
41359,500.0
41360,500.0
41361,500.0
41362,500.0
41363,500.0
41364,500.0
41365,500.0
41366,500.0
41367,500.0
41368,500.0
41369,500.0
41370,500.0
41371,500.0
41372,500.0
41373,500.0
41374,500.0
41375,500.0
41376,500.0
41377,500.0
41378,500.0
41379,500.0
41380,500.0
41381,500.0
41382,500.0
41383,500.0
41384,500.0
41385,500.0
41386,500.0
41387,500.0
41388,500.0
41389,500.0
41390,500.0
41391,500.0
41392,500.0
41393,500.0
41394,500.0
41395,500.0
41396,500.0
41397,500.0
41398,500.0
41399,500.0
41400,500.0
41401,500.0
41402,500.0
41403,500.0
41404,500.0
41405,500.0
41406,500.0
41407,500.0
41408,500.0
41409,500.0
41410,500.0
41411,500.0
41412,500.0
41413,500.0
41414,500.0
41415,500.0
41416,500.0
41417,500.0
41418,500.0
41419,500.0
41420,500.0
41421,500.0
41422,500.0
41423,500.0
41424,500.0
41425,500.0
41426,500.0
41427,500.0
41428,500.0
41429,500.0
41430,500.0
41431,500.0
41432,500.0
41433,500.0
41434,500.0
41435,500.0
41436,500.0
41437,500.0
41438,500.0
41439,500.0
41440,500.0
41441,500.0
41442,500.0
41443,500.0
41444,500.0
41445,500.0
41446,500.0
41447,500.0
41448,500.0
41449,500.0
41450,500.0
41451,500.0
41452,500.0
41453,500.0
41454,500.0
41455,500.0
41456,500.0
41457,500.0
41458,500.0
41459,500.0
41460,500.0
41461,500.0
41462,500.0
41463,500.0
41464,500.0
41465,500.0
41466,500.0
41467,500.0
41468,500.0
41469,500.0
41470,500.0
41471,500.0
41472,500.0
41473,500.0
41474,500.0
41475,500.0
41476,500.0
41477,500.0
41478,500.0
41479,500.0
41480,500.0
41481,500.0
41482,500.0
41483,500.0
41484,500.0
41485,500.0
41486,500.0
41487,500.0
41488,500.0
41489,500.0
41490,500.0
41491,500.0
41492,500.0
41493,500.0
41494,500.0
41495,500.0
41496,500.0
41497,500.0
41498,500.0
41499,500.0
41500,500.0
41501,500.0
41502,500.0
41503,500.0
41504,500.0
41505,500.0
41506,500.0
41507,500.0
41508,500.0
41509,500.0
41510,500.0
41511,500.0
41512,500.0
41513,500.0
41514,500.0
41515,500.0
41516,500.0
41517,500.0
41518,500.0
41519,500.0
41520,500.0
41521,500.0
41522,500.0
41523,500.0
41524,500.0
41525,500.0
41526,500.0
41527,500.0
41528,500.0
41529,500.0
41530,500.0
41531,500.0
41532,500.0
41533,500.0
41534,500.0
41535,500.0
41536,500.0
41537,500.0
41538,500.0
41539,500.0
41540,500.0
41541,500.0
41542,500.0
41543,500.0
41544,500.0
41545,500.0
41546,500.0
41547,500.0
41548,500.0
41549,500.0
41550,500.0
41551,500.0
41552,500.0
41553,500.0
41554,500.0
41555,500.0
41556,500.0
41557,500.0
41558,500.0
41559,500.0
41560,500.0
41561,500.0
41562,500.0
41563,500.0
41564,500.0
41565,500.0
41566,500.0
41567,500.0
41568,500.0
41569,500.0
41570,500.0
41571,500.0
41572,500.0
41573,500.0
41574,500.0
41575,500.0
41576,500.0
41577,500.0
41578,500.0
41579,500.0
41580,500.0
41581,500.0
41582,500.0
41583,500.0
41584,500.0
41585,500.0
41586,500.0
41587,500.0
41588,500.0
41589,500.0
41590,500.0
41591,500.0
41592,500.0
41593,500.0
41594,500.0
41595,500.0
41596,500.0
41597,500.0
41598,500.0
41599,500.0
41600,500.0
41601,500.0
41602,500.0
41603,500.0
41604,500.0
41605,500.0
41606,500.0
41607,500.0
41608,500.0
41609,500.0
41610,500.0
41611,500.0
41612,500.0
41613,500.0
41614,500.0
41615,500.0
41616,500.0
41617,500.0
41618,500.0
41619,500.0
41620,500.0
41621,500.0
41622,500.0
41623,500.0
41624,500.0
41625,500.0
41626,500.0
41627,500.0
41628,500.0
41629,500.0
41630,500.0
41631,500.0
41632,500.0
41633,500.0
41634,500.0
41635,500.0
41636,500.0
41637,500.0
41638,500.0
41639,500.0
41640,500.0
41641,500.0
41642,500.0
41643,500.0
41644,500.0
41645,500.0
41646,500.0
41647,500.0
41648,500.0
41649,500.0
41650,500.0
41651,500.0
41652,500.0
41653,500.0
41654,500.0
41655,500.0
41656,500.0
41657,500.0
41658,500.0
41659,500.0
41660,500.0
41661,500.0
41662,500.0
41663,500.0
41664,500.0
41665,500.0
41666,500.0
41667,500.0
41668,500.0
41669,500.0
41670,500.0
41671,500.0
41672,500.0
41673,500.0
41674,500.0
41675,500.0
41676,500.0
41677,500.0
41678,500.0
41679,500.0
41680,500.0
41681,500.0
41682,500.0
41683,500.0
41684,500.0
41685,500.0
41686,500.0
41687,500.0
41688,500.0
41689,500.0
41690,500.0
41691,500.0
41692,500.0
41693,500.0
41694,500.0
41695,500.0
41696,500.0
41697,500.0
41698,500.0
41699,500.0
41700,500.0
41701,500.0
41702,500.0
41703,500.0
41704,500.0
41705,500.0
41706,500.0
41707,500.0
41708,500.0
41709,500.0
41710,500.0
41711,500.0
41712,500.0
41713,500.0
41714,500.0
41715,500.0
41716,500.0
41717,500.0
41718,500.0
41719,500.0
41720,500.0
41721,500.0
41722,500.0
41723,500.0
41724,500.0
41725,500.0
41726,500.0
41727,500.0
41728,500.0
41729,500.0
41730,500.0
41731,500.0
41732,500.0
41733,500.0
41734,500.0
41735,500.0
41736,500.0
41737,500.0
41738,500.0
41739,500.0
41740,500.0
41741,500.0
41742,500.0
41743,500.0
41744,500.0
41745,500.0
41746,500.0
41747,500.0
41748,500.0
41749,500.0
41750,500.0
41751,500.0
41752,500.0
41753,500.0
41754,500.0
41755,500.0
41756,500.0
41757,500.0
41758,500.0
41759,500.0
41760,500.0
41761,500.0
41762,500.0
41763,500.0
41764,500.0
41765,500.0
41766,500.0
41767,500.0
41768,500.0
41769,500.0
41770,500.0
41771,500.0
41772,500.0
41773,500.0
41774,500.0
41775,500.0
41776,500.0
41777,500.0
41778,500.0
41779,500.0
41780,500.0
41781,500.0
41782,500.0
41783,500.0
41784,500.0
41785,500.0
41786,500.0
41787,500.0
41788,500.0
41789,500.0
41790,500.0
41791,500.0
41792,500.0
41793,500.0
41794,500.0
41795,500.0
41796,500.0
41797,500.0
41798,500.0
41799,500.0
41800,500.0
41801,500.0
41802,500.0
41803,500.0
41804,500.0
41805,500.0
41806,500.0
41807,500.0
41808,500.0
41809,500.0
41810,500.0
41811,500.0
41812,500.0
41813,500.0
41814,500.0
41815,500.0
41816,500.0
41817,500.0
41818,500.0
41819,500.0
41820,500.0
41821,500.0
41822,500.0
41823,500.0
41824,500.0
41825,500.0
41826,500.0
41827,500.0
41828,500.0
41829,500.0
41830,500.0
41831,500.0
41832,500.0
41833,500.0
41834,500.0
41835,500.0
41836,500.0
41837,500.0
41838,500.0
41839,500.0
41840,500.0
41841,500.0
41842,500.0
41843,500.0
41844,500.0
41845,500.0
41846,500.0
41847,500.0
41848,500.0
41849,500.0
41850,500.0
41851,500.0
41852,500.0
41853,500.0
41854,500.0
41855,500.0
41856,500.0
41857,500.0
41858,500.0
41859,500.0
41860,500.0
41861,500.0
41862,500.0
41863,500.0
41864,500.0
41865,500.0
41866,500.0
41867,500.0
41868,500.0
41869,500.0
41870,500.0
41871,500.0
41872,500.0
41873,500.0
41874,500.0
41875,500.0
41876,500.0
41877,500.0
41878,500.0
41879,500.0
41880,500.0
41881,500.0
41882,500.0
41883,500.0
41884,500.0
41885,500.0
41886,500.0
41887,500.0
41888,500.0
41889,500.0
41890,500.0
41891,500.0
41892,500.0
41893,500.0
41894,500.0
41895,500.0
41896,500.0
41897,500.0
41898,500.0
41899,500.0
41900,500.0
41901,500.0
41902,500.0
41903,500.0
41904,500.0
41905,500.0
41906,500.0
41907,500.0
41908,500.0
41909,500.0
41910,500.0
41911,500.0
41912,500.0
41913,500.0
41914,500.0
41915,500.0
41916,500.0
41917,500.0
41918,500.0
41919,500.0
41920,500.0
41921,500.0
41922,500.0
41923,500.0
41924,500.0
41925,500.0
41926,500.0
41927,500.0
41928,500.0
41929,500.0
41930,500.0
41931,500.0
41932,500.0
41933,500.0
41934,500.0
41935,500.0
41936,500.0
41937,500.0
41938,500.0
41939,500.0
41940,500.0
41941,500.0
41942,500.0
41943,500.0
41944,500.0
41945,500.0
41946,500.0
41947,500.0
41948,500.0
41949,500.0
41950,500.0
41951,500.0
41952,500.0
41953,500.0
41954,500.0
41955,500.0
41956,500.0
41957,500.0
41958,500.0
41959,500.0
41960,500.0
41961,500.0
41962,500.0
41963,500.0
41964,500.0
41965,500.0
41966,500.0
41967,500.0
41968,500.0
41969,500.0
41970,500.0
41971,500.0
41972,500.0
41973,500.0
41974,500.0
41975,500.0
41976,500.0
41977,500.0
41978,500.0
41979,500.0
41980,500.0
41981,500.0
41982,500.0
41983,500.0
41984,500.0
41985,500.0
41986,500.0
41987,500.0
41988,500.0
41989,500.0
41990,500.0
41991,500.0
41992,500.0
41993,500.0
41994,500.0
41995,500.0
41996,500.0
41997,500.0
41998,500.0
41999,500.0
42000,500.0
42001,500.0
42002,500.0
42003,500.0
42004,500.0
42005,500.0
42006,500.0
42007,500.0
42008,500.0
42009,500.0
42010,500.0
42011,500.0
42012,500.0
42013,500.0
42014,500.0
42015,500.0
42016,500.0
42017,500.0
42018,500.0
42019,500.0
42020,500.0
42021,500.0
42022,500.0
42023,500.0
42024,500.0
42025,500.0
42026,500.0
42027,500.0
42028,500.0
42029,500.0
42030,500.0
42031,500.0
42032,500.0
42033,500.0
42034,500.0
42035,500.0
42036,500.0
42037,500.0
42038,500.0
42039,500.0
42040,500.0
42041,500.0
42042,500.0
42043,500.0
42044,500.0
42045,500.0
42046,500.0
42047,500.0
42048,500.0
42049,500.0
42050,500.0
42051,500.0
42052,500.0
42053,500.0
42054,500.0
42055,500.0
42056,500.0
42057,500.0
42058,500.0
42059,500.0
42060,500.0
42061,500.0
42062,500.0
42063,500.0
42064,500.0
42065,500.0
42066,500.0
42067,500.0
42068,500.0
42069,500.0
42070,500.0
42071,500.0
42072,500.0
42073,500.0
42074,500.0
42075,500.0
42076,500.0
42077,500.0
42078,500.0
42079,500.0
42080,500.0
42081,500.0
42082,500.0
42083,500.0
42084,500.0
42085,500.0
42086,500.0
42087,500.0
42088,500.0
42089,500.0
42090,500.0
42091,500.0
42092,500.0
42093,500.0
42094,500.0
42095,500.0
42096,500.0
42097,500.0
42098,500.0
42099,500.0
42100,500.0
42101,500.0
42102,500.0
42103,500.0
42104,500.0
42105,500.0
42106,500.0
42107,500.0
42108,500.0
42109,500.0
42110,500.0
42111,500.0
42112,500.0
42113,500.0
42114,500.0
42115,500.0
42116,500.0
42117,500.0
42118,500.0
42119,500.0
42120,500.0
42121,500.0
42122,500.0
42123,500.0
42124,500.0
42125,500.0
42126,500.0
42127,500.0
42128,500.0
42129,500.0
42130,500.0
42131,500.0
42132,500.0
42133,500.0
42134,500.0
42135,500.0
42136,500.0
42137,500.0
42138,500.0
42139,500.0
42140,500.0
42141,500.0
42142,500.0
42143,500.0
42144,500.0
42145,500.0
42146,500.0
42147,500.0
42148,500.0
42149,500.0
42150,500.0
42151,500.0
42152,500.0
42153,500.0
42154,500.0
42155,500.0
42156,500.0
42157,500.0
42158,500.0
42159,500.0
42160,500.0
42161,500.0
42162,500.0
42163,500.0
42164,500.0
42165,500.0
42166,500.0
42167,500.0
42168,500.0
42169,500.0
42170,500.0
42171,500.0
42172,500.0
42173,500.0
42174,500.0
42175,500.0
42176,500.0
42177,500.0
42178,500.0
42179,500.0
42180,500.0
42181,500.0
42182,500.0
42183,500.0
42184,500.0
42185,500.0
42186,500.0
42187,500.0
42188,500.0
42189,500.0
42190,500.0
42191,500.0
42192,500.0
42193,500.0
42194,500.0
42195,500.0
42196,500.0
42197,500.0
42198,500.0
42199,500.0
42200,500.0
42201,500.0
42202,500.0
42203,500.0
42204,500.0
42205,500.0
42206,500.0
42207,500.0
42208,500.0
42209,500.0
42210,500.0
42211,500.0
42212,500.0
42213,500.0
42214,500.0
42215,500.0
42216,500.0
42217,500.0
42218,500.0
42219,500.0
42220,500.0
42221,500.0
42222,500.0
42223,500.0
42224,500.0
42225,500.0
42226,500.0
42227,500.0
42228,500.0
42229,500.0
42230,500.0
42231,500.0
42232,500.0
42233,500.0
42234,500.0
42235,500.0
42236,500.0
42237,500.0
42238,500.0
42239,500.0
42240,500.0
42241,500.0
42242,500.0
42243,500.0
42244,500.0
42245,500.0
42246,500.0
42247,500.0
42248,500.0
42249,500.0
42250,500.0
42251,500.0
42252,500.0
42253,500.0
42254,500.0
42255,500.0
42256,500.0
42257,500.0
42258,500.0
42259,500.0
42260,500.0
42261,500.0
42262,500.0
42263,500.0
42264,500.0
42265,500.0
42266,500.0
42267,500.0
42268,500.0
42269,500.0
42270,500.0
42271,500.0
42272,500.0
42273,500.0
42274,500.0
42275,500.0
42276,500.0
42277,500.0
42278,500.0
42279,500.0
42280,500.0
42281,500.0
42282,500.0
42283,500.0
42284,500.0
42285,500.0
42286,500.0
42287,500.0
42288,500.0
42289,500.0
42290,500.0
42291,500.0
42292,500.0
42293,500.0
42294,500.0
42295,500.0
42296,500.0
42297,500.0
42298,500.0
42299,500.0
42300,500.0
42301,500.0
42302,500.0
42303,500.0
42304,500.0
42305,500.0
42306,500.0
42307,500.0
42308,500.0
42309,500.0
42310,500.0
42311,500.0
42312,500.0
42313,500.0
42314,500.0
42315,500.0
42316,500.0
42317,500.0
42318,500.0
42319,500.0
42320,500.0
42321,500.0
42322,500.0
42323,500.0
42324,500.0
42325,500.0
42326,500.0
42327,500.0
42328,500.0
42329,500.0
42330,500.0
42331,500.0
42332,500.0
42333,500.0
42334,500.0
42335,500.0
42336,500.0
42337,500.0
42338,500.0
42339,500.0
42340,500.0
42341,500.0
42342,500.0
42343,500.0
42344,500.0
42345,500.0
42346,500.0
42347,500.0
42348,500.0
42349,500.0
42350,500.0
42351,500.0
42352,500.0
42353,500.0
42354,500.0
42355,500.0
42356,500.0
42357,500.0
42358,500.0
42359,500.0
42360,500.0
42361,500.0
42362,500.0
42363,500.0
42364,500.0
42365,500.0
42366,500.0
42367,500.0
42368,500.0
42369,500.0
42370,500.0
42371,500.0
42372,500.0
42373,500.0
42374,500.0
42375,500.0
42376,500.0
42377,500.0
42378,500.0
42379,500.0
42380,500.0
42381,500.0
42382,500.0
42383,500.0
42384,500.0
42385,500.0
42386,500.0
42387,500.0
42388,500.0
42389,500.0
42390,500.0
42391,500.0
42392,500.0
42393,500.0
42394,500.0
42395,500.0
42396,500.0
42397,500.0
42398,500.0
42399,500.0
42400,500.0
42401,500.0
42402,500.0
42403,500.0
42404,500.0
42405,500.0
42406,500.0
42407,500.0
42408,500.0
42409,500.0
42410,500.0
42411,500.0
42412,500.0
42413,500.0
42414,500.0
42415,500.0
42416,500.0
42417,500.0
42418,500.0
42419,500.0
42420,500.0
42421,500.0
42422,500.0
42423,500.0
42424,500.0
42425,500.0
42426,500.0
42427,500.0
42428,500.0
42429,500.0
42430,500.0
42431,500.0
42432,500.0
42433,500.0
42434,500.0
42435,500.0
42436,500.0
42437,500.0
42438,500.0
42439,500.0
42440,500.0
42441,500.0
42442,500.0
42443,500.0
42444,500.0
42445,500.0
42446,500.0
42447,500.0
42448,500.0
42449,500.0
42450,500.0
42451,500.0
42452,500.0
42453,500.0
42454,500.0
42455,500.0
42456,500.0
42457,500.0
42458,500.0
42459,500.0
42460,500.0
42461,500.0
42462,500.0
42463,500.0
42464,500.0
42465,500.0
42466,500.0
42467,500.0
42468,500.0
42469,500.0
42470,500.0
42471,500.0
42472,500.0
42473,500.0
42474,500.0
42475,500.0
42476,500.0
42477,500.0
42478,500.0
42479,500.0
42480,500.0
42481,500.0
42482,500.0
42483,500.0
42484,500.0
42485,500.0
42486,500.0
42487,500.0
42488,500.0
42489,500.0
42490,500.0
42491,500.0
42492,500.0
42493,500.0
42494,500.0
42495,500.0
42496,500.0
42497,500.0
42498,500.0
42499,500.0
42500,500.0
42501,500.0
42502,500.0
42503,500.0
42504,500.0
42505,500.0
42506,500.0
42507,500.0
42508,500.0
42509,500.0
42510,500.0
42511,500.0
42512,500.0
42513,500.0
42514,500.0
42515,500.0
42516,500.0
42517,500.0
42518,500.0
42519,500.0
42520,500.0
42521,500.0
42522,500.0
42523,500.0
42524,500.0
42525,500.0
42526,500.0
42527,500.0
42528,500.0
42529,500.0
42530,500.0
42531,500.0
42532,500.0
42533,500.0
42534,500.0
42535,500.0
42536,500.0
42537,500.0
42538,500.0
42539,500.0
42540,500.0
42541,500.0
42542,500.0
42543,500.0
42544,500.0
42545,500.0
42546,500.0
42547,500.0
42548,500.0
42549,500.0
42550,500.0
42551,500.0
42552,500.0
42553,500.0
42554,500.0
42555,500.0
42556,500.0
42557,500.0
42558,500.0
42559,500.0
42560,500.0
42561,500.0
42562,500.0
42563,500.0
42564,500.0
42565,500.0
42566,500.0
42567,500.0
42568,500.0
42569,500.0
42570,500.0
42571,500.0
42572,500.0
42573,500.0
42574,500.0
42575,500.0
42576,500.0
42577,500.0
42578,500.0
42579,500.0
42580,500.0
42581,500.0
42582,500.0
42583,500.0
42584,500.0
42585,500.0
42586,500.0
42587,500.0
42588,500.0
42589,500.0
42590,500.0
42591,500.0
42592,500.0
42593,500.0
42594,500.0
42595,500.0
42596,500.0
42597,500.0
42598,500.0
42599,500.0
42600,500.0
42601,500.0
42602,500.0
42603,500.0
42604,500.0
42605,500.0
42606,500.0
42607,500.0
42608,500.0
42609,500.0
42610,500.0
42611,500.0
42612,500.0
42613,500.0
42614,500.0
42615,500.0
42616,500.0
42617,500.0
42618,500.0
42619,500.0
42620,500.0
42621,500.0
42622,500.0
42623,500.0
42624,500.0
42625,500.0
42626,500.0
42627,500.0
42628,500.0
42629,500.0
42630,500.0
42631,500.0
42632,500.0
42633,500.0
42634,500.0
42635,500.0
42636,500.0
42637,500.0
42638,500.0
42639,500.0
42640,500.0
42641,500.0
42642,500.0
42643,500.0
42644,500.0
42645,500.0
42646,500.0
42647,500.0
42648,500.0
42649,500.0
42650,500.0
42651,500.0
42652,500.0
42653,500.0
42654,500.0
42655,500.0
42656,500.0
42657,500.0
42658,500.0
42659,500.0
42660,500.0
42661,500.0
42662,500.0
42663,500.0
42664,500.0
42665,500.0
42666,500.0
42667,500.0
42668,500.0
42669,500.0
42670,500.0
42671,500.0
42672,500.0
42673,500.0
42674,500.0
42675,500.0
42676,500.0
42677,500.0
42678,500.0
42679,500.0
42680,500.0
42681,500.0
42682,500.0
42683,500.0
42684,500.0
42685,500.0
42686,500.0
42687,500.0
42688,500.0
42689,500.0
42690,500.0
42691,500.0
42692,500.0
42693,500.0
42694,500.0
42695,500.0
42696,500.0
42697,500.0
42698,500.0
42699,500.0
42700,500.0
42701,500.0
42702,500.0
42703,500.0
42704,500.0
42705,500.0
42706,500.0
42707,500.0
42708,500.0
42709,500.0
42710,500.0
42711,500.0
42712,500.0
42713,500.0
42714,500.0
42715,500.0
42716,500.0
42717,500.0
42718,500.0
42719,500.0
42720,500.0
42721,500.0
42722,500.0
42723,500.0
42724,500.0
42725,500.0
42726,500.0
42727,500.0
42728,500.0
42729,500.0
42730,500.0
42731,500.0
42732,500.0
42733,500.0
42734,500.0
42735,500.0
42736,500.0
42737,500.0
42738,500.0
42739,500.0
42740,500.0
42741,500.0
42742,500.0
42743,500.0
42744,500.0
42745,500.0
42746,500.0
42747,500.0
42748,500.0
42749,500.0
42750,500.0
42751,500.0
42752,500.0
42753,500.0
42754,500.0
42755,500.0
42756,500.0
42757,500.0
42758,500.0
42759,500.0
42760,500.0
42761,500.0
42762,500.0
42763,500.0
42764,500.0
42765,500.0
42766,500.0
42767,500.0
42768,500.0
42769,500.0
42770,500.0
42771,500.0
42772,500.0
42773,500.0
42774,500.0
42775,500.0
42776,500.0
42777,500.0
42778,500.0
42779,500.0
42780,500.0
42781,500.0
42782,500.0
42783,500.0
42784,500.0
42785,500.0
42786,500.0
42787,500.0
42788,500.0
42789,500.0
42790,500.0
42791,500.0
42792,500.0
42793,500.0
42794,500.0
42795,500.0
42796,500.0
42797,500.0
42798,500.0
42799,500.0
42800,500.0
42801,500.0
42802,500.0
42803,500.0
42804,500.0
42805,500.0
42806,500.0
42807,500.0
42808,500.0
42809,500.0
42810,500.0
42811,500.0
42812,500.0
42813,500.0
42814,500.0
42815,500.0
42816,500.0
42817,500.0
42818,500.0
42819,500.0
42820,500.0
42821,500.0
42822,500.0
42823,500.0
42824,500.0
42825,500.0
42826,500.0
42827,500.0
42828,500.0
42829,500.0
42830,500.0
42831,500.0
42832,500.0
42833,500.0
42834,500.0
42835,500.0
42836,500.0
42837,500.0
42838,500.0
42839,500.0
42840,500.0
42841,500.0
42842,500.0
42843,500.0
42844,500.0
42845,500.0
42846,500.0
42847,500.0
42848,500.0
42849,500.0
42850,500.0
42851,500.0
42852,500.0
42853,500.0
42854,500.0
42855,500.0
42856,500.0
42857,500.0
42858,500.0
42859,500.0
42860,500.0
42861,500.0
42862,500.0
42863,500.0
42864,500.0
42865,500.0
42866,500.0
42867,500.0
42868,500.0
42869,500.0
42870,500.0
42871,500.0
42872,500.0
42873,500.0
42874,500.0
42875,500.0
42876,500.0
42877,500.0
42878,500.0
42879,500.0
42880,500.0
42881,500.0
42882,500.0
42883,500.0
42884,500.0
42885,500.0
42886,500.0
42887,500.0
42888,500.0
42889,500.0
42890,500.0
42891,500.0
42892,500.0
42893,500.0
42894,500.0
42895,500.0
42896,500.0
42897,500.0
42898,500.0
42899,500.0
42900,500.0
42901,500.0
42902,500.0
42903,500.0
42904,500.0
42905,500.0
42906,500.0
42907,500.0
42908,500.0
42909,500.0
42910,500.0
42911,500.0
42912,500.0
42913,500.0
42914,500.0
42915,500.0
42916,500.0
42917,500.0
42918,500.0
42919,500.0
42920,500.0
42921,500.0
42922,500.0
42923,500.0
42924,500.0
42925,500.0
42926,500.0
42927,500.0
42928,500.0
42929,500.0
42930,500.0
42931,500.0
42932,500.0
42933,500.0
42934,500.0
42935,500.0
42936,500.0
42937,500.0
42938,500.0
42939,500.0
42940,500.0
42941,500.0
42942,500.0
42943,500.0
42944,500.0
42945,500.0
42946,500.0
42947,500.0
42948,500.0
42949,500.0
42950,500.0
42951,500.0
42952,500.0
42953,500.0
42954,500.0
42955,500.0
42956,500.0
42957,500.0
42958,500.0
42959,500.0
42960,500.0
42961,500.0
42962,500.0
42963,500.0
42964,500.0
42965,500.0
42966,500.0
42967,500.0
42968,500.0
42969,500.0
42970,500.0
42971,500.0
42972,500.0
42973,500.0
42974,500.0
42975,500.0
42976,500.0
42977,500.0
42978,500.0
42979,500.0
42980,500.0
42981,500.0
42982,500.0
42983,500.0
42984,500.0
42985,500.0
42986,500.0
42987,500.0
42988,500.0
42989,500.0
42990,500.0
42991,500.0
42992,500.0
42993,500.0
42994,500.0
42995,500.0
42996,500.0
42997,500.0
42998,500.0
42999,500.0
43000,500.0
43001,500.0
43002,500.0
43003,500.0
43004,500.0
43005,500.0
43006,500.0
43007,500.0
43008,500.0
43009,500.0
43010,500.0
43011,500.0
43012,500.0
43013,500.0
43014,500.0
43015,500.0
43016,500.0
43017,500.0
43018,500.0
43019,500.0
43020,500.0
43021,500.0
43022,500.0
43023,500.0
43024,500.0
43025,500.0
43026,500.0
43027,500.0
43028,500.0
43029,500.0
43030,500.0
43031,500.0
43032,500.0
43033,500.0
43034,500.0
43035,500.0
43036,500.0
43037,500.0
43038,500.0
43039,500.0
43040,500.0
43041,500.0
43042,500.0
43043,500.0
43044,500.0
43045,500.0
43046,500.0
43047,500.0
43048,500.0
43049,500.0
43050,500.0
43051,500.0
43052,500.0
43053,500.0
43054,500.0
43055,500.0
43056,500.0
43057,500.0
43058,500.0
43059,500.0
43060,500.0
43061,500.0
43062,500.0
43063,500.0
43064,500.0
43065,500.0
43066,500.0
43067,500.0
43068,500.0
43069,500.0
43070,500.0
43071,500.0
43072,500.0
43073,500.0
43074,500.0
43075,500.0
43076,500.0
43077,500.0
43078,500.0
43079,500.0
43080,500.0
43081,500.0
43082,500.0
43083,500.0
43084,500.0
43085,500.0
43086,500.0
43087,500.0
43088,500.0
43089,500.0
43090,500.0
43091,500.0
43092,500.0
43093,500.0
43094,500.0
43095,500.0
43096,500.0
43097,500.0
43098,500.0
43099,500.0
43100,500.0
43101,500.0
43102,500.0
43103,500.0
43104,500.0
43105,500.0
43106,500.0
43107,500.0
43108,500.0
43109,500.0
43110,500.0
43111,500.0
43112,500.0
43113,500.0
43114,500.0
43115,500.0
43116,500.0
43117,500.0
43118,500.0
43119,500.0
43120,500.0
43121,500.0
43122,500.0
43123,500.0
43124,500.0
43125,500.0
43126,500.0
43127,500.0
43128,500.0
43129,500.0
43130,500.0
43131,500.0
43132,500.0
43133,500.0
43134,500.0
43135,500.0
43136,500.0
43137,500.0
43138,500.0
43139,500.0
43140,500.0
43141,500.0
43142,500.0
43143,500.0
43144,500.0
43145,500.0
43146,500.0
43147,500.0
43148,500.0
43149,500.0
43150,500.0
43151,500.0
43152,500.0
43153,500.0
43154,500.0
43155,500.0
43156,500.0
43157,500.0
43158,500.0
43159,500.0
43160,500.0
43161,500.0
43162,500.0
43163,500.0
43164,500.0
43165,500.0
43166,500.0
43167,500.0
43168,500.0
43169,500.0
43170,500.0
43171,500.0
43172,500.0
43173,500.0
43174,500.0
43175,500.0
43176,500.0
43177,500.0
43178,500.0
43179,500.0
43180,500.0
43181,500.0
43182,500.0
43183,500.0
43184,500.0
43185,500.0
43186,500.0
43187,500.0
43188,500.0
43189,500.0
43190,500.0
43191,500.0
43192,500.0
43193,500.0
43194,500.0
43195,500.0
43196,500.0
43197,500.0
43198,500.0
43199,500.0
43200,500.0
43201,500.0
43202,500.0
43203,500.0
43204,500.0
43205,500.0
43206,500.0
43207,500.0
43208,500.0
43209,500.0
43210,500.0
43211,500.0
43212,500.0
43213,500.0
43214,500.0
43215,500.0
43216,500.0
43217,500.0
43218,500.0
43219,500.0
43220,500.0
43221,500.0
43222,500.0
43223,500.0
43224,500.0
43225,500.0
43226,500.0
43227,500.0
43228,500.0
43229,500.0
43230,500.0
43231,500.0
43232,500.0
43233,500.0
43234,500.0
43235,500.0
43236,500.0
43237,500.0
43238,500.0
43239,500.0
43240,500.0
43241,500.0
43242,500.0
43243,500.0
43244,500.0
43245,500.0
43246,500.0
43247,500.0
43248,500.0
43249,500.0
43250,500.0
43251,500.0
43252,500.0
43253,500.0
43254,500.0
43255,500.0
43256,500.0
43257,500.0
43258,500.0
43259,500.0
43260,500.0
43261,500.0
43262,500.0
43263,500.0
43264,500.0
43265,500.0
43266,500.0
43267,500.0
43268,500.0
43269,500.0
43270,500.0
43271,500.0
43272,500.0
43273,500.0
43274,500.0
43275,500.0
43276,500.0
43277,500.0
43278,500.0
43279,500.0
43280,500.0
43281,500.0
43282,500.0
43283,500.0
43284,500.0
43285,500.0
43286,500.0
43287,500.0
43288,500.0
43289,500.0
43290,500.0
43291,500.0
43292,500.0
43293,500.0
43294,500.0
43295,500.0
43296,500.0
43297,500.0
43298,500.0
43299,500.0
43300,500.0
43301,500.0
43302,500.0
43303,500.0
43304,500.0
43305,500.0
43306,500.0
43307,500.0
43308,500.0
43309,500.0
43310,500.0
43311,500.0
43312,500.0
43313,500.0
43314,500.0
43315,500.0
43316,500.0
43317,500.0
43318,500.0
43319,500.0
43320,500.0
43321,500.0
43322,500.0
43323,500.0
43324,500.0
43325,500.0
43326,500.0
43327,500.0
43328,500.0
43329,500.0
43330,500.0
43331,500.0
43332,500.0
43333,500.0
43334,500.0
43335,500.0
43336,500.0
43337,500.0
43338,500.0
43339,500.0
43340,500.0
43341,500.0
43342,500.0
43343,500.0
43344,500.0
43345,500.0
43346,500.0
43347,500.0
43348,500.0
43349,500.0
43350,500.0
43351,500.0
43352,500.0
43353,500.0
43354,500.0
43355,500.0
43356,500.0
43357,500.0
43358,500.0
43359,500.0
43360,500.0
43361,500.0
43362,500.0
43363,500.0
43364,500.0
43365,500.0
43366,500.0
43367,500.0
43368,500.0
43369,500.0
43370,500.0
43371,500.0
43372,500.0
43373,500.0
43374,500.0
43375,500.0
43376,500.0
43377,500.0
43378,500.0
43379,500.0
43380,500.0
43381,500.0
43382,500.0
43383,500.0
43384,500.0
43385,500.0
43386,500.0
43387,500.0
43388,500.0
43389,500.0
43390,500.0
43391,500.0
43392,500.0
43393,500.0
43394,500.0
43395,500.0
43396,500.0
43397,500.0
43398,500.0
43399,500.0
43400,500.0
43401,500.0
43402,500.0
43403,500.0
43404,500.0
43405,500.0
43406,500.0
43407,500.0
43408,500.0
43409,500.0
43410,500.0
43411,500.0
43412,500.0
43413,500.0
43414,500.0
43415,500.0
43416,500.0
43417,500.0
43418,500.0
43419,500.0
43420,500.0
43421,500.0
43422,500.0
43423,500.0
43424,500.0
43425,500.0
43426,500.0
43427,500.0
43428,500.0
43429,500.0
43430,500.0
43431,500.0
43432,500.0
43433,500.0
43434,500.0
43435,500.0
43436,500.0
43437,500.0
43438,500.0
43439,500.0
43440,500.0
43441,500.0
43442,500.0
43443,500.0
43444,500.0
43445,500.0
43446,500.0
43447,500.0
43448,500.0
43449,500.0
43450,500.0
43451,500.0
43452,500.0
43453,500.0
43454,500.0
43455,500.0
43456,500.0
43457,500.0
43458,500.0
43459,500.0
43460,500.0
43461,500.0
43462,500.0
43463,500.0
43464,500.0
43465,500.0
43466,500.0
43467,500.0
43468,500.0
43469,500.0
43470,500.0
43471,500.0
43472,500.0
43473,500.0
43474,500.0
43475,500.0
43476,500.0
43477,500.0
43478,500.0
43479,500.0
43480,500.0
43481,500.0
43482,500.0
43483,500.0
43484,500.0
43485,500.0
43486,500.0
43487,500.0
43488,500.0
43489,500.0
43490,500.0
43491,500.0
43492,500.0
43493,500.0
43494,500.0
43495,500.0
43496,500.0
43497,500.0
43498,500.0
43499,500.0
43500,500.0
43501,500.0
43502,500.0
43503,500.0
43504,500.0
43505,500.0
43506,500.0
43507,500.0
43508,500.0
43509,500.0
43510,500.0
43511,500.0
43512,500.0
43513,500.0
43514,500.0
43515,500.0
43516,500.0
43517,500.0
43518,500.0
43519,500.0
43520,500.0
43521,500.0
43522,500.0
43523,500.0
43524,500.0
43525,500.0
43526,500.0
43527,500.0
43528,500.0
43529,500.0
43530,500.0
43531,500.0
43532,500.0
43533,500.0
43534,500.0
43535,500.0
43536,500.0
43537,500.0
43538,500.0
43539,500.0
43540,500.0
43541,500.0
43542,500.0
43543,500.0
43544,500.0
43545,500.0
43546,500.0
43547,500.0
43548,500.0
43549,500.0
43550,500.0
43551,500.0
43552,500.0
43553,500.0
43554,500.0
43555,500.0
43556,500.0
43557,500.0
43558,500.0
43559,500.0
43560,500.0
43561,500.0
43562,500.0
43563,500.0
43564,500.0
43565,500.0
43566,500.0
43567,500.0
43568,500.0
43569,500.0
43570,500.0
43571,500.0
43572,500.0
43573,500.0
43574,500.0
43575,500.0
43576,500.0
43577,500.0
43578,500.0
43579,500.0
43580,500.0
43581,500.0
43582,500.0
43583,500.0
43584,500.0
43585,500.0
43586,500.0
43587,500.0
43588,500.0
43589,500.0
43590,500.0
43591,500.0
43592,500.0
43593,500.0
43594,500.0
43595,500.0
43596,500.0
43597,500.0
43598,500.0
43599,500.0
43600,500.0
43601,500.0
43602,500.0
43603,500.0
43604,500.0
43605,500.0
43606,500.0
43607,500.0
43608,500.0
43609,500.0
43610,500.0
43611,500.0
43612,500.0
43613,500.0
43614,500.0
43615,500.0
43616,500.0
43617,500.0
43618,500.0
43619,500.0
43620,500.0
43621,500.0
43622,500.0
43623,500.0
43624,500.0
43625,500.0
43626,500.0
43627,500.0
43628,500.0
43629,500.0
43630,500.0
43631,500.0
43632,500.0
43633,500.0
43634,500.0
43635,500.0
43636,500.0
43637,500.0
43638,500.0
43639,500.0
43640,500.0
43641,500.0
43642,500.0
43643,500.0
43644,500.0
43645,500.0
43646,500.0
43647,500.0
43648,500.0
43649,500.0
43650,500.0
43651,500.0
43652,500.0
43653,500.0
43654,500.0
43655,500.0
43656,500.0
43657,500.0
43658,500.0
43659,500.0
43660,500.0
43661,500.0
43662,500.0
43663,500.0
43664,500.0
43665,500.0
43666,500.0
43667,500.0
43668,500.0
43669,500.0
43670,500.0
43671,500.0
43672,500.0
43673,500.0
43674,500.0
43675,500.0
43676,500.0
43677,500.0
43678,500.0
43679,500.0
43680,500.0
43681,500.0
43682,500.0
43683,500.0
43684,500.0
43685,500.0
43686,500.0
43687,500.0
43688,500.0
43689,500.0
43690,500.0
43691,500.0
43692,500.0
43693,500.0
43694,500.0
43695,500.0
43696,500.0
43697,500.0
43698,500.0
43699,500.0
43700,500.0
43701,500.0
43702,500.0
43703,500.0
43704,500.0
43705,500.0
43706,500.0
43707,500.0
43708,500.0
43709,500.0
43710,500.0
43711,500.0
43712,500.0
43713,500.0
43714,500.0
43715,500.0
43716,500.0
43717,500.0
43718,500.0
43719,500.0
43720,500.0
43721,500.0
43722,500.0
43723,500.0
43724,500.0
43725,500.0
43726,500.0
43727,500.0
43728,500.0
43729,500.0
43730,500.0
43731,500.0
43732,500.0
43733,500.0
43734,500.0
43735,500.0
43736,500.0
43737,500.0
43738,500.0
43739,500.0
43740,500.0
43741,500.0
43742,500.0
43743,500.0
43744,500.0
43745,500.0
43746,500.0
43747,500.0
43748,500.0
43749,500.0
43750,500.0
43751,500.0
43752,500.0
43753,500.0
43754,500.0
43755,500.0
43756,500.0
43757,500.0
43758,500.0
43759,500.0
43760,500.0
43761,500.0
43762,500.0
43763,500.0
43764,500.0
43765,500.0
43766,500.0
43767,500.0
43768,500.0
43769,500.0
43770,500.0
43771,500.0
43772,500.0
43773,500.0
43774,500.0
43775,500.0
43776,500.0
43777,500.0
43778,500.0
43779,500.0
43780,500.0
43781,500.0
43782,500.0
43783,500.0
43784,500.0
43785,500.0
43786,500.0
43787,500.0
43788,500.0
43789,500.0
43790,500.0
43791,500.0
43792,500.0
43793,500.0
43794,500.0
43795,500.0
43796,500.0
43797,500.0
43798,500.0
43799,500.0
43800,500.0
43801,500.0
43802,500.0
43803,500.0
43804,500.0
43805,500.0
43806,500.0
43807,500.0
43808,500.0
43809,500.0
43810,500.0
43811,500.0
43812,500.0
43813,500.0
43814,500.0
43815,500.0
43816,500.0
43817,500.0
43818,500.0
43819,500.0
43820,500.0
43821,500.0
43822,500.0
43823,500.0
43824,500.0
43825,500.0
43826,500.0
43827,500.0
43828,500.0
43829,500.0
43830,500.0
43831,500.0
43832,500.0
43833,500.0
43834,500.0
43835,500.0
43836,500.0
43837,500.0
43838,500.0
43839,500.0
43840,500.0
43841,500.0
43842,500.0
43843,500.0
43844,500.0
43845,500.0
43846,500.0
43847,500.0
43848,500.0
43849,500.0
43850,500.0
43851,500.0
43852,500.0
43853,500.0
43854,500.0
43855,500.0
43856,500.0
43857,500.0
43858,500.0
43859,500.0
43860,500.0
43861,500.0
43862,500.0
43863,500.0
43864,500.0
43865,500.0
43866,500.0
43867,500.0
43868,500.0
43869,500.0
43870,500.0
43871,500.0
43872,500.0
43873,500.0
43874,500.0
43875,500.0
43876,500.0
43877,500.0
43878,500.0
43879,500.0
43880,500.0
43881,500.0
43882,500.0
43883,500.0
43884,500.0
43885,500.0
43886,500.0
43887,500.0
43888,500.0
43889,500.0
43890,500.0
43891,500.0
43892,500.0
43893,500.0
43894,500.0
43895,500.0
43896,500.0
43897,500.0
43898,500.0
43899,367.0
43900,367.0
43901,367.0
43902,367.0
43903,367.0
43904,367.0
43905,367.0
43906,367.0
43907,367.0
43908,367.0
43909,367.0
43910,367.0
43911,367.0
43912,367.0
43913,367.0
43914,367.0
43915,367.0
43916,367.0
43917,367.0
43918,367.0
43919,367.0
43920,367.0
43921,367.0
43922,367.0
43923,367.0
43924,367.0
43925,367.0
43926,367.0
43927,367.0
43928,367.0
43929,367.0
43930,367.0
43931,367.0
43932,367.0
43933,367.0
43934,367.0
43935,367.0
43936,367.0
43937,367.0
43938,367.0
43939,367.0
43940,367.0
43941,367.0
43942,367.0
43943,367.0
43944,367.0
43945,367.0
43946,367.0
43947,367.0
43948,367.0
43949,367.0
43950,367.0
43951,367.0
43952,367.0
43953,367.0
43954,367.0
43955,367.0
43956,367.0
43957,367.0
43958,367.0
43959,367.0
43960,367.0
43961,367.0
43962,367.0
43963,367.0
43964,367.0
43965,367.0
43966,367.0
43967,367.0
43968,367.0
43969,367.0
43970,367.0
43971,367.0
43972,367.0
43973,367.0
43974,367.0
43975,367.0
43976,367.0
43977,367.0
43978,367.0
43979,367.0
43980,367.0
43981,367.0
43982,367.0
43983,367.0
43984,367.0
43985,367.0
43986,367.0
43987,367.0
43988,367.0
43989,367.0
43990,367.0
43991,367.0
43992,367.0
43993,367.0
43994,367.0
43995,367.0
43996,367.0
43997,367.0
43998,367.0
43999,367.0
44000,367.0
44001,367.0
44002,367.0
44003,367.0
44004,367.0
44005,367.0
44006,367.0
44007,367.0
44008,367.0
44009,367.0
44010,367.0
44011,367.0
44012,367.0
44013,367.0
44014,367.0
44015,367.0
44016,367.0
44017,367.0
44018,367.0
44019,367.0
44020,367.0
44021,367.0
44022,367.0
44023,367.0
44024,367.0
44025,367.0
44026,367.0
44027,367.0
44028,367.0
44029,367.0
44030,367.0
44031,367.0
44032,367.0
44033,367.0
44034,367.0
44035,367.0
44036,367.0
44037,367.0
44038,367.0
44039,367.0
44040,367.0
44041,367.0
44042,367.0
44043,367.0
44044,367.0
44045,367.0
44046,367.0
44047,367.0
44048,367.0
44049,367.0
44050,367.0
44051,367.0
44052,367.0
44053,367.0
44054,367.0
44055,367.0
44056,367.0
44057,367.0
44058,367.0
44059,367.0
44060,367.0
44061,367.0
44062,367.0
44063,367.0
44064,367.0
44065,367.0
44066,367.0
44067,367.0
44068,367.0
44069,367.0
44070,367.0
44071,367.0
44072,367.0
44073,367.0
44074,367.0
44075,367.0
44076,367.0
44077,367.0
44078,367.0
44079,367.0
44080,367.0
44081,367.0
44082,367.0
44083,367.0
44084,367.0
44085,367.0
44086,367.0
44087,367.0
44088,367.0
44089,367.0
44090,367.0
44091,367.0
44092,367.0
44093,367.0
44094,367.0
44095,367.0
44096,367.0
44097,367.0
44098,367.0
44099,367.0
44100,367.0
44101,367.0
44102,367.0
44103,367.0
44104,367.0
44105,367.0
44106,367.0
44107,367.0
44108,367.0
44109,367.0
44110,367.0
44111,367.0
44112,367.0
44113,367.0
44114,367.0
44115,367.0
44116,367.0
44117,367.0
44118,367.0
44119,367.0
44120,367.0
44121,367.0
44122,367.0
44123,367.0
44124,367.0
44125,367.0
44126,367.0
44127,367.0
44128,367.0
44129,367.0
44130,367.0
44131,367.0
44132,367.0
44133,367.0
44134,367.0
44135,367.0
44136,367.0
44137,367.0
44138,367.0
44139,367.0
44140,367.0
44141,367.0
44142,367.0
44143,367.0
44144,367.0
44145,367.0
44146,367.0
44147,367.0
44148,367.0
44149,367.0
44150,367.0
44151,367.0
44152,367.0
44153,367.0
44154,367.0
44155,367.0
44156,367.0
44157,367.0
44158,367.0
44159,367.0
44160,367.0
44161,367.0
44162,367.0
44163,367.0
44164,367.0
44165,367.0
44166,367.0
44167,367.0
44168,367.0
44169,367.0
44170,367.0
44171,367.0
44172,367.0
44173,367.0
44174,367.0
44175,367.0
44176,367.0
44177,367.0
44178,367.0
44179,367.0
44180,367.0
44181,367.0
44182,367.0
44183,367.0
44184,367.0
44185,367.0
44186,367.0
44187,367.0
44188,367.0
44189,367.0
44190,367.0
44191,367.0
44192,367.0
44193,367.0
44194,367.0
44195,367.0
44196,367.0
44197,367.0
44198,367.0
44199,367.0
44200,367.0
44201,367.0
44202,367.0
44203,367.0
44204,367.0
44205,367.0
44206,367.0
44207,367.0
44208,367.0
44209,367.0
44210,367.0
44211,367.0
44212,367.0
44213,367.0
44214,367.0
44215,367.0
44216,367.0
44217,367.0
44218,367.0
44219,367.0
44220,367.0
44221,367.0
44222,367.0
44223,367.0
44224,367.0
44225,367.0
44226,367.0
44227,367.0
44228,367.0
44229,367.0
44230,367.0
44231,367.0
44232,367.0
44233,367.0
44234,367.0
44235,367.0
44236,367.0
44237,367.0
44238,367.0
44239,367.0
44240,367.0
44241,367.0
44242,367.0
44243,367.0
44244,367.0
44245,367.0
44246,367.0
44247,367.0
44248,367.0
44249,367.0
44250,367.0
44251,367.0
44252,367.0
44253,367.0
44254,367.0
44255,367.0
44256,367.0
44257,367.0
44258,367.0
44259,367.0
44260,367.0
44261,367.0
44262,367.0
44263,367.0
44264,367.0
44265,367.0
44266,367.0
44267,367.0
44268,367.0
44269,367.0
44270,367.0
44271,367.0
44272,367.0
44273,367.0
44274,367.0
44275,367.0
44276,367.0
44277,367.0
44278,367.0
44279,367.0
44280,367.0
44281,367.0
44282,367.0
44283,367.0
44284,367.0
44285,367.0
44286,367.0
44287,367.0
44288,367.0
44289,367.0
44290,367.0
44291,367.0
44292,367.0
44293,367.0
44294,367.0
44295,367.0
44296,367.0
44297,367.0
44298,367.0
44299,367.0
44300,367.0
44301,367.0
44302,367.0
44303,367.0
44304,367.0
44305,367.0
44306,367.0
44307,367.0
44308,367.0
44309,367.0
44310,367.0
44311,367.0
44312,367.0
44313,367.0
44314,367.0
44315,367.0
44316,367.0
44317,367.0
44318,367.0
44319,367.0
44320,367.0
44321,367.0
44322,367.0
44323,367.0
44324,367.0
44325,367.0
44326,367.0
44327,367.0
44328,367.0
44329,367.0
44330,367.0
44331,367.0
44332,367.0
44333,367.0
44334,367.0
44335,367.0
44336,367.0
44337,367.0
44338,367.0
44339,367.0
44340,367.0
44341,367.0
44342,367.0
44343,367.0
44344,367.0
44345,367.0
44346,367.0
44347,367.0
44348,367.0
44349,367.0
44350,367.0
44351,367.0
44352,367.0
44353,367.0
44354,367.0
44355,367.0
44356,367.0
44357,367.0
44358,367.0
44359,367.0
44360,367.0
44361,367.0
44362,367.0
44363,367.0
44364,367.0
44365,367.0
44366,367.0
44367,367.0
44368,367.0
44369,367.0
44370,367.0
44371,367.0
44372,367.0
44373,367.0
44374,367.0
44375,367.0
44376,367.0
44377,367.0
44378,367.0
44379,367.0
44380,367.0
44381,367.0
44382,367.0
44383,367.0
44384,367.0
44385,367.0
44386,367.0
44387,367.0
44388,367.0
44389,367.0
44390,367.0
44391,367.0
44392,367.0
44393,367.0
44394,367.0
44395,367.0
44396,367.0
44397,367.0
44398,367.0
44399,500.0
44400,500.0
44401,500.0
44402,500.0
44403,500.0
44404,500.0
44405,500.0
44406,500.0
44407,500.0
44408,500.0
44409,500.0
44410,500.0
44411,500.0
44412,500.0
44413,500.0
44414,500.0
44415,500.0
44416,500.0
44417,500.0
44418,500.0
44419,500.0
44420,500.0
44421,500.0
44422,500.0
44423,500.0
44424,500.0
44425,500.0
44426,500.0
44427,500.0
44428,500.0
44429,500.0
44430,500.0
44431,500.0
44432,500.0
44433,500.0
44434,500.0
44435,500.0
44436,500.0
44437,500.0
44438,500.0
44439,500.0
44440,500.0
44441,500.0
44442,500.0
44443,500.0
44444,500.0
44445,500.0
44446,500.0
44447,500.0
44448,500.0
44449,500.0
44450,500.0
44451,500.0
44452,500.0
44453,500.0
44454,500.0
44455,500.0
44456,500.0
44457,500.0
44458,500.0
44459,500.0
44460,500.0
44461,500.0
44462,500.0
44463,500.0
44464,500.0
44465,500.0
44466,500.0
44467,500.0
44468,500.0
44469,500.0
44470,500.0
44471,500.0
44472,500.0
44473,500.0
44474,500.0
44475,500.0
44476,500.0
44477,500.0
44478,500.0
44479,500.0
44480,500.0
44481,500.0
44482,500.0
44483,500.0
44484,500.0
44485,500.0
44486,500.0
44487,500.0
44488,500.0
44489,500.0
44490,500.0
44491,500.0
44492,500.0
44493,500.0
44494,500.0
44495,500.0
44496,500.0
44497,500.0
44498,500.0
44499,500.0
44500,500.0
44501,500.0
44502,500.0
44503,500.0
44504,500.0
44505,500.0
44506,500.0
44507,500.0
44508,500.0
44509,500.0
44510,500.0
44511,500.0
44512,500.0
44513,500.0
44514,500.0
44515,500.0
44516,500.0
44517,500.0
44518,500.0
44519,500.0
44520,500.0
44521,500.0
44522,500.0
44523,500.0
44524,500.0
44525,500.0
44526,500.0
44527,500.0
44528,500.0
44529,500.0
44530,500.0
44531,500.0
44532,500.0
44533,500.0
44534,500.0
44535,500.0
44536,500.0
44537,500.0
44538,500.0
44539,500.0
44540,500.0
44541,500.0
44542,500.0
44543,500.0
44544,500.0
44545,500.0
44546,500.0
44547,500.0
44548,500.0
44549,500.0
44550,500.0
44551,500.0
44552,500.0
44553,500.0
44554,500.0
44555,500.0
44556,500.0
44557,500.0
44558,500.0
44559,500.0
44560,500.0
44561,500.0
44562,500.0
44563,500.0
44564,500.0
44565,500.0
44566,500.0
44567,500.0
44568,500.0
44569,500.0
44570,500.0
44571,500.0
44572,500.0
44573,500.0
44574,500.0
44575,500.0
44576,500.0
44577,500.0
44578,500.0
44579,500.0
44580,500.0
44581,500.0
44582,500.0
44583,500.0
44584,500.0
44585,500.0
44586,500.0
44587,500.0
44588,500.0
44589,500.0
44590,500.0
44591,500.0
44592,500.0
44593,500.0
44594,500.0
44595,500.0
44596,500.0
44597,500.0
44598,500.0
44599,500.0
44600,500.0
44601,500.0
44602,500.0
44603,500.0
44604,500.0
44605,500.0
44606,500.0
44607,500.0
44608,500.0
44609,500.0
44610,500.0
44611,500.0
44612,500.0
44613,500.0
44614,500.0
44615,500.0
44616,500.0
44617,500.0
44618,500.0
44619,500.0
44620,500.0
44621,500.0
44622,500.0
44623,500.0
44624,500.0
44625,500.0
44626,500.0
44627,500.0
44628,500.0
44629,500.0
44630,500.0
44631,500.0
44632,500.0
44633,500.0
44634,500.0
44635,500.0
44636,500.0
44637,500.0
44638,500.0
44639,500.0
44640,500.0
44641,500.0
44642,500.0
44643,500.0
44644,500.0
44645,500.0
44646,500.0
44647,500.0
44648,500.0
44649,500.0
44650,500.0
44651,500.0
44652,500.0
44653,500.0
44654,500.0
44655,500.0
44656,500.0
44657,500.0
44658,500.0
44659,500.0
44660,500.0
44661,500.0
44662,500.0
44663,500.0
44664,500.0
44665,500.0
44666,500.0
44667,500.0
44668,500.0
44669,500.0
44670,500.0
44671,500.0
44672,500.0
44673,500.0
44674,500.0
44675,500.0
44676,500.0
44677,500.0
44678,500.0
44679,500.0
44680,500.0
44681,500.0
44682,500.0
44683,500.0
44684,500.0
44685,500.0
44686,500.0
44687,500.0
44688,500.0
44689,500.0
44690,500.0
44691,500.0
44692,500.0
44693,500.0
44694,500.0
44695,500.0
44696,500.0
44697,500.0
44698,500.0
44699,500.0
44700,500.0
44701,500.0
44702,500.0
44703,500.0
44704,500.0
44705,500.0
44706,500.0
44707,500.0
44708,500.0
44709,500.0
44710,500.0
44711,500.0
44712,500.0
44713,500.0
44714,500.0
44715,500.0
44716,500.0
44717,500.0
44718,500.0
44719,500.0
44720,500.0
44721,500.0
44722,500.0
44723,500.0
44724,500.0
44725,500.0
44726,500.0
44727,500.0
44728,500.0
44729,500.0
44730,500.0
44731,500.0
44732,500.0
44733,500.0
44734,500.0
44735,500.0
44736,500.0
44737,500.0
44738,500.0
44739,500.0
44740,500.0
44741,500.0
44742,500.0
44743,500.0
44744,500.0
44745,500.0
44746,500.0
44747,500.0
44748,500.0
44749,500.0
44750,500.0
44751,500.0
44752,500.0
44753,500.0
44754,500.0
44755,500.0
44756,500.0
44757,500.0
44758,500.0
44759,500.0
44760,500.0
44761,500.0
44762,500.0
44763,500.0
44764,500.0
44765,500.0
44766,500.0
44767,500.0
44768,500.0
44769,500.0
44770,500.0
44771,500.0
44772,500.0
44773,500.0
44774,500.0
44775,500.0
44776,500.0
44777,500.0
44778,500.0
44779,500.0
44780,500.0
44781,500.0
44782,500.0
44783,500.0
44784,500.0
44785,500.0
44786,500.0
44787,500.0
44788,500.0
44789,500.0
44790,500.0
44791,500.0
44792,500.0
44793,500.0
44794,500.0
44795,500.0
44796,500.0
44797,500.0
44798,500.0
44799,500.0
44800,500.0
44801,500.0
44802,500.0
44803,500.0
44804,500.0
44805,500.0
44806,500.0
44807,500.0
44808,500.0
44809,500.0
44810,500.0
44811,500.0
44812,500.0
44813,500.0
44814,500.0
44815,500.0
44816,500.0
44817,500.0
44818,500.0
44819,500.0
44820,500.0
44821,500.0
44822,500.0
44823,500.0
44824,500.0
44825,500.0
44826,500.0
44827,500.0
44828,500.0
44829,500.0
44830,500.0
44831,500.0
44832,500.0
44833,500.0
44834,500.0
44835,500.0
44836,500.0
44837,500.0
44838,500.0
44839,500.0
44840,500.0
44841,500.0
44842,500.0
44843,500.0
44844,500.0
44845,500.0
44846,500.0
44847,500.0
44848,500.0
44849,500.0
44850,500.0
44851,500.0
44852,500.0
44853,500.0
44854,500.0
44855,500.0
44856,500.0
44857,500.0
44858,500.0
44859,500.0
44860,500.0
44861,500.0
44862,500.0
44863,500.0
44864,500.0
44865,500.0
44866,500.0
44867,500.0
44868,500.0
44869,500.0
44870,500.0
44871,500.0
44872,500.0
44873,500.0
44874,500.0
44875,500.0
44876,500.0
44877,500.0
44878,500.0
44879,500.0
44880,500.0
44881,500.0
44882,500.0
44883,500.0
44884,500.0
44885,500.0
44886,500.0
44887,500.0
44888,500.0
44889,500.0
44890,500.0
44891,500.0
44892,500.0
44893,500.0
44894,500.0
44895,500.0
44896,500.0
44897,500.0
44898,500.0
44899,500.0
44900,500.0
44901,500.0
44902,500.0
44903,500.0
44904,500.0
44905,500.0
44906,500.0
44907,500.0
44908,500.0
44909,500.0
44910,500.0
44911,500.0
44912,500.0
44913,500.0
44914,500.0
44915,500.0
44916,500.0
44917,500.0
44918,500.0
44919,500.0
44920,500.0
44921,500.0
44922,500.0
44923,500.0
44924,500.0
44925,500.0
44926,500.0
44927,500.0
44928,500.0
44929,500.0
44930,500.0
44931,500.0
44932,500.0
44933,500.0
44934,500.0
44935,500.0
44936,500.0
44937,500.0
44938,500.0
44939,500.0
44940,500.0
44941,500.0
44942,500.0
44943,500.0
44944,500.0
44945,500.0
44946,500.0
44947,500.0
44948,500.0
44949,500.0
44950,500.0
44951,500.0
44952,500.0
44953,500.0
44954,500.0
44955,500.0
44956,500.0
44957,500.0
44958,500.0
44959,500.0
44960,500.0
44961,500.0
44962,500.0
44963,500.0
44964,500.0
44965,500.0
44966,500.0
44967,500.0
44968,500.0
44969,500.0
44970,500.0
44971,500.0
44972,500.0
44973,500.0
44974,500.0
44975,500.0
44976,500.0
44977,500.0
44978,500.0
44979,500.0
44980,500.0
44981,500.0
44982,500.0
44983,500.0
44984,500.0
44985,500.0
44986,500.0
44987,500.0
44988,500.0
44989,500.0
44990,500.0
44991,500.0
44992,500.0
44993,500.0
44994,500.0
44995,500.0
44996,500.0
44997,500.0
44998,500.0
44999,500.0
45000,500.0
45001,500.0
45002,500.0
45003,500.0
45004,500.0
45005,500.0
45006,500.0
45007,500.0
45008,500.0
45009,500.0
45010,500.0
45011,500.0
45012,500.0
45013,500.0
45014,500.0
45015,500.0
45016,500.0
45017,500.0
45018,500.0
45019,500.0
45020,500.0
45021,500.0
45022,500.0
45023,500.0
45024,500.0
45025,500.0
45026,500.0
45027,500.0
45028,500.0
45029,500.0
45030,500.0
45031,500.0
45032,500.0
45033,500.0
45034,500.0
45035,500.0
45036,500.0
45037,500.0
45038,500.0
45039,500.0
45040,500.0
45041,500.0
45042,500.0
45043,500.0
45044,500.0
45045,500.0
45046,500.0
45047,500.0
45048,500.0
45049,500.0
45050,500.0
45051,500.0
45052,500.0
45053,500.0
45054,500.0
45055,500.0
45056,500.0
45057,500.0
45058,500.0
45059,500.0
45060,500.0
45061,500.0
45062,500.0
45063,500.0
45064,500.0
45065,500.0
45066,500.0
45067,500.0
45068,500.0
45069,500.0
45070,500.0
45071,500.0
45072,500.0
45073,500.0
45074,500.0
45075,500.0
45076,500.0
45077,500.0
45078,500.0
45079,500.0
45080,500.0
45081,500.0
45082,500.0
45083,500.0
45084,500.0
45085,500.0
45086,500.0
45087,500.0
45088,500.0
45089,500.0
45090,500.0
45091,500.0
45092,500.0
45093,500.0
45094,500.0
45095,500.0
45096,500.0
45097,500.0
45098,500.0
45099,500.0
45100,500.0
45101,500.0
45102,500.0
45103,500.0
45104,500.0
45105,500.0
45106,500.0
45107,500.0
45108,500.0
45109,500.0
45110,500.0
45111,500.0
45112,500.0
45113,500.0
45114,500.0
45115,500.0
45116,500.0
45117,500.0
45118,500.0
45119,500.0
45120,500.0
45121,500.0
45122,500.0
45123,500.0
45124,500.0
45125,500.0
45126,500.0
45127,500.0
45128,500.0
45129,500.0
45130,500.0
45131,500.0
45132,500.0
45133,500.0
45134,500.0
45135,500.0
45136,500.0
45137,500.0
45138,500.0
45139,500.0
45140,500.0
45141,500.0
45142,500.0
45143,500.0
45144,500.0
45145,500.0
45146,500.0
45147,500.0
45148,500.0
45149,500.0
45150,500.0
45151,500.0
45152,500.0
45153,500.0
45154,500.0
45155,500.0
45156,500.0
45157,500.0
45158,500.0
45159,500.0
45160,500.0
45161,500.0
45162,500.0
45163,500.0
45164,500.0
45165,500.0
45166,500.0
45167,500.0
45168,500.0
45169,500.0
45170,500.0
45171,500.0
45172,500.0
45173,500.0
45174,500.0
45175,500.0
45176,500.0
45177,500.0
45178,500.0
45179,500.0
45180,500.0
45181,500.0
45182,500.0
45183,500.0
45184,500.0
45185,500.0
45186,500.0
45187,500.0
45188,500.0
45189,500.0
45190,500.0
45191,500.0
45192,500.0
45193,500.0
45194,500.0
45195,500.0
45196,500.0
45197,500.0
45198,500.0
45199,500.0
45200,500.0
45201,500.0
45202,500.0
45203,500.0
45204,500.0
45205,500.0
45206,500.0
45207,500.0
45208,500.0
45209,500.0
45210,500.0
45211,500.0
45212,500.0
45213,500.0
45214,500.0
45215,500.0
45216,500.0
45217,500.0
45218,500.0
45219,500.0
45220,500.0
45221,500.0
45222,500.0
45223,500.0
45224,500.0
45225,500.0
45226,500.0
45227,500.0
45228,500.0
45229,500.0
45230,500.0
45231,500.0
45232,500.0
45233,500.0
45234,500.0
45235,500.0
45236,500.0
45237,500.0
45238,500.0
45239,500.0
45240,500.0
45241,500.0
45242,500.0
45243,500.0
45244,500.0
45245,500.0
45246,500.0
45247,500.0
45248,500.0
45249,500.0
45250,500.0
45251,500.0
45252,500.0
45253,500.0
45254,500.0
45255,500.0
45256,500.0
45257,500.0
45258,500.0
45259,500.0
45260,500.0
45261,500.0
45262,500.0
45263,500.0
45264,500.0
45265,500.0
45266,500.0
45267,500.0
45268,500.0
45269,500.0
45270,500.0
45271,500.0
45272,500.0
45273,500.0
45274,500.0
45275,500.0
45276,500.0
45277,500.0
45278,500.0
45279,500.0
45280,500.0
45281,500.0
45282,500.0
45283,500.0
45284,500.0
45285,500.0
45286,500.0
45287,500.0
45288,500.0
45289,500.0
45290,500.0
45291,500.0
45292,500.0
45293,500.0
45294,500.0
45295,500.0
45296,500.0
45297,500.0
45298,500.0
45299,500.0
45300,500.0
45301,500.0
45302,500.0
45303,500.0
45304,500.0
45305,500.0
45306,500.0
45307,500.0
45308,500.0
45309,500.0
45310,500.0
45311,500.0
45312,500.0
45313,500.0
45314,500.0
45315,500.0
45316,500.0
45317,500.0
45318,500.0
45319,500.0
45320,500.0
45321,500.0
45322,500.0
45323,500.0
45324,500.0
45325,500.0
45326,500.0
45327,500.0
45328,500.0
45329,500.0
45330,500.0
45331,500.0
45332,500.0
45333,500.0
45334,500.0
45335,500.0
45336,500.0
45337,500.0
45338,500.0
45339,500.0
45340,500.0
45341,500.0
45342,500.0
45343,500.0
45344,500.0
45345,500.0
45346,500.0
45347,500.0
45348,500.0
45349,500.0
45350,500.0
45351,500.0
45352,500.0
45353,500.0
45354,500.0
45355,500.0
45356,500.0
45357,500.0
45358,500.0
45359,500.0
45360,500.0
45361,500.0
45362,500.0
45363,500.0
45364,500.0
45365,500.0
45366,500.0
45367,500.0
45368,500.0
45369,500.0
45370,500.0
45371,500.0
45372,500.0
45373,500.0
45374,500.0
45375,500.0
45376,500.0
45377,500.0
45378,500.0
45379,500.0
45380,500.0
45381,500.0
45382,500.0
45383,500.0
45384,500.0
45385,500.0
45386,500.0
45387,500.0
45388,500.0
45389,500.0
45390,500.0
45391,500.0
45392,500.0
45393,500.0
45394,500.0
45395,500.0
45396,500.0
45397,500.0
45398,500.0
45399,500.0
45400,500.0
45401,500.0
45402,500.0
45403,500.0
45404,500.0
45405,500.0
45406,500.0
45407,500.0
45408,500.0
45409,500.0
45410,500.0
45411,500.0
45412,500.0
45413,500.0
45414,500.0
45415,500.0
45416,500.0
45417,500.0
45418,500.0
45419,500.0
45420,500.0
45421,500.0
45422,500.0
45423,500.0
45424,500.0
45425,500.0
45426,500.0
45427,500.0
45428,500.0
45429,500.0
45430,500.0
45431,500.0
45432,500.0
45433,500.0
45434,500.0
45435,500.0
45436,500.0
45437,500.0
45438,500.0
45439,500.0
45440,500.0
45441,500.0
45442,500.0
45443,500.0
45444,500.0
45445,500.0
45446,500.0
45447,500.0
45448,500.0
45449,500.0
45450,500.0
45451,500.0
45452,500.0
45453,500.0
45454,500.0
45455,500.0
45456,500.0
45457,500.0
45458,500.0
45459,500.0
45460,500.0
45461,500.0
45462,500.0
45463,500.0
45464,500.0
45465,500.0
45466,500.0
45467,500.0
45468,500.0
45469,500.0
45470,500.0
45471,500.0
45472,500.0
45473,500.0
45474,500.0
45475,500.0
45476,500.0
45477,500.0
45478,500.0
45479,500.0
45480,500.0
45481,500.0
45482,500.0
45483,500.0
45484,500.0
45485,500.0
45486,500.0
45487,500.0
45488,500.0
45489,500.0
45490,500.0
45491,500.0
45492,500.0
45493,500.0
45494,500.0
45495,500.0
45496,500.0
45497,500.0
45498,500.0
45499,500.0
45500,500.0
45501,500.0
45502,500.0
45503,500.0
45504,500.0
45505,500.0
45506,500.0
45507,500.0
45508,500.0
45509,500.0
45510,500.0
45511,500.0
45512,500.0
45513,500.0
45514,500.0
45515,500.0
45516,500.0
45517,500.0
45518,500.0
45519,500.0
45520,500.0
45521,500.0
45522,500.0
45523,500.0
45524,500.0
45525,500.0
45526,500.0
45527,500.0
45528,500.0
45529,500.0
45530,500.0
45531,500.0
45532,500.0
45533,500.0
45534,500.0
45535,500.0
45536,500.0
45537,500.0
45538,500.0
45539,500.0
45540,500.0
45541,500.0
45542,500.0
45543,500.0
45544,500.0
45545,500.0
45546,500.0
45547,500.0
45548,500.0
45549,500.0
45550,500.0
45551,500.0
45552,500.0
45553,500.0
45554,500.0
45555,500.0
45556,500.0
45557,500.0
45558,500.0
45559,500.0
45560,500.0
45561,500.0
45562,500.0
45563,500.0
45564,500.0
45565,500.0
45566,500.0
45567,500.0
45568,500.0
45569,500.0
45570,500.0
45571,500.0
45572,500.0
45573,500.0
45574,500.0
45575,500.0
45576,500.0
45577,500.0
45578,500.0
45579,500.0
45580,500.0
45581,500.0
45582,500.0
45583,500.0
45584,500.0
45585,500.0
45586,500.0
45587,500.0
45588,500.0
45589,500.0
45590,500.0
45591,500.0
45592,500.0
45593,500.0
45594,500.0
45595,500.0
45596,500.0
45597,500.0
45598,500.0
45599,500.0
45600,500.0
45601,500.0
45602,500.0
45603,500.0
45604,500.0
45605,500.0
45606,500.0
45607,500.0
45608,500.0
45609,500.0
45610,500.0
45611,500.0
45612,500.0
45613,500.0
45614,500.0
45615,500.0
45616,500.0
45617,500.0
45618,500.0
45619,500.0
45620,500.0
45621,500.0
45622,500.0
45623,500.0
45624,500.0
45625,500.0
45626,500.0
45627,500.0
45628,500.0
45629,500.0
45630,500.0
45631,500.0
45632,500.0
45633,500.0
45634,500.0
45635,500.0
45636,500.0
45637,500.0
45638,500.0
45639,500.0
45640,500.0
45641,500.0
45642,500.0
45643,500.0
45644,500.0
45645,500.0
45646,500.0
45647,500.0
45648,500.0
45649,500.0
45650,500.0
45651,500.0
45652,500.0
45653,500.0
45654,500.0
45655,500.0
45656,500.0
45657,500.0
45658,500.0
45659,500.0
45660,500.0
45661,500.0
45662,500.0
45663,500.0
45664,500.0
45665,500.0
45666,500.0
45667,500.0
45668,500.0
45669,500.0
45670,500.0
45671,500.0
45672,500.0
45673,500.0
45674,500.0
45675,500.0
45676,500.0
45677,500.0
45678,500.0
45679,500.0
45680,500.0
45681,500.0
45682,500.0
45683,500.0
45684,500.0
45685,500.0
45686,500.0
45687,500.0
45688,500.0
45689,500.0
45690,500.0
45691,500.0
45692,500.0
45693,500.0
45694,500.0
45695,500.0
45696,500.0
45697,500.0
45698,500.0
45699,500.0
45700,500.0
45701,500.0
45702,500.0
45703,500.0
45704,500.0
45705,500.0
45706,500.0
45707,500.0
45708,500.0
45709,500.0
45710,500.0
45711,500.0
45712,500.0
45713,500.0
45714,500.0
45715,500.0
45716,500.0
45717,500.0
45718,500.0
45719,500.0
45720,500.0
45721,500.0
45722,500.0
45723,500.0
45724,500.0
45725,500.0
45726,500.0
45727,500.0
45728,500.0
45729,500.0
45730,500.0
45731,500.0
45732,500.0
45733,500.0
45734,500.0
45735,500.0
45736,500.0
45737,500.0
45738,500.0
45739,500.0
45740,500.0
45741,500.0
45742,500.0
45743,500.0
45744,500.0
45745,500.0
45746,500.0
45747,500.0
45748,500.0
45749,500.0
45750,500.0
45751,500.0
45752,500.0
45753,500.0
45754,500.0
45755,500.0
45756,500.0
45757,500.0
45758,500.0
45759,500.0
45760,500.0
45761,500.0
45762,500.0
45763,500.0
45764,500.0
45765,500.0
45766,500.0
45767,500.0
45768,500.0
45769,500.0
45770,500.0
45771,500.0
45772,500.0
45773,500.0
45774,500.0
45775,500.0
45776,500.0
45777,500.0
45778,500.0
45779,500.0
45780,500.0
45781,500.0
45782,500.0
45783,500.0
45784,500.0
45785,500.0
45786,500.0
45787,500.0
45788,500.0
45789,500.0
45790,500.0
45791,500.0
45792,500.0
45793,500.0
45794,500.0
45795,500.0
45796,500.0
45797,500.0
45798,500.0
45799,500.0
45800,500.0
45801,500.0
45802,500.0
45803,500.0
45804,500.0
45805,500.0
45806,500.0
45807,500.0
45808,500.0
45809,500.0
45810,500.0
45811,500.0
45812,500.0
45813,500.0
45814,500.0
45815,500.0
45816,500.0
45817,500.0
45818,500.0
45819,500.0
45820,500.0
45821,500.0
45822,500.0
45823,500.0
45824,500.0
45825,500.0
45826,500.0
45827,500.0
45828,500.0
45829,500.0
45830,500.0
45831,500.0
45832,500.0
45833,500.0
45834,500.0
45835,500.0
45836,500.0
45837,500.0
45838,500.0
45839,500.0
45840,500.0
45841,500.0
45842,500.0
45843,500.0
45844,500.0
45845,500.0
45846,500.0
45847,500.0
45848,500.0
45849,500.0
45850,500.0
45851,500.0
45852,500.0
45853,500.0
45854,500.0
45855,500.0
45856,500.0
45857,500.0
45858,500.0
45859,500.0
45860,500.0
45861,500.0
45862,500.0
45863,500.0
45864,500.0
45865,500.0
45866,500.0
45867,500.0
45868,500.0
45869,500.0
45870,500.0
45871,500.0
45872,500.0
45873,500.0
45874,500.0
45875,500.0
45876,500.0
45877,500.0
45878,500.0
45879,500.0
45880,500.0
45881,500.0
45882,500.0
45883,500.0
45884,500.0
45885,500.0
45886,500.0
45887,500.0
45888,500.0
45889,500.0
45890,500.0
45891,500.0
45892,500.0
45893,500.0
45894,500.0
45895,500.0
45896,500.0
45897,500.0
45898,500.0
45899,500.0
45900,500.0
45901,500.0
45902,500.0
45903,500.0
45904,500.0
45905,500.0
45906,500.0
45907,500.0
45908,500.0
45909,500.0
45910,500.0
45911,500.0
45912,500.0
45913,500.0
45914,500.0
45915,500.0
45916,500.0
45917,500.0
45918,500.0
45919,500.0
45920,500.0
45921,500.0
45922,500.0
45923,500.0
45924,500.0
45925,500.0
45926,500.0
45927,500.0
45928,500.0
45929,500.0
45930,500.0
45931,500.0
45932,500.0
45933,500.0
45934,500.0
45935,500.0
45936,500.0
45937,500.0
45938,500.0
45939,500.0
45940,500.0
45941,500.0
45942,500.0
45943,500.0
45944,500.0
45945,500.0
45946,500.0
45947,500.0
45948,500.0
45949,500.0
45950,500.0
45951,500.0
45952,500.0
45953,500.0
45954,500.0
45955,500.0
45956,500.0
45957,500.0
45958,500.0
45959,500.0
45960,500.0
45961,500.0
45962,500.0
45963,500.0
45964,500.0
45965,500.0
45966,500.0
45967,500.0
45968,500.0
45969,500.0
45970,500.0
45971,500.0
45972,500.0
45973,500.0
45974,500.0
45975,500.0
45976,500.0
45977,500.0
45978,500.0
45979,500.0
45980,500.0
45981,500.0
45982,500.0
45983,500.0
45984,500.0
45985,500.0
45986,500.0
45987,500.0
45988,500.0
45989,500.0
45990,500.0
45991,500.0
45992,500.0
45993,500.0
45994,500.0
45995,500.0
45996,500.0
45997,500.0
45998,500.0
45999,500.0
46000,500.0
46001,500.0
46002,500.0
46003,500.0
46004,500.0
46005,500.0
46006,500.0
46007,500.0
46008,500.0
46009,500.0
46010,500.0
46011,500.0
46012,500.0
46013,500.0
46014,500.0
46015,500.0
46016,500.0
46017,500.0
46018,500.0
46019,500.0
46020,500.0
46021,500.0
46022,500.0
46023,500.0
46024,500.0
46025,500.0
46026,500.0
46027,500.0
46028,500.0
46029,500.0
46030,500.0
46031,500.0
46032,500.0
46033,500.0
46034,500.0
46035,500.0
46036,500.0
46037,500.0
46038,500.0
46039,500.0
46040,500.0
46041,500.0
46042,500.0
46043,500.0
46044,500.0
46045,500.0
46046,500.0
46047,500.0
46048,500.0
46049,500.0
46050,500.0
46051,500.0
46052,500.0
46053,500.0
46054,500.0
46055,500.0
46056,500.0
46057,500.0
46058,500.0
46059,500.0
46060,500.0
46061,500.0
46062,500.0
46063,500.0
46064,500.0
46065,500.0
46066,500.0
46067,500.0
46068,500.0
46069,500.0
46070,500.0
46071,500.0
46072,500.0
46073,500.0
46074,500.0
46075,500.0
46076,500.0
46077,500.0
46078,500.0
46079,500.0
46080,500.0
46081,500.0
46082,500.0
46083,500.0
46084,500.0
46085,500.0
46086,500.0
46087,500.0
46088,500.0
46089,500.0
46090,500.0
46091,500.0
46092,500.0
46093,500.0
46094,500.0
46095,500.0
46096,500.0
46097,500.0
46098,500.0
46099,500.0
46100,500.0
46101,500.0
46102,500.0
46103,500.0
46104,500.0
46105,500.0
46106,500.0
46107,500.0
46108,500.0
46109,500.0
46110,500.0
46111,500.0
46112,500.0
46113,500.0
46114,500.0
46115,500.0
46116,500.0
46117,500.0
46118,500.0
46119,500.0
46120,500.0
46121,500.0
46122,500.0
46123,500.0
46124,500.0
46125,500.0
46126,500.0
46127,500.0
46128,500.0
46129,500.0
46130,500.0
46131,500.0
46132,500.0
46133,500.0
46134,500.0
46135,500.0
46136,500.0
46137,500.0
46138,500.0
46139,500.0
46140,500.0
46141,500.0
46142,500.0
46143,500.0
46144,500.0
46145,500.0
46146,500.0
46147,500.0
46148,500.0
46149,500.0
46150,500.0
46151,500.0
46152,500.0
46153,500.0
46154,500.0
46155,500.0
46156,500.0
46157,500.0
46158,500.0
46159,500.0
46160,500.0
46161,500.0
46162,500.0
46163,500.0
46164,500.0
46165,500.0
46166,500.0
46167,500.0
46168,500.0
46169,500.0
46170,500.0
46171,500.0
46172,500.0
46173,500.0
46174,500.0
46175,500.0
46176,500.0
46177,500.0
46178,500.0
46179,500.0
46180,500.0
46181,500.0
46182,500.0
46183,500.0
46184,500.0
46185,500.0
46186,500.0
46187,500.0
46188,500.0
46189,500.0
46190,500.0
46191,500.0
46192,500.0
46193,500.0
46194,500.0
46195,500.0
46196,500.0
46197,500.0
46198,500.0
46199,500.0
46200,500.0
46201,500.0
46202,500.0
46203,500.0
46204,500.0
46205,500.0
46206,500.0
46207,500.0
46208,500.0
46209,500.0
46210,500.0
46211,500.0
46212,500.0
46213,500.0
46214,500.0
46215,500.0
46216,500.0
46217,500.0
46218,500.0
46219,500.0
46220,500.0
46221,500.0
46222,500.0
46223,500.0
46224,500.0
46225,500.0
46226,500.0
46227,500.0
46228,500.0
46229,500.0
46230,500.0
46231,500.0
46232,500.0
46233,500.0
46234,500.0
46235,500.0
46236,500.0
46237,500.0
46238,500.0
46239,500.0
46240,500.0
46241,500.0
46242,500.0
46243,500.0
46244,500.0
46245,500.0
46246,500.0
46247,500.0
46248,500.0
46249,500.0
46250,500.0
46251,500.0
46252,500.0
46253,500.0
46254,500.0
46255,500.0
46256,500.0
46257,500.0
46258,500.0
46259,500.0
46260,500.0
46261,500.0
46262,500.0
46263,500.0
46264,500.0
46265,500.0
46266,500.0
46267,500.0
46268,500.0
46269,500.0
46270,500.0
46271,500.0
46272,500.0
46273,500.0
46274,500.0
46275,500.0
46276,500.0
46277,500.0
46278,500.0
46279,500.0
46280,500.0
46281,500.0
46282,500.0
46283,500.0
46284,500.0
46285,500.0
46286,500.0
46287,500.0
46288,500.0
46289,500.0
46290,500.0
46291,500.0
46292,500.0
46293,500.0
46294,500.0
46295,500.0
46296,500.0
46297,500.0
46298,500.0
46299,500.0
46300,500.0
46301,500.0
46302,500.0
46303,500.0
46304,500.0
46305,500.0
46306,500.0
46307,500.0
46308,500.0
46309,500.0
46310,500.0
46311,500.0
46312,500.0
46313,500.0
46314,500.0
46315,500.0
46316,500.0
46317,500.0
46318,500.0
46319,500.0
46320,500.0
46321,500.0
46322,500.0
46323,500.0
46324,500.0
46325,500.0
46326,500.0
46327,500.0
46328,500.0
46329,500.0
46330,500.0
46331,500.0
46332,500.0
46333,500.0
46334,500.0
46335,500.0
46336,500.0
46337,500.0
46338,500.0
46339,500.0
46340,500.0
46341,500.0
46342,500.0
46343,500.0
46344,500.0
46345,500.0
46346,500.0
46347,500.0
46348,500.0
46349,500.0
46350,500.0
46351,500.0
46352,500.0
46353,500.0
46354,500.0
46355,500.0
46356,500.0
46357,500.0
46358,500.0
46359,500.0
46360,500.0
46361,500.0
46362,500.0
46363,500.0
46364,500.0
46365,500.0
46366,500.0
46367,500.0
46368,500.0
46369,500.0
46370,500.0
46371,500.0
46372,500.0
46373,500.0
46374,500.0
46375,500.0
46376,500.0
46377,500.0
46378,500.0
46379,500.0
46380,500.0
46381,500.0
46382,500.0
46383,500.0
46384,500.0
46385,500.0
46386,500.0
46387,500.0
46388,500.0
46389,500.0
46390,500.0
46391,500.0
46392,500.0
46393,500.0
46394,500.0
46395,500.0
46396,500.0
46397,500.0
46398,500.0
46399,500.0
46400,500.0
46401,500.0
46402,500.0
46403,500.0
46404,500.0
46405,500.0
46406,500.0
46407,500.0
46408,500.0
46409,500.0
46410,500.0
46411,500.0
46412,500.0
46413,500.0
46414,500.0
46415,500.0
46416,500.0
46417,500.0
46418,500.0
46419,500.0
46420,500.0
46421,500.0
46422,500.0
46423,500.0
46424,500.0
46425,500.0
46426,500.0
46427,500.0
46428,500.0
46429,500.0
46430,500.0
46431,500.0
46432,500.0
46433,500.0
46434,500.0
46435,500.0
46436,500.0
46437,500.0
46438,500.0
46439,500.0
46440,500.0
46441,500.0
46442,500.0
46443,500.0
46444,500.0
46445,500.0
46446,500.0
46447,500.0
46448,500.0
46449,500.0
46450,500.0
46451,500.0
46452,500.0
46453,500.0
46454,500.0
46455,500.0
46456,500.0
46457,500.0
46458,500.0
46459,500.0
46460,500.0
46461,500.0
46462,500.0
46463,500.0
46464,500.0
46465,500.0
46466,500.0
46467,500.0
46468,500.0
46469,500.0
46470,500.0
46471,500.0
46472,500.0
46473,500.0
46474,500.0
46475,500.0
46476,500.0
46477,500.0
46478,500.0
46479,500.0
46480,500.0
46481,500.0
46482,500.0
46483,500.0
46484,500.0
46485,500.0
46486,500.0
46487,500.0
46488,500.0
46489,500.0
46490,500.0
46491,500.0
46492,500.0
46493,500.0
46494,500.0
46495,500.0
46496,500.0
46497,500.0
46498,500.0
46499,500.0
46500,500.0
46501,500.0
46502,500.0
46503,500.0
46504,500.0
46505,500.0
46506,500.0
46507,500.0
46508,500.0
46509,500.0
46510,500.0
46511,500.0
46512,500.0
46513,500.0
46514,500.0
46515,500.0
46516,500.0
46517,500.0
46518,500.0
46519,500.0
46520,500.0
46521,500.0
46522,500.0
46523,500.0
46524,500.0
46525,500.0
46526,500.0
46527,500.0
46528,500.0
46529,500.0
46530,500.0
46531,500.0
46532,500.0
46533,500.0
46534,500.0
46535,500.0
46536,500.0
46537,500.0
46538,500.0
46539,500.0
46540,500.0
46541,500.0
46542,500.0
46543,500.0
46544,500.0
46545,500.0
46546,500.0
46547,500.0
46548,500.0
46549,500.0
46550,500.0
46551,500.0
46552,500.0
46553,500.0
46554,500.0
46555,500.0
46556,500.0
46557,500.0
46558,500.0
46559,500.0
46560,500.0
46561,500.0
46562,500.0
46563,500.0
46564,500.0
46565,500.0
46566,500.0
46567,500.0
46568,500.0
46569,500.0
46570,500.0
46571,500.0
46572,500.0
46573,500.0
46574,500.0
46575,500.0
46576,500.0
46577,500.0
46578,500.0
46579,500.0
46580,500.0
46581,500.0
46582,500.0
46583,500.0
46584,500.0
46585,500.0
46586,500.0
46587,500.0
46588,500.0
46589,500.0
46590,500.0
46591,500.0
46592,500.0
46593,500.0
46594,500.0
46595,500.0
46596,500.0
46597,500.0
46598,500.0
46599,500.0
46600,500.0
46601,500.0
46602,500.0
46603,500.0
46604,500.0
46605,500.0
46606,500.0
46607,500.0
46608,500.0
46609,500.0
46610,500.0
46611,500.0
46612,500.0
46613,500.0
46614,500.0
46615,500.0
46616,500.0
46617,500.0
46618,500.0
46619,500.0
46620,500.0
46621,500.0
46622,500.0
46623,500.0
46624,500.0
46625,500.0
46626,500.0
46627,500.0
46628,500.0
46629,500.0
46630,500.0
46631,500.0
46632,500.0
46633,500.0
46634,500.0
46635,500.0
46636,500.0
46637,500.0
46638,500.0
46639,500.0
46640,500.0
46641,500.0
46642,500.0
46643,500.0
46644,500.0
46645,500.0
46646,500.0
46647,500.0
46648,500.0
46649,500.0
46650,500.0
46651,500.0
46652,500.0
46653,500.0
46654,500.0
46655,500.0
46656,500.0
46657,500.0
46658,500.0
46659,500.0
46660,500.0
46661,500.0
46662,500.0
46663,500.0
46664,500.0
46665,500.0
46666,500.0
46667,500.0
46668,500.0
46669,500.0
46670,500.0
46671,500.0
46672,500.0
46673,500.0
46674,500.0
46675,500.0
46676,500.0
46677,500.0
46678,500.0
46679,500.0
46680,500.0
46681,500.0
46682,500.0
46683,500.0
46684,500.0
46685,500.0
46686,500.0
46687,500.0
46688,500.0
46689,500.0
46690,500.0
46691,500.0
46692,500.0
46693,500.0
46694,500.0
46695,500.0
46696,500.0
46697,500.0
46698,500.0
46699,500.0
46700,500.0
46701,500.0
46702,500.0
46703,500.0
46704,500.0
46705,500.0
46706,500.0
46707,500.0
46708,500.0
46709,500.0
46710,500.0
46711,500.0
46712,500.0
46713,500.0
46714,500.0
46715,500.0
46716,500.0
46717,500.0
46718,500.0
46719,500.0
46720,500.0
46721,500.0
46722,500.0
46723,500.0
46724,500.0
46725,500.0
46726,500.0
46727,500.0
46728,500.0
46729,500.0
46730,500.0
46731,500.0
46732,500.0
46733,500.0
46734,500.0
46735,500.0
46736,500.0
46737,500.0
46738,500.0
46739,500.0
46740,500.0
46741,500.0
46742,500.0
46743,500.0
46744,500.0
46745,500.0
46746,500.0
46747,500.0
46748,500.0
46749,500.0
46750,500.0
46751,500.0
46752,500.0
46753,500.0
46754,500.0
46755,500.0
46756,500.0
46757,500.0
46758,500.0
46759,500.0
46760,500.0
46761,500.0
46762,500.0
46763,500.0
46764,500.0
46765,500.0
46766,500.0
46767,500.0
46768,500.0
46769,500.0
46770,500.0
46771,500.0
46772,500.0
46773,500.0
46774,500.0
46775,500.0
46776,500.0
46777,500.0
46778,500.0
46779,500.0
46780,500.0
46781,500.0
46782,500.0
46783,500.0
46784,500.0
46785,500.0
46786,500.0
46787,500.0
46788,500.0
46789,500.0
46790,500.0
46791,500.0
46792,500.0
46793,500.0
46794,500.0
46795,500.0
46796,500.0
46797,500.0
46798,500.0
46799,500.0
46800,500.0
46801,500.0
46802,500.0
46803,500.0
46804,500.0
46805,500.0
46806,500.0
46807,500.0
46808,500.0
46809,500.0
46810,500.0
46811,500.0
46812,500.0
46813,500.0
46814,500.0
46815,500.0
46816,500.0
46817,500.0
46818,500.0
46819,500.0
46820,500.0
46821,500.0
46822,500.0
46823,500.0
46824,500.0
46825,500.0
46826,500.0
46827,500.0
46828,500.0
46829,500.0
46830,500.0
46831,500.0
46832,500.0
46833,500.0
46834,500.0
46835,500.0
46836,500.0
46837,500.0
46838,500.0
46839,500.0
46840,500.0
46841,500.0
46842,500.0
46843,500.0
46844,500.0
46845,500.0
46846,500.0
46847,500.0
46848,500.0
46849,500.0
46850,500.0
46851,500.0
46852,500.0
46853,500.0
46854,500.0
46855,500.0
46856,500.0
46857,500.0
46858,500.0
46859,500.0
46860,500.0
46861,500.0
46862,500.0
46863,500.0
46864,500.0
46865,500.0
46866,500.0
46867,500.0
46868,500.0
46869,500.0
46870,500.0
46871,500.0
46872,500.0
46873,500.0
46874,500.0
46875,500.0
46876,500.0
46877,500.0
46878,500.0
46879,500.0
46880,500.0
46881,500.0
46882,500.0
46883,500.0
46884,500.0
46885,500.0
46886,500.0
46887,500.0
46888,500.0
46889,500.0
46890,500.0
46891,500.0
46892,500.0
46893,500.0
46894,500.0
46895,500.0
46896,500.0
46897,500.0
46898,500.0
46899,500.0
46900,500.0
46901,500.0
46902,500.0
46903,500.0
46904,500.0
46905,500.0
46906,500.0
46907,500.0
46908,500.0
46909,500.0
46910,500.0
46911,500.0
46912,500.0
46913,500.0
46914,500.0
46915,500.0
46916,500.0
46917,500.0
46918,500.0
46919,500.0
46920,500.0
46921,500.0
46922,500.0
46923,500.0
46924,500.0
46925,500.0
46926,500.0
46927,500.0
46928,500.0
46929,500.0
46930,500.0
46931,500.0
46932,500.0
46933,500.0
46934,500.0
46935,500.0
46936,500.0
46937,500.0
46938,500.0
46939,500.0
46940,500.0
46941,500.0
46942,500.0
46943,500.0
46944,500.0
46945,500.0
46946,500.0
46947,500.0
46948,500.0
46949,500.0
46950,500.0
46951,500.0
46952,500.0
46953,500.0
46954,500.0
46955,500.0
46956,500.0
46957,500.0
46958,500.0
46959,500.0
46960,500.0
46961,500.0
46962,500.0
46963,500.0
46964,500.0
46965,500.0
46966,500.0
46967,500.0
46968,500.0
46969,500.0
46970,500.0
46971,500.0
46972,500.0
46973,500.0
46974,500.0
46975,500.0
46976,500.0
46977,500.0
46978,500.0
46979,500.0
46980,500.0
46981,500.0
46982,500.0
46983,500.0
46984,500.0
46985,500.0
46986,500.0
46987,500.0
46988,500.0
46989,500.0
46990,500.0
46991,500.0
46992,500.0
46993,500.0
46994,500.0
46995,500.0
46996,500.0
46997,500.0
46998,500.0
46999,500.0
47000,500.0
47001,500.0
47002,500.0
47003,500.0
47004,500.0
47005,500.0
47006,500.0
47007,500.0
47008,500.0
47009,500.0
47010,500.0
47011,500.0
47012,500.0
47013,500.0
47014,500.0
47015,500.0
47016,500.0
47017,500.0
47018,500.0
47019,500.0
47020,500.0
47021,500.0
47022,500.0
47023,500.0
47024,500.0
47025,500.0
47026,500.0
47027,500.0
47028,500.0
47029,500.0
47030,500.0
47031,500.0
47032,500.0
47033,500.0
47034,500.0
47035,500.0
47036,500.0
47037,500.0
47038,500.0
47039,500.0
47040,500.0
47041,500.0
47042,500.0
47043,500.0
47044,500.0
47045,500.0
47046,500.0
47047,500.0
47048,500.0
47049,500.0
47050,500.0
47051,500.0
47052,500.0
47053,500.0
47054,500.0
47055,500.0
47056,500.0
47057,500.0
47058,500.0
47059,500.0
47060,500.0
47061,500.0
47062,500.0
47063,500.0
47064,500.0
47065,500.0
47066,500.0
47067,500.0
47068,500.0
47069,500.0
47070,500.0
47071,500.0
47072,500.0
47073,500.0
47074,500.0
47075,500.0
47076,500.0
47077,500.0
47078,500.0
47079,500.0
47080,500.0
47081,500.0
47082,500.0
47083,500.0
47084,500.0
47085,500.0
47086,500.0
47087,500.0
47088,500.0
47089,500.0
47090,500.0
47091,500.0
47092,500.0
47093,500.0
47094,500.0
47095,500.0
47096,500.0
47097,500.0
47098,500.0
47099,500.0
47100,500.0
47101,500.0
47102,500.0
47103,500.0
47104,500.0
47105,500.0
47106,500.0
47107,500.0
47108,500.0
47109,500.0
47110,500.0
47111,500.0
47112,500.0
47113,500.0
47114,500.0
47115,500.0
47116,500.0
47117,500.0
47118,500.0
47119,500.0
47120,500.0
47121,500.0
47122,500.0
47123,500.0
47124,500.0
47125,500.0
47126,500.0
47127,500.0
47128,500.0
47129,500.0
47130,500.0
47131,500.0
47132,500.0
47133,500.0
47134,500.0
47135,500.0
47136,500.0
47137,500.0
47138,500.0
47139,500.0
47140,500.0
47141,500.0
47142,500.0
47143,500.0
47144,500.0
47145,500.0
47146,500.0
47147,500.0
47148,500.0
47149,500.0
47150,500.0
47151,500.0
47152,500.0
47153,500.0
47154,500.0
47155,500.0
47156,500.0
47157,500.0
47158,500.0
47159,500.0
47160,500.0
47161,500.0
47162,500.0
47163,500.0
47164,500.0
47165,500.0
47166,500.0
47167,500.0
47168,500.0
47169,500.0
47170,500.0
47171,500.0
47172,500.0
47173,500.0
47174,500.0
47175,500.0
47176,500.0
47177,500.0
47178,500.0
47179,500.0
47180,500.0
47181,500.0
47182,500.0
47183,500.0
47184,500.0
47185,500.0
47186,500.0
47187,500.0
47188,500.0
47189,500.0
47190,500.0
47191,500.0
47192,500.0
47193,500.0
47194,500.0
47195,500.0
47196,500.0
47197,500.0
47198,500.0
47199,500.0
47200,500.0
47201,500.0
47202,500.0
47203,500.0
47204,500.0
47205,500.0
47206,500.0
47207,500.0
47208,500.0
47209,500.0
47210,500.0
47211,500.0
47212,500.0
47213,500.0
47214,500.0
47215,500.0
47216,500.0
47217,500.0
47218,500.0
47219,500.0
47220,500.0
47221,500.0
47222,500.0
47223,500.0
47224,500.0
47225,500.0
47226,500.0
47227,500.0
47228,500.0
47229,500.0
47230,500.0
47231,500.0
47232,500.0
47233,500.0
47234,500.0
47235,500.0
47236,500.0
47237,500.0
47238,500.0
47239,500.0
47240,500.0
47241,500.0
47242,500.0
47243,500.0
47244,500.0
47245,500.0
47246,500.0
47247,500.0
47248,500.0
47249,500.0
47250,500.0
47251,500.0
47252,500.0
47253,500.0
47254,500.0
47255,500.0
47256,500.0
47257,500.0
47258,500.0
47259,500.0
47260,500.0
47261,500.0
47262,500.0
47263,500.0
47264,500.0
47265,500.0
47266,500.0
47267,500.0
47268,500.0
47269,500.0
47270,500.0
47271,500.0
47272,500.0
47273,500.0
47274,500.0
47275,500.0
47276,500.0
47277,500.0
47278,500.0
47279,500.0
47280,500.0
47281,500.0
47282,500.0
47283,500.0
47284,500.0
47285,500.0
47286,500.0
47287,500.0
47288,500.0
47289,500.0
47290,500.0
47291,500.0
47292,500.0
47293,500.0
47294,500.0
47295,500.0
47296,500.0
47297,500.0
47298,500.0
47299,500.0
47300,500.0
47301,500.0
47302,500.0
47303,500.0
47304,500.0
47305,500.0
47306,500.0
47307,500.0
47308,500.0
47309,500.0
47310,500.0
47311,500.0
47312,500.0
47313,500.0
47314,500.0
47315,500.0
47316,500.0
47317,500.0
47318,500.0
47319,500.0
47320,500.0
47321,500.0
47322,500.0
47323,500.0
47324,500.0
47325,500.0
47326,500.0
47327,500.0
47328,500.0
47329,500.0
47330,500.0
47331,500.0
47332,500.0
47333,500.0
47334,500.0
47335,500.0
47336,500.0
47337,500.0
47338,500.0
47339,500.0
47340,500.0
47341,500.0
47342,500.0
47343,500.0
47344,500.0
47345,500.0
47346,500.0
47347,500.0
47348,500.0
47349,500.0
47350,500.0
47351,500.0
47352,500.0
47353,500.0
47354,500.0
47355,500.0
47356,500.0
47357,500.0
47358,500.0
47359,500.0
47360,500.0
47361,500.0
47362,500.0
47363,500.0
47364,500.0
47365,500.0
47366,500.0
47367,500.0
47368,500.0
47369,500.0
47370,500.0
47371,500.0
47372,500.0
47373,500.0
47374,500.0
47375,500.0
47376,500.0
47377,500.0
47378,500.0
47379,500.0
47380,500.0
47381,500.0
47382,500.0
47383,500.0
47384,500.0
47385,500.0
47386,500.0
47387,500.0
47388,500.0
47389,500.0
47390,500.0
47391,500.0
47392,500.0
47393,500.0
47394,500.0
47395,500.0
47396,500.0
47397,500.0
47398,500.0
47399,500.0
47400,500.0
47401,500.0
47402,500.0
47403,500.0
47404,500.0
47405,500.0
47406,500.0
47407,500.0
47408,500.0
47409,500.0
47410,500.0
47411,500.0
47412,500.0
47413,500.0
47414,500.0
47415,500.0
47416,500.0
47417,500.0
47418,500.0
47419,500.0
47420,500.0
47421,500.0
47422,500.0
47423,500.0
47424,500.0
47425,500.0
47426,500.0
47427,500.0
47428,500.0
47429,500.0
47430,500.0
47431,500.0
47432,500.0
47433,500.0
47434,500.0
47435,500.0
47436,500.0
47437,500.0
47438,500.0
47439,500.0
47440,500.0
47441,500.0
47442,500.0
47443,500.0
47444,500.0
47445,500.0
47446,500.0
47447,500.0
47448,500.0
47449,500.0
47450,500.0
47451,500.0
47452,500.0
47453,500.0
47454,500.0
47455,500.0
47456,500.0
47457,500.0
47458,500.0
47459,500.0
47460,500.0
47461,500.0
47462,500.0
47463,500.0
47464,500.0
47465,500.0
47466,500.0
47467,500.0
47468,500.0
47469,500.0
47470,500.0
47471,500.0
47472,500.0
47473,500.0
47474,500.0
47475,500.0
47476,500.0
47477,500.0
47478,500.0
47479,500.0
47480,500.0
47481,500.0
47482,500.0
47483,500.0
47484,500.0
47485,500.0
47486,500.0
47487,500.0
47488,500.0
47489,500.0
47490,500.0
47491,500.0
47492,500.0
47493,500.0
47494,500.0
47495,500.0
47496,500.0
47497,500.0
47498,500.0
47499,500.0
47500,500.0
47501,500.0
47502,500.0
47503,500.0
47504,500.0
47505,500.0
47506,500.0
47507,500.0
47508,500.0
47509,500.0
47510,500.0
47511,500.0
47512,500.0
47513,500.0
47514,500.0
47515,500.0
47516,500.0
47517,500.0
47518,500.0
47519,500.0
47520,500.0
47521,500.0
47522,500.0
47523,500.0
47524,500.0
47525,500.0
47526,500.0
47527,500.0
47528,500.0
47529,500.0
47530,500.0
47531,500.0
47532,500.0
47533,500.0
47534,500.0
47535,500.0
47536,500.0
47537,500.0
47538,500.0
47539,500.0
47540,500.0
47541,500.0
47542,500.0
47543,500.0
47544,500.0
47545,500.0
47546,500.0
47547,500.0
47548,500.0
47549,500.0
47550,500.0
47551,500.0
47552,500.0
47553,500.0
47554,500.0
47555,500.0
47556,500.0
47557,500.0
47558,500.0
47559,500.0
47560,500.0
47561,500.0
47562,500.0
47563,500.0
47564,500.0
47565,500.0
47566,500.0
47567,500.0
47568,500.0
47569,500.0
47570,500.0
47571,500.0
47572,500.0
47573,500.0
47574,500.0
47575,500.0
47576,500.0
47577,500.0
47578,500.0
47579,500.0
47580,500.0
47581,500.0
47582,500.0
47583,500.0
47584,500.0
47585,500.0
47586,500.0
47587,500.0
47588,500.0
47589,500.0
47590,500.0
47591,500.0
47592,500.0
47593,500.0
47594,500.0
47595,500.0
47596,500.0
47597,500.0
47598,500.0
47599,500.0
47600,500.0
47601,500.0
47602,500.0
47603,500.0
47604,500.0
47605,500.0
47606,500.0
47607,500.0
47608,500.0
47609,500.0
47610,500.0
47611,500.0
47612,500.0
47613,500.0
47614,500.0
47615,500.0
47616,500.0
47617,500.0
47618,500.0
47619,500.0
47620,500.0
47621,500.0
47622,500.0
47623,500.0
47624,500.0
47625,500.0
47626,500.0
47627,500.0
47628,500.0
47629,500.0
47630,500.0
47631,500.0
47632,500.0
47633,500.0
47634,500.0
47635,500.0
47636,500.0
47637,500.0
47638,500.0
47639,500.0
47640,500.0
47641,500.0
47642,500.0
47643,500.0
47644,500.0
47645,500.0
47646,500.0
47647,500.0
47648,500.0
47649,500.0
47650,500.0
47651,500.0
47652,500.0
47653,500.0
47654,500.0
47655,500.0
47656,500.0
47657,500.0
47658,500.0
47659,500.0
47660,500.0
47661,500.0
47662,500.0
47663,500.0
47664,500.0
47665,500.0
47666,500.0
47667,500.0
47668,500.0
47669,500.0
47670,500.0
47671,500.0
47672,500.0
47673,500.0
47674,500.0
47675,500.0
47676,500.0
47677,500.0
47678,500.0
47679,500.0
47680,500.0
47681,500.0
47682,500.0
47683,500.0
47684,500.0
47685,500.0
47686,500.0
47687,500.0
47688,500.0
47689,500.0
47690,500.0
47691,500.0
47692,500.0
47693,500.0
47694,500.0
47695,500.0
47696,500.0
47697,500.0
47698,500.0
47699,500.0
47700,500.0
47701,500.0
47702,500.0
47703,500.0
47704,500.0
47705,500.0
47706,500.0
47707,500.0
47708,500.0
47709,500.0
47710,500.0
47711,500.0
47712,500.0
47713,500.0
47714,500.0
47715,500.0
47716,500.0
47717,500.0
47718,500.0
47719,500.0
47720,500.0
47721,500.0
47722,500.0
47723,500.0
47724,500.0
47725,500.0
47726,500.0
47727,500.0
47728,500.0
47729,500.0
47730,500.0
47731,500.0
47732,500.0
47733,500.0
47734,500.0
47735,500.0
47736,500.0
47737,500.0
47738,500.0
47739,500.0
47740,500.0
47741,500.0
47742,500.0
47743,500.0
47744,500.0
47745,500.0
47746,500.0
47747,500.0
47748,500.0
47749,500.0
47750,500.0
47751,500.0
47752,500.0
47753,500.0
47754,500.0
47755,500.0
47756,500.0
47757,500.0
47758,500.0
47759,500.0
47760,500.0
47761,500.0
47762,500.0
47763,500.0
47764,500.0
47765,500.0
47766,500.0
47767,500.0
47768,500.0
47769,500.0
47770,500.0
47771,500.0
47772,500.0
47773,500.0
47774,500.0
47775,500.0
47776,500.0
47777,500.0
47778,500.0
47779,500.0
47780,500.0
47781,500.0
47782,500.0
47783,500.0
47784,500.0
47785,500.0
47786,500.0
47787,500.0
47788,500.0
47789,500.0
47790,500.0
47791,500.0
47792,500.0
47793,500.0
47794,500.0
47795,500.0
47796,500.0
47797,500.0
47798,500.0
47799,500.0
47800,500.0
47801,500.0
47802,500.0
47803,500.0
47804,500.0
47805,500.0
47806,500.0
47807,500.0
47808,500.0
47809,500.0
47810,500.0
47811,500.0
47812,500.0
47813,500.0
47814,500.0
47815,500.0
47816,500.0
47817,500.0
47818,500.0
47819,500.0
47820,500.0
47821,500.0
47822,500.0
47823,500.0
47824,500.0
47825,500.0
47826,500.0
47827,500.0
47828,500.0
47829,500.0
47830,500.0
47831,500.0
47832,500.0
47833,500.0
47834,500.0
47835,500.0
47836,500.0
47837,500.0
47838,500.0
47839,500.0
47840,500.0
47841,500.0
47842,500.0
47843,500.0
47844,500.0
47845,500.0
47846,500.0
47847,500.0
47848,500.0
47849,500.0
47850,500.0
47851,500.0
47852,500.0
47853,500.0
47854,500.0
47855,500.0
47856,500.0
47857,500.0
47858,500.0
47859,500.0
47860,500.0
47861,500.0
47862,500.0
47863,500.0
47864,500.0
47865,500.0
47866,500.0
47867,500.0
47868,500.0
47869,500.0
47870,500.0
47871,500.0
47872,500.0
47873,500.0
47874,500.0
47875,500.0
47876,500.0
47877,500.0
47878,500.0
47879,500.0
47880,500.0
47881,500.0
47882,500.0
47883,500.0
47884,500.0
47885,500.0
47886,500.0
47887,500.0
47888,500.0
47889,500.0
47890,500.0
47891,500.0
47892,500.0
47893,500.0
47894,500.0
47895,500.0
47896,500.0
47897,500.0
47898,500.0
47899,500.0
47900,500.0
47901,500.0
47902,500.0
47903,500.0
47904,500.0
47905,500.0
47906,500.0
47907,500.0
47908,500.0
47909,500.0
47910,500.0
47911,500.0
47912,500.0
47913,500.0
47914,500.0
47915,500.0
47916,500.0
47917,500.0
47918,500.0
47919,500.0
47920,500.0
47921,500.0
47922,500.0
47923,500.0
47924,500.0
47925,500.0
47926,500.0
47927,500.0
47928,500.0
47929,500.0
47930,500.0
47931,500.0
47932,500.0
47933,500.0
47934,500.0
47935,500.0
47936,500.0
47937,500.0
47938,500.0
47939,500.0
47940,500.0
47941,500.0
47942,500.0
47943,500.0
47944,500.0
47945,500.0
47946,500.0
47947,500.0
47948,500.0
47949,500.0
47950,500.0
47951,500.0
47952,500.0
47953,500.0
47954,500.0
47955,500.0
47956,500.0
47957,500.0
47958,500.0
47959,500.0
47960,500.0
47961,500.0
47962,500.0
47963,500.0
47964,500.0
47965,500.0
47966,500.0
47967,500.0
47968,500.0
47969,500.0
47970,500.0
47971,500.0
47972,500.0
47973,500.0
47974,500.0
47975,500.0
47976,500.0
47977,500.0
47978,500.0
47979,500.0
47980,500.0
47981,500.0
47982,500.0
47983,500.0
47984,500.0
47985,500.0
47986,500.0
47987,500.0
47988,500.0
47989,500.0
47990,500.0
47991,500.0
47992,500.0
47993,500.0
47994,500.0
47995,500.0
47996,500.0
47997,500.0
47998,500.0
47999,500.0
48000,500.0
48001,500.0
48002,500.0
48003,500.0
48004,500.0
48005,500.0
48006,500.0
48007,500.0
48008,500.0
48009,500.0
48010,500.0
48011,500.0
48012,500.0
48013,500.0
48014,500.0
48015,500.0
48016,500.0
48017,500.0
48018,500.0
48019,500.0
48020,500.0
48021,500.0
48022,500.0
48023,500.0
48024,500.0
48025,500.0
48026,500.0
48027,500.0
48028,500.0
48029,500.0
48030,500.0
48031,500.0
48032,500.0
48033,500.0
48034,500.0
48035,500.0
48036,500.0
48037,500.0
48038,500.0
48039,500.0
48040,500.0
48041,500.0
48042,500.0
48043,500.0
48044,500.0
48045,500.0
48046,500.0
48047,500.0
48048,500.0
48049,500.0
48050,500.0
48051,500.0
48052,500.0
48053,500.0
48054,500.0
48055,500.0
48056,500.0
48057,500.0
48058,500.0
48059,500.0
48060,500.0
48061,500.0
48062,500.0
48063,500.0
48064,500.0
48065,500.0
48066,500.0
48067,500.0
48068,500.0
48069,500.0
48070,500.0
48071,500.0
48072,500.0
48073,500.0
48074,500.0
48075,500.0
48076,500.0
48077,500.0
48078,500.0
48079,500.0
48080,500.0
48081,500.0
48082,500.0
48083,500.0
48084,500.0
48085,500.0
48086,500.0
48087,500.0
48088,500.0
48089,500.0
48090,500.0
48091,500.0
48092,500.0
48093,500.0
48094,500.0
48095,500.0
48096,500.0
48097,500.0
48098,500.0
48099,500.0
48100,500.0
48101,500.0
48102,500.0
48103,500.0
48104,500.0
48105,500.0
48106,500.0
48107,500.0
48108,500.0
48109,500.0
48110,500.0
48111,500.0
48112,500.0
48113,500.0
48114,500.0
48115,500.0
48116,500.0
48117,500.0
48118,500.0
48119,500.0
48120,500.0
48121,500.0
48122,500.0
48123,500.0
48124,500.0
48125,500.0
48126,500.0
48127,500.0
48128,500.0
48129,500.0
48130,500.0
48131,500.0
48132,500.0
48133,500.0
48134,500.0
48135,500.0
48136,500.0
48137,500.0
48138,500.0
48139,500.0
48140,500.0
48141,500.0
48142,500.0
48143,500.0
48144,500.0
48145,500.0
48146,500.0
48147,500.0
48148,500.0
48149,500.0
48150,500.0
48151,500.0
48152,500.0
48153,500.0
48154,500.0
48155,500.0
48156,500.0
48157,500.0
48158,500.0
48159,500.0
48160,500.0
48161,500.0
48162,500.0
48163,500.0
48164,500.0
48165,500.0
48166,500.0
48167,500.0
48168,500.0
48169,500.0
48170,500.0
48171,500.0
48172,500.0
48173,500.0
48174,500.0
48175,500.0
48176,500.0
48177,500.0
48178,500.0
48179,500.0
48180,500.0
48181,500.0
48182,500.0
48183,500.0
48184,500.0
48185,500.0
48186,500.0
48187,500.0
48188,500.0
48189,500.0
48190,500.0
48191,500.0
48192,500.0
48193,500.0
48194,500.0
48195,500.0
48196,500.0
48197,500.0
48198,500.0
48199,500.0
48200,500.0
48201,500.0
48202,500.0
48203,500.0
48204,500.0
48205,500.0
48206,500.0
48207,500.0
48208,500.0
48209,500.0
48210,500.0
48211,500.0
48212,500.0
48213,500.0
48214,500.0
48215,500.0
48216,500.0
48217,500.0
48218,500.0
48219,500.0
48220,500.0
48221,500.0
48222,500.0
48223,500.0
48224,500.0
48225,500.0
48226,500.0
48227,500.0
48228,500.0
48229,500.0
48230,500.0
48231,500.0
48232,500.0
48233,500.0
48234,500.0
48235,500.0
48236,500.0
48237,500.0
48238,500.0
48239,500.0
48240,500.0
48241,500.0
48242,500.0
48243,500.0
48244,500.0
48245,500.0
48246,500.0
48247,500.0
48248,500.0
48249,500.0
48250,500.0
48251,500.0
48252,500.0
48253,500.0
48254,500.0
48255,500.0
48256,500.0
48257,500.0
48258,500.0
48259,500.0
48260,500.0
48261,500.0
48262,500.0
48263,500.0
48264,500.0
48265,500.0
48266,500.0
48267,500.0
48268,500.0
48269,500.0
48270,500.0
48271,500.0
48272,500.0
48273,500.0
48274,500.0
48275,500.0
48276,500.0
48277,500.0
48278,500.0
48279,500.0
48280,500.0
48281,500.0
48282,500.0
48283,500.0
48284,500.0
48285,500.0
48286,500.0
48287,500.0
48288,500.0
48289,500.0
48290,500.0
48291,500.0
48292,500.0
48293,500.0
48294,500.0
48295,500.0
48296,500.0
48297,500.0
48298,500.0
48299,500.0
48300,500.0
48301,500.0
48302,500.0
48303,500.0
48304,500.0
48305,500.0
48306,500.0
48307,500.0
48308,500.0
48309,500.0
48310,500.0
48311,500.0
48312,500.0
48313,500.0
48314,500.0
48315,500.0
48316,500.0
48317,500.0
48318,500.0
48319,500.0
48320,500.0
48321,500.0
48322,500.0
48323,500.0
48324,500.0
48325,500.0
48326,500.0
48327,500.0
48328,500.0
48329,500.0
48330,500.0
48331,500.0
48332,500.0
48333,500.0
48334,500.0
48335,500.0
48336,500.0
48337,500.0
48338,500.0
48339,500.0
48340,500.0
48341,500.0
48342,500.0
48343,500.0
48344,500.0
48345,500.0
48346,500.0
48347,500.0
48348,500.0
48349,500.0
48350,500.0
48351,500.0
48352,500.0
48353,500.0
48354,500.0
48355,500.0
48356,500.0
48357,500.0
48358,500.0
48359,500.0
48360,500.0
48361,500.0
48362,500.0
48363,500.0
48364,500.0
48365,500.0
48366,500.0
48367,500.0
48368,500.0
48369,500.0
48370,500.0
48371,500.0
48372,500.0
48373,500.0
48374,500.0
48375,500.0
48376,500.0
48377,500.0
48378,500.0
48379,500.0
48380,500.0
48381,500.0
48382,500.0
48383,500.0
48384,500.0
48385,500.0
48386,500.0
48387,500.0
48388,500.0
48389,500.0
48390,500.0
48391,500.0
48392,500.0
48393,500.0
48394,500.0
48395,500.0
48396,500.0
48397,500.0
48398,500.0
48399,500.0
48400,500.0
48401,500.0
48402,500.0
48403,500.0
48404,500.0
48405,500.0
48406,500.0
48407,500.0
48408,500.0
48409,500.0
48410,500.0
48411,500.0
48412,500.0
48413,500.0
48414,500.0
48415,500.0
48416,500.0
48417,500.0
48418,500.0
48419,500.0
48420,500.0
48421,500.0
48422,500.0
48423,500.0
48424,500.0
48425,500.0
48426,500.0
48427,500.0
48428,500.0
48429,500.0
48430,500.0
48431,500.0
48432,500.0
48433,500.0
48434,500.0
48435,500.0
48436,500.0
48437,500.0
48438,500.0
48439,500.0
48440,500.0
48441,500.0
48442,500.0
48443,500.0
48444,500.0
48445,500.0
48446,500.0
48447,500.0
48448,500.0
48449,500.0
48450,500.0
48451,500.0
48452,500.0
48453,500.0
48454,500.0
48455,500.0
48456,500.0
48457,500.0
48458,500.0
48459,500.0
48460,500.0
48461,500.0
48462,500.0
48463,500.0
48464,500.0
48465,500.0
48466,500.0
48467,500.0
48468,500.0
48469,500.0
48470,500.0
48471,500.0
48472,500.0
48473,500.0
48474,500.0
48475,500.0
48476,500.0
48477,500.0
48478,500.0
48479,500.0
48480,500.0
48481,500.0
48482,500.0
48483,500.0
48484,500.0
48485,500.0
48486,500.0
48487,500.0
48488,500.0
48489,500.0
48490,500.0
48491,500.0
48492,500.0
48493,500.0
48494,500.0
48495,500.0
48496,500.0
48497,500.0
48498,500.0
48499,500.0
48500,500.0
48501,500.0
48502,500.0
48503,500.0
48504,500.0
48505,500.0
48506,500.0
48507,500.0
48508,500.0
48509,500.0
48510,500.0
48511,500.0
48512,500.0
48513,500.0
48514,500.0
48515,500.0
48516,500.0
48517,500.0
48518,500.0
48519,500.0
48520,500.0
48521,500.0
48522,500.0
48523,500.0
48524,500.0
48525,500.0
48526,500.0
48527,500.0
48528,500.0
48529,500.0
48530,500.0
48531,500.0
48532,500.0
48533,500.0
48534,500.0
48535,500.0
48536,500.0
48537,500.0
48538,500.0
48539,500.0
48540,500.0
48541,500.0
48542,500.0
48543,500.0
48544,500.0
48545,500.0
48546,500.0
48547,500.0
48548,500.0
48549,500.0
48550,500.0
48551,500.0
48552,500.0
48553,500.0
48554,500.0
48555,500.0
48556,500.0
48557,500.0
48558,500.0
48559,500.0
48560,500.0
48561,500.0
48562,500.0
48563,500.0
48564,500.0
48565,500.0
48566,500.0
48567,500.0
48568,500.0
48569,500.0
48570,500.0
48571,500.0
48572,500.0
48573,500.0
48574,500.0
48575,500.0
48576,500.0
48577,500.0
48578,500.0
48579,500.0
48580,500.0
48581,500.0
48582,500.0
48583,500.0
48584,500.0
48585,500.0
48586,500.0
48587,500.0
48588,500.0
48589,500.0
48590,500.0
48591,500.0
48592,500.0
48593,500.0
48594,500.0
48595,500.0
48596,500.0
48597,500.0
48598,500.0
48599,500.0
48600,500.0
48601,500.0
48602,500.0
48603,500.0
48604,500.0
48605,500.0
48606,500.0
48607,500.0
48608,500.0
48609,500.0
48610,500.0
48611,500.0
48612,500.0
48613,500.0
48614,500.0
48615,500.0
48616,500.0
48617,500.0
48618,500.0
48619,500.0
48620,500.0
48621,500.0
48622,500.0
48623,500.0
48624,500.0
48625,500.0
48626,500.0
48627,500.0
48628,500.0
48629,500.0
48630,500.0
48631,500.0
48632,500.0
48633,500.0
48634,500.0
48635,500.0
48636,500.0
48637,500.0
48638,500.0
48639,500.0
48640,500.0
48641,500.0
48642,500.0
48643,500.0
48644,500.0
48645,500.0
48646,500.0
48647,500.0
48648,500.0
48649,500.0
48650,500.0
48651,500.0
48652,500.0
48653,500.0
48654,500.0
48655,500.0
48656,500.0
48657,500.0
48658,500.0
48659,500.0
48660,500.0
48661,500.0
48662,500.0
48663,500.0
48664,500.0
48665,500.0
48666,500.0
48667,500.0
48668,500.0
48669,500.0
48670,500.0
48671,500.0
48672,500.0
48673,500.0
48674,500.0
48675,500.0
48676,500.0
48677,500.0
48678,500.0
48679,500.0
48680,500.0
48681,500.0
48682,500.0
48683,500.0
48684,500.0
48685,500.0
48686,500.0
48687,500.0
48688,500.0
48689,500.0
48690,500.0
48691,500.0
48692,500.0
48693,500.0
48694,500.0
48695,500.0
48696,500.0
48697,500.0
48698,500.0
48699,500.0
48700,500.0
48701,500.0
48702,500.0
48703,500.0
48704,500.0
48705,500.0
48706,500.0
48707,500.0
48708,500.0
48709,500.0
48710,500.0
48711,500.0
48712,500.0
48713,500.0
48714,500.0
48715,500.0
48716,500.0
48717,500.0
48718,500.0
48719,500.0
48720,500.0
48721,500.0
48722,500.0
48723,500.0
48724,500.0
48725,500.0
48726,500.0
48727,500.0
48728,500.0
48729,500.0
48730,500.0
48731,500.0
48732,500.0
48733,500.0
48734,500.0
48735,500.0
48736,500.0
48737,500.0
48738,500.0
48739,500.0
48740,500.0
48741,500.0
48742,500.0
48743,500.0
48744,500.0
48745,500.0
48746,500.0
48747,500.0
48748,500.0
48749,500.0
48750,500.0
48751,500.0
48752,500.0
48753,500.0
48754,500.0
48755,500.0
48756,500.0
48757,500.0
48758,500.0
48759,500.0
48760,500.0
48761,500.0
48762,500.0
48763,500.0
48764,500.0
48765,500.0
48766,500.0
48767,500.0
48768,500.0
48769,500.0
48770,500.0
48771,500.0
48772,500.0
48773,500.0
48774,500.0
48775,500.0
48776,500.0
48777,500.0
48778,500.0
48779,500.0
48780,500.0
48781,500.0
48782,500.0
48783,500.0
48784,500.0
48785,500.0
48786,500.0
48787,500.0
48788,500.0
48789,500.0
48790,500.0
48791,500.0
48792,500.0
48793,500.0
48794,500.0
48795,500.0
48796,500.0
48797,500.0
48798,500.0
48799,500.0
48800,500.0
48801,500.0
48802,500.0
48803,500.0
48804,500.0
48805,500.0
48806,500.0
48807,500.0
48808,500.0
48809,500.0
48810,500.0
48811,500.0
48812,500.0
48813,500.0
48814,500.0
48815,500.0
48816,500.0
48817,500.0
48818,500.0
48819,500.0
48820,500.0
48821,500.0
48822,500.0
48823,500.0
48824,500.0
48825,500.0
48826,500.0
48827,500.0
48828,500.0
48829,500.0
48830,500.0
48831,500.0
48832,500.0
48833,500.0
48834,500.0
48835,500.0
48836,500.0
48837,500.0
48838,500.0
48839,500.0
48840,500.0
48841,500.0
48842,500.0
48843,500.0
48844,500.0
48845,500.0
48846,500.0
48847,500.0
48848,500.0
48849,500.0
48850,500.0
48851,500.0
48852,500.0
48853,500.0
48854,500.0
48855,500.0
48856,500.0
48857,500.0
48858,500.0
48859,500.0
48860,500.0
48861,500.0
48862,500.0
48863,500.0
48864,500.0
48865,500.0
48866,500.0
48867,500.0
48868,500.0
48869,500.0
48870,500.0
48871,500.0
48872,500.0
48873,500.0
48874,500.0
48875,500.0
48876,500.0
48877,500.0
48878,500.0
48879,500.0
48880,500.0
48881,500.0
48882,500.0
48883,500.0
48884,500.0
48885,500.0
48886,500.0
48887,500.0
48888,500.0
48889,500.0
48890,500.0
48891,500.0
48892,500.0
48893,500.0
48894,500.0
48895,500.0
48896,500.0
48897,500.0
48898,500.0
48899,500.0
48900,500.0
48901,500.0
48902,500.0
48903,500.0
48904,500.0
48905,500.0
48906,500.0
48907,500.0
48908,500.0
48909,500.0
48910,500.0
48911,500.0
48912,500.0
48913,500.0
48914,500.0
48915,500.0
48916,500.0
48917,500.0
48918,500.0
48919,500.0
48920,500.0
48921,500.0
48922,500.0
48923,500.0
48924,500.0
48925,500.0
48926,500.0
48927,500.0
48928,500.0
48929,500.0
48930,500.0
48931,500.0
48932,500.0
48933,500.0
48934,500.0
48935,500.0
48936,500.0
48937,500.0
48938,500.0
48939,500.0
48940,500.0
48941,500.0
48942,500.0
48943,500.0
48944,500.0
48945,500.0
48946,500.0
48947,500.0
48948,500.0
48949,500.0
48950,500.0
48951,500.0
48952,500.0
48953,500.0
48954,500.0
48955,500.0
48956,500.0
48957,500.0
48958,500.0
48959,500.0
48960,500.0
48961,500.0
48962,500.0
48963,500.0
48964,500.0
48965,500.0
48966,500.0
48967,500.0
48968,500.0
48969,500.0
48970,500.0
48971,500.0
48972,500.0
48973,500.0
48974,500.0
48975,500.0
48976,500.0
48977,500.0
48978,500.0
48979,500.0
48980,500.0
48981,500.0
48982,500.0
48983,500.0
48984,500.0
48985,500.0
48986,500.0
48987,500.0
48988,500.0
48989,500.0
48990,500.0
48991,500.0
48992,500.0
48993,500.0
48994,500.0
48995,500.0
48996,500.0
48997,500.0
48998,500.0
48999,500.0
49000,500.0
49001,500.0
49002,500.0
49003,500.0
49004,500.0
49005,500.0
49006,500.0
49007,500.0
49008,500.0
49009,500.0
49010,500.0
49011,500.0
49012,500.0
49013,500.0
49014,500.0
49015,500.0
49016,500.0
49017,500.0
49018,500.0
49019,500.0
49020,500.0
49021,500.0
49022,500.0
49023,500.0
49024,500.0
49025,500.0
49026,500.0
49027,500.0
49028,500.0
49029,500.0
49030,500.0
49031,500.0
49032,500.0
49033,500.0
49034,500.0
49035,500.0
49036,500.0
49037,500.0
49038,500.0
49039,500.0
49040,500.0
49041,500.0
49042,500.0
49043,500.0
49044,500.0
49045,500.0
49046,500.0
49047,500.0
49048,500.0
49049,500.0
49050,500.0
49051,500.0
49052,500.0
49053,500.0
49054,500.0
49055,500.0
49056,500.0
49057,500.0
49058,500.0
49059,500.0
49060,500.0
49061,500.0
49062,500.0
49063,500.0
49064,500.0
49065,500.0
49066,500.0
49067,500.0
49068,500.0
49069,500.0
49070,500.0
49071,500.0
49072,500.0
49073,500.0
49074,500.0
49075,500.0
49076,500.0
49077,500.0
49078,500.0
49079,500.0
49080,500.0
49081,500.0
49082,500.0
49083,500.0
49084,500.0
49085,500.0
49086,500.0
49087,500.0
49088,500.0
49089,500.0
49090,500.0
49091,500.0
49092,500.0
49093,500.0
49094,500.0
49095,500.0
49096,500.0
49097,500.0
49098,500.0
49099,500.0
49100,500.0
49101,500.0
49102,500.0
49103,500.0
49104,500.0
49105,500.0
49106,500.0
49107,500.0
49108,500.0
49109,500.0
49110,500.0
49111,500.0
49112,500.0
49113,500.0
49114,500.0
49115,500.0
49116,500.0
49117,500.0
49118,500.0
49119,500.0
49120,500.0
49121,500.0
49122,500.0
49123,500.0
49124,500.0
49125,500.0
49126,500.0
49127,500.0
49128,500.0
49129,500.0
49130,500.0
49131,500.0
49132,500.0
49133,500.0
49134,500.0
49135,500.0
49136,500.0
49137,500.0
49138,500.0
49139,500.0
49140,500.0
49141,500.0
49142,500.0
49143,500.0
49144,500.0
49145,500.0
49146,500.0
49147,500.0
49148,500.0
49149,500.0
49150,500.0
49151,500.0
49152,500.0
49153,500.0
49154,500.0
49155,500.0
49156,500.0
49157,500.0
49158,500.0
49159,500.0
49160,500.0
49161,500.0
49162,500.0
49163,500.0
49164,500.0
49165,500.0
49166,500.0
49167,500.0
49168,500.0
49169,500.0
49170,500.0
49171,500.0
49172,500.0
49173,500.0
49174,500.0
49175,500.0
49176,500.0
49177,500.0
49178,500.0
49179,500.0
49180,500.0
49181,500.0
49182,500.0
49183,500.0
49184,500.0
49185,500.0
49186,500.0
49187,500.0
49188,500.0
49189,500.0
49190,500.0
49191,500.0
49192,500.0
49193,500.0
49194,500.0
49195,500.0
49196,500.0
49197,500.0
49198,500.0
49199,500.0
49200,500.0
49201,500.0
49202,500.0
49203,500.0
49204,500.0
49205,500.0
49206,500.0
49207,500.0
49208,500.0
49209,500.0
49210,500.0
49211,500.0
49212,500.0
49213,500.0
49214,500.0
49215,500.0
49216,500.0
49217,500.0
49218,500.0
49219,500.0
49220,500.0
49221,500.0
49222,500.0
49223,500.0
49224,500.0
49225,500.0
49226,500.0
49227,500.0
49228,500.0
49229,500.0
49230,500.0
49231,500.0
49232,500.0
49233,500.0
49234,500.0
49235,500.0
49236,500.0
49237,500.0
49238,500.0
49239,500.0
49240,500.0
49241,500.0
49242,500.0
49243,500.0
49244,500.0
49245,500.0
49246,500.0
49247,500.0
49248,500.0
49249,500.0
49250,500.0
49251,500.0
49252,500.0
49253,500.0
49254,500.0
49255,500.0
49256,500.0
49257,500.0
49258,500.0
49259,500.0
49260,500.0
49261,500.0
49262,500.0
49263,500.0
49264,500.0
49265,500.0
49266,500.0
49267,500.0
49268,500.0
49269,500.0
49270,500.0
49271,500.0
49272,500.0
49273,500.0
49274,500.0
49275,500.0
49276,500.0
49277,500.0
49278,500.0
49279,500.0
49280,500.0
49281,500.0
49282,500.0
49283,500.0
49284,500.0
49285,500.0
49286,500.0
49287,500.0
49288,500.0
49289,500.0
49290,500.0
49291,500.0
49292,500.0
49293,500.0
49294,500.0
49295,500.0
49296,500.0
49297,500.0
49298,500.0
49299,500.0
49300,500.0
49301,500.0
49302,500.0
49303,500.0
49304,500.0
49305,500.0
49306,500.0
49307,500.0
49308,500.0
49309,500.0
49310,500.0
49311,500.0
49312,500.0
49313,500.0
49314,500.0
49315,500.0
49316,500.0
49317,500.0
49318,500.0
49319,500.0
49320,500.0
49321,500.0
49322,500.0
49323,500.0
49324,500.0
49325,500.0
49326,500.0
49327,500.0
49328,500.0
49329,500.0
49330,500.0
49331,500.0
49332,500.0
49333,500.0
49334,500.0
49335,500.0
49336,500.0
49337,500.0
49338,500.0
49339,500.0
49340,500.0
49341,500.0
49342,500.0
49343,500.0
49344,500.0
49345,500.0
49346,500.0
49347,500.0
49348,500.0
49349,500.0
49350,500.0
49351,500.0
49352,500.0
49353,500.0
49354,500.0
49355,500.0
49356,500.0
49357,500.0
49358,500.0
49359,500.0
49360,500.0
49361,500.0
49362,500.0
49363,500.0
49364,500.0
49365,500.0
49366,500.0
49367,500.0
49368,500.0
49369,500.0
49370,500.0
49371,500.0
49372,500.0
49373,500.0
49374,500.0
49375,500.0
49376,500.0
49377,500.0
49378,500.0
49379,500.0
49380,500.0
49381,500.0
49382,500.0
49383,500.0
49384,500.0
49385,500.0
49386,500.0
49387,500.0
49388,500.0
49389,500.0
49390,500.0
49391,500.0
49392,500.0
49393,500.0
49394,500.0
49395,500.0
49396,500.0
49397,500.0
49398,500.0
49399,500.0
49400,500.0
49401,500.0
49402,500.0
49403,500.0
49404,500.0
49405,500.0
49406,500.0
49407,500.0
49408,500.0
49409,500.0
49410,500.0
49411,500.0
49412,500.0
49413,500.0
49414,500.0
49415,500.0
49416,500.0
49417,500.0
49418,500.0
49419,500.0
49420,500.0
49421,500.0
49422,500.0
49423,500.0
49424,500.0
49425,500.0
49426,500.0
49427,500.0
49428,500.0
49429,500.0
49430,500.0
49431,500.0
49432,500.0
49433,500.0
49434,500.0
49435,500.0
49436,500.0
49437,500.0
49438,500.0
49439,500.0
49440,500.0
49441,500.0
49442,500.0
49443,500.0
49444,500.0
49445,500.0
49446,500.0
49447,500.0
49448,500.0
49449,500.0
49450,500.0
49451,500.0
49452,500.0
49453,500.0
49454,500.0
49455,500.0
49456,500.0
49457,500.0
49458,500.0
49459,500.0
49460,500.0
49461,500.0
49462,500.0
49463,500.0
49464,500.0
49465,500.0
49466,500.0
49467,500.0
49468,500.0
49469,500.0
49470,500.0
49471,500.0
49472,500.0
49473,500.0
49474,500.0
49475,500.0
49476,500.0
49477,500.0
49478,500.0
49479,500.0
49480,500.0
49481,500.0
49482,500.0
49483,500.0
49484,500.0
49485,500.0
49486,500.0
49487,500.0
49488,500.0
49489,500.0
49490,500.0
49491,500.0
49492,500.0
49493,500.0
49494,500.0
49495,500.0
49496,500.0
49497,500.0
49498,500.0
49499,500.0
49500,500.0
49501,500.0
49502,500.0
49503,500.0
49504,500.0
49505,500.0
49506,500.0
49507,500.0
49508,500.0
49509,500.0
49510,500.0
49511,500.0
49512,500.0
49513,500.0
49514,500.0
49515,500.0
49516,500.0
49517,500.0
49518,500.0
49519,500.0
49520,500.0
49521,500.0
49522,500.0
49523,500.0
49524,500.0
49525,500.0
49526,500.0
49527,500.0
49528,500.0
49529,500.0
49530,500.0
49531,500.0
49532,500.0
49533,500.0
49534,500.0
49535,500.0
49536,500.0
49537,500.0
49538,500.0
49539,500.0
49540,500.0
49541,500.0
49542,500.0
49543,500.0
49544,500.0
49545,500.0
49546,500.0
49547,500.0
49548,500.0
49549,500.0
49550,500.0
49551,500.0
49552,500.0
49553,500.0
49554,500.0
49555,500.0
49556,500.0
49557,500.0
49558,500.0
49559,500.0
49560,500.0
49561,500.0
49562,500.0
49563,500.0
49564,500.0
49565,500.0
49566,500.0
49567,500.0
49568,500.0
49569,500.0
49570,500.0
49571,500.0
49572,500.0
49573,500.0
49574,500.0
49575,500.0
49576,500.0
49577,500.0
49578,500.0
49579,500.0
49580,500.0
49581,500.0
49582,500.0
49583,500.0
49584,500.0
49585,500.0
49586,500.0
49587,500.0
49588,500.0
49589,500.0
49590,500.0
49591,500.0
49592,500.0
49593,500.0
49594,500.0
49595,500.0
49596,500.0
49597,500.0
49598,500.0
49599,500.0
49600,500.0
49601,500.0
49602,500.0
49603,500.0
49604,500.0
49605,500.0
49606,500.0
49607,500.0
49608,500.0
49609,500.0
49610,500.0
49611,500.0
49612,500.0
49613,500.0
49614,500.0
49615,500.0
49616,500.0
49617,500.0
49618,500.0
49619,500.0
49620,500.0
49621,500.0
49622,500.0
49623,500.0
49624,500.0
49625,500.0
49626,500.0
49627,500.0
49628,500.0
49629,500.0
49630,500.0
49631,500.0
49632,500.0
49633,500.0
49634,500.0
49635,500.0
49636,500.0
49637,500.0
49638,500.0
49639,500.0
49640,500.0
49641,500.0
49642,500.0
49643,500.0
49644,500.0
49645,500.0
49646,500.0
49647,500.0
49648,500.0
49649,500.0
49650,500.0
49651,500.0
49652,500.0
49653,500.0
49654,500.0
49655,500.0
49656,500.0
49657,500.0
49658,500.0
49659,500.0
49660,500.0
49661,500.0
49662,500.0
49663,500.0
49664,500.0
49665,500.0
49666,500.0
49667,500.0
49668,500.0
49669,500.0
49670,500.0
49671,500.0
49672,500.0
49673,500.0
49674,500.0
49675,500.0
49676,500.0
49677,500.0
49678,500.0
49679,500.0
49680,500.0
49681,500.0
49682,500.0
49683,500.0
49684,500.0
49685,500.0
49686,500.0
49687,500.0
49688,500.0
49689,500.0
49690,500.0
49691,500.0
49692,500.0
49693,500.0
49694,500.0
49695,500.0
49696,500.0
49697,500.0
49698,500.0
49699,500.0
49700,500.0
49701,500.0
49702,500.0
49703,500.0
49704,500.0
49705,500.0
49706,500.0
49707,500.0
49708,500.0
49709,500.0
49710,500.0
49711,500.0
49712,500.0
49713,500.0
49714,500.0
49715,500.0
49716,500.0
49717,500.0
49718,500.0
49719,500.0
49720,500.0
49721,500.0
49722,500.0
49723,500.0
49724,500.0
49725,500.0
49726,500.0
49727,500.0
49728,500.0
49729,500.0
49730,500.0
49731,500.0
49732,500.0
49733,500.0
49734,500.0
49735,500.0
49736,500.0
49737,500.0
49738,500.0
49739,500.0
49740,500.0
49741,500.0
49742,500.0
49743,500.0
49744,500.0
49745,500.0
49746,500.0
49747,500.0
49748,500.0
49749,500.0
49750,500.0
49751,500.0
49752,500.0
49753,500.0
49754,500.0
49755,500.0
49756,500.0
49757,500.0
49758,500.0
49759,500.0
49760,500.0
49761,500.0
49762,500.0
49763,500.0
49764,500.0
49765,500.0
49766,500.0
49767,500.0
49768,500.0
49769,500.0
49770,500.0
49771,500.0
49772,500.0
49773,500.0
49774,500.0
49775,500.0
49776,500.0
49777,500.0
49778,500.0
49779,500.0
49780,500.0
49781,500.0
49782,500.0
49783,500.0
49784,500.0
49785,500.0
49786,500.0
49787,500.0
49788,500.0
49789,500.0
49790,500.0
49791,500.0
49792,500.0
49793,500.0
49794,500.0
49795,500.0
49796,500.0
49797,500.0
49798,500.0
49799,500.0
49800,500.0
49801,500.0
49802,500.0
49803,500.0
49804,500.0
49805,500.0
49806,500.0
49807,500.0
49808,500.0
49809,500.0
49810,500.0
49811,500.0
49812,500.0
49813,500.0
49814,500.0
49815,500.0
49816,500.0
49817,500.0
49818,500.0
49819,500.0
49820,500.0
49821,500.0
49822,500.0
49823,500.0
49824,500.0
49825,500.0
49826,500.0
49827,500.0
49828,500.0
49829,500.0
49830,500.0
49831,500.0
49832,500.0
49833,500.0
49834,500.0
49835,500.0
49836,500.0
49837,500.0
49838,500.0
49839,500.0
49840,500.0
49841,500.0
49842,500.0
49843,500.0
49844,500.0
49845,500.0
49846,500.0
49847,500.0
49848,500.0
49849,500.0
49850,500.0
49851,500.0
49852,500.0
49853,500.0
49854,500.0
49855,500.0
49856,500.0
49857,500.0
49858,500.0
49859,500.0
49860,500.0
49861,500.0
49862,500.0
49863,500.0
49864,500.0
49865,500.0
49866,500.0
49867,500.0
49868,500.0
49869,500.0
49870,500.0
49871,500.0
49872,500.0
49873,500.0
49874,500.0
49875,500.0
49876,500.0
49877,500.0
49878,500.0
49879,500.0
49880,500.0
49881,500.0
49882,500.0
49883,500.0
49884,500.0
49885,500.0
49886,500.0
49887,500.0
49888,500.0
49889,500.0
49890,500.0
49891,500.0
49892,500.0
49893,500.0
49894,500.0
49895,500.0
49896,500.0
49897,500.0
49898,500.0
49899,500.0
49900,500.0
49901,500.0
49902,500.0
49903,500.0
49904,500.0
49905,500.0
49906,500.0
49907,500.0
49908,500.0
49909,500.0
49910,500.0
49911,500.0
49912,500.0
49913,500.0
49914,500.0
49915,500.0
49916,500.0
49917,500.0
49918,500.0
49919,500.0
49920,500.0
49921,500.0
49922,500.0
49923,500.0
49924,500.0
49925,500.0
49926,500.0
49927,500.0
49928,500.0
49929,500.0
49930,500.0
49931,500.0
49932,500.0
49933,500.0
49934,500.0
49935,500.0
49936,500.0
49937,500.0
49938,500.0
49939,500.0
49940,500.0
49941,500.0
49942,500.0
49943,500.0
49944,500.0
49945,500.0
49946,500.0
49947,500.0
49948,500.0
49949,500.0
49950,500.0
49951,500.0
49952,500.0
49953,500.0
49954,500.0
49955,500.0
49956,500.0
49957,500.0
49958,500.0
49959,500.0
49960,500.0
49961,500.0
49962,500.0
49963,500.0
49964,500.0
49965,500.0
49966,500.0
49967,500.0
49968,500.0
49969,500.0
49970,500.0
49971,500.0
49972,500.0
49973,500.0
49974,500.0
49975,500.0
49976,500.0
49977,500.0
49978,500.0
49979,500.0
49980,500.0
49981,500.0
49982,500.0
49983,500.0
49984,500.0
49985,500.0
49986,500.0
49987,500.0
49988,500.0
49989,500.0
49990,500.0
49991,500.0
49992,500.0
49993,500.0
49994,500.0
49995,500.0
49996,500.0
49997,500.0
49998,500.0
49999,500.0
50000,500.0
50001,500.0
50002,500.0
50003,500.0
50004,500.0
50005,500.0
50006,500.0
50007,500.0
50008,500.0
50009,500.0
50010,500.0
50011,500.0
50012,500.0
50013,500.0
50014,500.0
50015,500.0
50016,500.0
50017,500.0
50018,500.0
50019,500.0
50020,500.0
50021,500.0
50022,500.0
50023,500.0
50024,500.0
50025,500.0
50026,500.0
50027,500.0
50028,500.0
50029,500.0
50030,500.0
50031,500.0
50032,500.0
50033,500.0
50034,500.0
50035,500.0
50036,500.0
50037,500.0
50038,500.0
50039,500.0
50040,500.0
50041,500.0
50042,500.0
50043,500.0
50044,500.0
50045,500.0
50046,500.0
50047,500.0
50048,500.0
50049,500.0
50050,500.0
50051,500.0
50052,500.0
50053,500.0
50054,500.0
50055,500.0
50056,500.0
50057,500.0
50058,500.0
50059,500.0
50060,500.0
50061,500.0
50062,500.0
50063,500.0
50064,500.0
50065,500.0
50066,500.0
50067,500.0
50068,500.0
50069,500.0
50070,500.0
50071,500.0
50072,500.0
50073,500.0
50074,500.0
50075,500.0
50076,500.0
50077,500.0
50078,500.0
50079,500.0
50080,500.0
50081,500.0
50082,500.0
50083,500.0
50084,500.0
50085,500.0
50086,500.0
50087,500.0
50088,500.0
50089,500.0
50090,500.0
50091,500.0
50092,500.0
50093,500.0
50094,500.0
50095,500.0
50096,500.0
50097,500.0
50098,500.0
50099,500.0
50100,500.0
50101,500.0
50102,500.0
50103,500.0
50104,500.0
50105,500.0
50106,500.0
50107,500.0
50108,500.0
50109,500.0
50110,500.0
50111,500.0
50112,500.0
50113,500.0
50114,500.0
50115,500.0
50116,500.0
50117,500.0
50118,500.0
50119,500.0
50120,500.0
50121,500.0
50122,500.0
50123,500.0
50124,500.0
50125,500.0
50126,500.0
50127,500.0
50128,500.0
50129,500.0
50130,500.0
50131,500.0
50132,500.0
50133,500.0
50134,500.0
50135,500.0
50136,500.0
50137,500.0
50138,500.0
50139,500.0
50140,500.0
50141,500.0
50142,500.0
50143,500.0
50144,500.0
50145,500.0
50146,500.0
50147,500.0
50148,500.0
50149,500.0
50150,500.0
50151,500.0
50152,500.0
50153,500.0
50154,500.0
50155,500.0
50156,500.0
50157,500.0
50158,500.0
50159,500.0
50160,500.0
50161,500.0
50162,500.0
50163,500.0
50164,500.0
50165,500.0
50166,500.0
50167,500.0
50168,500.0
50169,500.0
50170,500.0
50171,500.0
50172,500.0
50173,500.0
50174,500.0
50175,500.0
50176,500.0
50177,500.0
50178,500.0
50179,500.0
50180,500.0
50181,500.0
50182,500.0
50183,500.0
50184,500.0
50185,500.0
50186,500.0
50187,500.0
50188,500.0
50189,500.0
50190,500.0
50191,500.0
50192,500.0
50193,500.0
50194,500.0
50195,500.0
50196,500.0
50197,500.0
50198,500.0
50199,500.0
50200,500.0
50201,500.0
50202,500.0
50203,500.0
50204,500.0
50205,500.0
50206,500.0
50207,500.0
50208,500.0
50209,500.0
50210,500.0
50211,500.0
50212,500.0
50213,500.0
50214,500.0
50215,500.0
50216,500.0
50217,500.0
50218,500.0
50219,500.0
50220,500.0
50221,500.0
50222,500.0
50223,500.0
50224,500.0
50225,500.0
50226,500.0
50227,500.0
50228,500.0
50229,500.0
50230,500.0
50231,500.0
50232,500.0
50233,500.0
50234,500.0
50235,500.0
50236,500.0
50237,500.0
50238,500.0
50239,500.0
50240,500.0
50241,500.0
50242,500.0
50243,500.0
50244,500.0
50245,500.0
50246,500.0
50247,500.0
50248,500.0
50249,500.0
50250,500.0
50251,500.0
50252,500.0
50253,500.0
50254,500.0
50255,500.0
50256,500.0
50257,500.0
50258,500.0
50259,500.0
50260,500.0
50261,500.0
50262,500.0
50263,500.0
50264,500.0
50265,500.0
50266,500.0
50267,500.0
50268,500.0
50269,500.0
50270,500.0
50271,500.0
50272,500.0
50273,500.0
50274,500.0
50275,500.0
50276,500.0
50277,500.0
50278,500.0
50279,500.0
50280,500.0
50281,500.0
50282,500.0
50283,500.0
50284,500.0
50285,500.0
50286,500.0
50287,500.0
50288,500.0
50289,500.0
50290,500.0
50291,500.0
50292,500.0
50293,500.0
50294,500.0
50295,500.0
50296,500.0
50297,500.0
50298,500.0
50299,500.0
50300,500.0
50301,500.0
50302,500.0
50303,500.0
50304,500.0
50305,500.0
50306,500.0
50307,500.0
50308,500.0
50309,500.0
50310,500.0
50311,500.0
50312,500.0
50313,500.0
50314,500.0
50315,500.0
50316,500.0
50317,500.0
50318,500.0
50319,500.0
50320,500.0
50321,500.0
50322,500.0
50323,500.0
50324,500.0
50325,500.0
50326,500.0
50327,500.0
50328,500.0
50329,500.0
50330,500.0
50331,500.0
50332,500.0
50333,500.0
50334,500.0
50335,500.0
50336,500.0
50337,500.0
50338,500.0
50339,500.0
50340,500.0
50341,500.0
50342,500.0
50343,500.0
50344,500.0
50345,500.0
50346,500.0
50347,500.0
50348,500.0
50349,500.0
50350,500.0
50351,500.0
50352,500.0
50353,500.0
50354,500.0
50355,500.0
50356,500.0
50357,500.0
50358,500.0
50359,500.0
50360,500.0
50361,500.0
50362,500.0
50363,500.0
50364,500.0
50365,500.0
50366,500.0
50367,500.0
50368,500.0
50369,500.0
50370,500.0
50371,500.0
50372,500.0
50373,500.0
50374,500.0
50375,500.0
50376,500.0
50377,500.0
50378,500.0
50379,500.0
50380,500.0
50381,500.0
50382,500.0
50383,500.0
50384,500.0
50385,500.0
50386,500.0
50387,500.0
50388,500.0
50389,500.0
50390,500.0
50391,500.0
50392,500.0
50393,500.0
50394,500.0
50395,500.0
50396,500.0
50397,500.0
50398,500.0
50399,500.0
50400,500.0
50401,500.0
50402,500.0
50403,500.0
50404,500.0
50405,500.0
50406,500.0
50407,500.0
50408,500.0
50409,500.0
50410,500.0
50411,500.0
50412,500.0
50413,500.0
50414,500.0
50415,500.0
50416,500.0
50417,500.0
50418,500.0
50419,500.0
50420,500.0
50421,500.0
50422,500.0
50423,500.0
50424,500.0
50425,500.0
50426,500.0
50427,500.0
50428,500.0
50429,500.0
50430,500.0
50431,500.0
50432,500.0
50433,500.0
50434,500.0
50435,500.0
50436,500.0
50437,500.0
50438,500.0
50439,500.0
50440,500.0
50441,500.0
50442,500.0
50443,500.0
50444,500.0
50445,500.0
50446,500.0
50447,500.0
50448,500.0
50449,500.0
50450,500.0
50451,500.0
50452,500.0
50453,500.0
50454,500.0
50455,500.0
50456,500.0
50457,500.0
50458,500.0
50459,500.0
50460,500.0
50461,500.0
50462,500.0
50463,500.0
50464,500.0
50465,500.0
50466,500.0
50467,500.0
50468,500.0
50469,500.0
50470,500.0
50471,500.0
50472,500.0
50473,500.0
50474,500.0
50475,500.0
50476,500.0
50477,500.0
50478,500.0
50479,500.0
50480,500.0
50481,500.0
50482,500.0
50483,500.0
50484,500.0
50485,500.0
50486,500.0
50487,500.0
50488,500.0
50489,500.0
50490,500.0
50491,500.0
50492,500.0
50493,500.0
50494,500.0
50495,500.0
50496,500.0
50497,500.0
50498,500.0
50499,500.0
50500,500.0
50501,500.0
50502,500.0
50503,500.0
50504,500.0
50505,500.0
50506,500.0
50507,500.0
50508,500.0
50509,500.0
50510,500.0
50511,500.0
50512,500.0
50513,500.0
50514,500.0
50515,500.0
50516,500.0
50517,500.0
50518,500.0
50519,500.0
50520,500.0
50521,500.0
50522,500.0
50523,500.0
50524,500.0
50525,500.0
50526,500.0
50527,500.0
50528,500.0
50529,500.0
50530,500.0
50531,500.0
50532,500.0
50533,500.0
50534,500.0
50535,500.0
50536,500.0
50537,500.0
50538,500.0
50539,500.0
50540,500.0
50541,500.0
50542,500.0
50543,500.0
50544,500.0
50545,500.0
50546,500.0
50547,500.0
50548,500.0
50549,500.0
50550,500.0
50551,500.0
50552,500.0
50553,500.0
50554,500.0
50555,500.0
50556,500.0
50557,500.0
50558,500.0
50559,500.0
50560,500.0
50561,500.0
50562,500.0
50563,500.0
50564,500.0
50565,500.0
50566,500.0
50567,500.0
50568,500.0
50569,500.0
50570,500.0
50571,500.0
50572,500.0
50573,500.0
50574,500.0
50575,500.0
50576,500.0
50577,500.0
50578,500.0
50579,500.0
50580,500.0
50581,500.0
50582,500.0
50583,500.0
50584,500.0
50585,500.0
50586,500.0
50587,500.0
50588,500.0
50589,500.0
50590,500.0
50591,500.0
50592,500.0
50593,500.0
50594,500.0
50595,500.0
50596,500.0
50597,500.0
50598,500.0
50599,500.0
50600,500.0
50601,500.0
50602,500.0
50603,500.0
50604,500.0
50605,500.0
50606,500.0
50607,500.0
50608,500.0
50609,500.0
50610,500.0
50611,500.0
50612,500.0
50613,500.0
50614,500.0
50615,500.0
50616,500.0
50617,500.0
50618,500.0
50619,500.0
50620,500.0
50621,500.0
50622,500.0
50623,500.0
50624,500.0
50625,500.0
50626,500.0
50627,500.0
50628,500.0
50629,500.0
50630,500.0
50631,500.0
50632,500.0
50633,500.0
50634,500.0
50635,500.0
50636,500.0
50637,500.0
50638,500.0
50639,500.0
50640,500.0
50641,500.0
50642,500.0
50643,500.0
50644,500.0
50645,500.0
50646,500.0
50647,500.0
50648,500.0
50649,500.0
50650,500.0
50651,500.0
50652,500.0
50653,500.0
50654,500.0
50655,500.0
50656,500.0
50657,500.0
50658,500.0
50659,500.0
50660,500.0
50661,500.0
50662,500.0
50663,500.0
50664,500.0
50665,500.0
50666,500.0
50667,500.0
50668,500.0
50669,500.0
50670,500.0
50671,500.0
50672,500.0
50673,500.0
50674,500.0
50675,500.0
50676,500.0
50677,500.0
50678,500.0
50679,500.0
50680,500.0
50681,500.0
50682,500.0
50683,500.0
50684,500.0
50685,500.0
50686,500.0
50687,500.0
50688,500.0
50689,500.0
50690,500.0
50691,500.0
50692,500.0
50693,500.0
50694,500.0
50695,500.0
50696,500.0
50697,500.0
50698,500.0
50699,500.0
50700,500.0
50701,500.0
50702,500.0
50703,500.0
50704,500.0
50705,500.0
50706,500.0
50707,500.0
50708,500.0
50709,500.0
50710,500.0
50711,500.0
50712,500.0
50713,500.0
50714,500.0
50715,500.0
50716,500.0
50717,500.0
50718,500.0
50719,500.0
50720,500.0
50721,500.0
50722,500.0
50723,500.0
50724,500.0
50725,500.0
50726,500.0
50727,500.0
50728,500.0
50729,500.0
50730,500.0
50731,500.0
50732,500.0
50733,500.0
50734,500.0
50735,500.0
50736,500.0
50737,500.0
50738,500.0
50739,500.0
50740,500.0
50741,500.0
50742,500.0
50743,500.0
50744,500.0
50745,500.0
50746,500.0
50747,500.0
50748,500.0
50749,500.0
50750,500.0
50751,500.0
50752,500.0
50753,500.0
50754,500.0
50755,500.0
50756,500.0
50757,500.0
50758,500.0
50759,500.0
50760,500.0
50761,500.0
50762,500.0
50763,500.0
50764,500.0
50765,500.0
50766,500.0
50767,500.0
50768,500.0
50769,500.0
50770,500.0
50771,500.0
50772,500.0
50773,500.0
50774,500.0
50775,500.0
50776,500.0
50777,500.0
50778,500.0
50779,500.0
50780,500.0
50781,500.0
50782,500.0
50783,500.0
50784,500.0
50785,500.0
50786,500.0
50787,500.0
50788,500.0
50789,500.0
50790,500.0
50791,500.0
50792,500.0
50793,500.0
50794,500.0
50795,500.0
50796,500.0
50797,500.0
50798,500.0
50799,500.0
50800,500.0
50801,500.0
50802,500.0
50803,500.0
50804,500.0
50805,500.0
50806,500.0
50807,500.0
50808,500.0
50809,500.0
50810,500.0
50811,500.0
50812,500.0
50813,500.0
50814,500.0
50815,500.0
50816,500.0
50817,500.0
50818,500.0
50819,500.0
50820,500.0
50821,500.0
50822,500.0
50823,500.0
50824,500.0
50825,500.0
50826,500.0
50827,500.0
50828,500.0
50829,500.0
50830,500.0
50831,500.0
50832,500.0
50833,500.0
50834,500.0
50835,500.0
50836,500.0
50837,500.0
50838,500.0
50839,500.0
50840,500.0
50841,500.0
50842,500.0
50843,500.0
50844,500.0
50845,500.0
50846,500.0
50847,500.0
50848,500.0
50849,500.0
50850,500.0
50851,500.0
50852,500.0
50853,500.0
50854,500.0
50855,500.0
50856,500.0
50857,500.0
50858,500.0
50859,500.0
50860,500.0
50861,500.0
50862,500.0
50863,500.0
50864,500.0
50865,500.0
50866,500.0
50867,500.0
50868,500.0
50869,500.0
50870,500.0
50871,500.0
50872,500.0
50873,500.0
50874,500.0
50875,500.0
50876,500.0
50877,500.0
50878,500.0
50879,500.0
50880,500.0
50881,500.0
50882,500.0
50883,500.0
50884,500.0
50885,500.0
50886,500.0
50887,500.0
50888,500.0
50889,500.0
50890,500.0
50891,500.0
50892,500.0
50893,500.0
50894,500.0
50895,500.0
50896,500.0
50897,500.0
50898,500.0
50899,500.0
50900,500.0
50901,500.0
50902,500.0
50903,500.0
50904,500.0
50905,500.0
50906,500.0
50907,500.0
50908,500.0
50909,500.0
50910,500.0
50911,500.0
50912,500.0
50913,500.0
50914,500.0
50915,500.0
50916,500.0
50917,500.0
50918,500.0
50919,500.0
50920,500.0
50921,500.0
50922,500.0
50923,500.0
50924,500.0
50925,500.0
50926,500.0
50927,500.0
50928,500.0
50929,500.0
50930,500.0
50931,500.0
50932,500.0
50933,500.0
50934,500.0
50935,500.0
50936,500.0
50937,500.0
50938,500.0
50939,500.0
50940,500.0
50941,500.0
50942,500.0
50943,500.0
50944,500.0
50945,500.0
50946,500.0
50947,500.0
50948,500.0
50949,500.0
50950,500.0
50951,500.0
50952,500.0
50953,500.0
50954,500.0
50955,500.0
50956,500.0
50957,500.0
50958,500.0
50959,500.0
50960,500.0
50961,500.0
50962,500.0
50963,500.0
50964,500.0
50965,500.0
50966,500.0
50967,500.0
50968,500.0
50969,500.0
50970,500.0
50971,500.0
50972,500.0
50973,500.0
50974,500.0
50975,500.0
50976,500.0
50977,500.0
50978,500.0
50979,500.0
50980,500.0
50981,500.0
50982,500.0
50983,500.0
50984,500.0
50985,500.0
50986,500.0
50987,500.0
50988,500.0
50989,500.0
50990,500.0
50991,500.0
50992,500.0
50993,500.0
50994,500.0
50995,500.0
50996,500.0
50997,500.0
50998,500.0
50999,500.0
51000,500.0
51001,500.0
51002,500.0
51003,500.0
51004,500.0
51005,500.0
51006,500.0
51007,500.0
51008,500.0
51009,500.0
51010,500.0
51011,500.0
51012,500.0
51013,500.0
51014,500.0
51015,500.0
51016,500.0
51017,500.0
51018,500.0
51019,500.0
51020,500.0
51021,500.0
51022,500.0
51023,500.0
51024,500.0
51025,500.0
51026,500.0
51027,500.0
51028,500.0
51029,500.0
51030,500.0
51031,500.0
51032,500.0
51033,500.0
51034,500.0
51035,500.0
51036,500.0
51037,500.0
51038,500.0
51039,500.0
51040,500.0
51041,500.0
51042,500.0
51043,500.0
51044,500.0
51045,500.0
51046,500.0
51047,500.0
51048,500.0
51049,500.0
51050,500.0
51051,500.0
51052,500.0
51053,500.0
51054,500.0
51055,500.0
51056,500.0
51057,500.0
51058,500.0
51059,500.0
51060,500.0
51061,500.0
51062,500.0
51063,500.0
51064,500.0
51065,500.0
51066,500.0
51067,500.0
51068,500.0
51069,500.0
51070,500.0
51071,500.0
51072,500.0
51073,500.0
51074,500.0
51075,500.0
51076,500.0
51077,500.0
51078,500.0
51079,500.0
51080,500.0
51081,500.0
51082,500.0
51083,500.0
51084,500.0
51085,500.0
51086,500.0
51087,500.0
51088,500.0
51089,500.0
51090,500.0
51091,500.0
51092,500.0
51093,500.0
51094,500.0
51095,500.0
51096,500.0
51097,500.0
51098,500.0
51099,500.0
51100,500.0
51101,500.0
51102,500.0
51103,500.0
51104,500.0
51105,500.0
51106,500.0
51107,500.0
51108,500.0
51109,500.0
51110,500.0
51111,500.0
51112,500.0
51113,500.0
51114,500.0
51115,500.0
51116,500.0
51117,500.0
51118,500.0
51119,500.0
51120,500.0
51121,500.0
51122,500.0
51123,500.0
51124,500.0
51125,500.0
51126,500.0
51127,500.0
51128,500.0
51129,500.0
51130,500.0
51131,500.0
51132,500.0
51133,500.0
51134,500.0
51135,500.0
51136,500.0
51137,500.0
51138,500.0
51139,500.0
51140,500.0
51141,500.0
51142,500.0
51143,500.0
51144,500.0
51145,500.0
51146,500.0
51147,500.0
51148,500.0
51149,500.0
51150,500.0
51151,500.0
51152,500.0
51153,500.0
51154,500.0
51155,500.0
51156,500.0
51157,500.0
51158,500.0
51159,500.0
51160,500.0
51161,500.0
51162,500.0
51163,500.0
51164,500.0
51165,500.0
51166,500.0
51167,500.0
51168,500.0
51169,500.0
51170,500.0
51171,500.0
51172,500.0
51173,500.0
51174,500.0
51175,500.0
51176,500.0
51177,500.0
51178,500.0
51179,500.0
51180,500.0
51181,500.0
51182,500.0
51183,500.0
51184,500.0
51185,500.0
51186,500.0
51187,500.0
51188,500.0
51189,500.0
51190,500.0
51191,500.0
51192,500.0
51193,500.0
51194,500.0
51195,500.0
51196,500.0
51197,500.0
51198,500.0
51199,500.0
51200,500.0
